"../../../Engine/Content/EditorResources/S_Actor.ubulk" 0
"../../../Engine/Content/EditorResources/S_Actor.uasset" 1
"../../../Engine/Content/EditorResources/S_Actor.uexp" 2
"../../../Engine/Content/EditorResources/S_BoxReflectionCapture.uasset" 3
"../../../Engine/Content/EditorResources/S_BoxReflectionCapture.uexp" 4
"../../../Engine/Content/EngineResources/DefaultTexture.ubulk" 5
"../../../Engine/Content/EngineResources/DefaultTexture.uasset" 6
"../../../Engine/Content/EngineResources/DefaultTexture.uexp" 7
"../../../Engine/Content/EngineResources/DefaultTextureCube.uasset" 8
"../../../Engine/Content/EngineResources/DefaultTextureCube.uexp" 9
"../../../Engine/Content/EngineResources/DefaultVolumeTexture2D.uasset" 10
"../../../Engine/Content/EngineResources/DefaultVolumeTexture2D.uexp" 11
"../../../Engine/Content/EngineResources/DefaultVolumeTexture.uasset" 12
"../../../Engine/Content/EngineResources/DefaultVolumeTexture.uexp" 13
"../../../Engine/Content/EditorResources/S_Trigger.ubulk" 14
"../../../Engine/Content/EditorResources/S_Trigger.uasset" 15
"../../../Engine/Content/EditorResources/S_Trigger.uexp" 16
"../../../Engine/Content/EditorResources/S_TriggerBox.uasset" 17
"../../../Engine/Content/EditorResources/S_TriggerBox.uexp" 18
"../../../Engine/Content/EditorResources/S_TriggerCapsule.uasset" 19
"../../../Engine/Content/EditorResources/S_TriggerCapsule.uexp" 20
"../../../Engine/Content/EditorResources/S_TriggerSphere.uasset" 21
"../../../Engine/Content/EditorResources/S_TriggerSphere.uexp" 22
"../../../Engine/Content/EngineMeshes/Sphere.ubulk" 23
"../../../Engine/Content/EngineMeshes/Sphere.uasset" 24
"../../../Engine/Content/EngineMeshes/Sphere.uexp" 25
"../../../Engine/Content/EngineResources/GradientTexture0.uasset" 26
"../../../Engine/Content/EngineResources/GradientTexture0.uexp" 27
"../../../Engine/Content/EngineResources/Black.uasset" 28
"../../../Engine/Content/EngineResources/Black.uexp" 29
"../../../Engine/Content/VREditor/LaserPointer/VR_LaserPower_01.ubulk" 30
"../../../Engine/Content/VREditor/LaserPointer/VR_LaserPower_01.uasset" 31
"../../../Engine/Content/VREditor/LaserPointer/VR_LaserPower_01.uexp" 32
"../../../Engine/Content/VREditor/TransformGizmo/TransformGizmoMaterial.uasset" 33
"../../../Engine/Content/VREditor/TransformGizmo/TransformGizmoMaterial.uexp" 34
"../../../Engine/Content/VREditor/TransformGizmo/TranslucentTransformGizmoMaterial.uasset" 35
"../../../Engine/Content/VREditor/TransformGizmo/TranslucentTransformGizmoMaterial.uexp" 36
"../../../Engine/Content/VREditor/TransformGizmo/BoundingBoxCorner.ubulk" 37
"../../../Engine/Content/VREditor/TransformGizmo/BoundingBoxCorner.uasset" 38
"../../../Engine/Content/VREditor/TransformGizmo/BoundingBoxCorner.uexp" 39
"../../../Engine/Content/VREditor/TransformGizmo/BoundingBoxEdge.ubulk" 40
"../../../Engine/Content/VREditor/TransformGizmo/BoundingBoxEdge.uasset" 41
"../../../Engine/Content/VREditor/TransformGizmo/BoundingBoxEdge.uexp" 42
"../../../Engine/Content/VREditor/TransformGizmo/Main.uasset" 43
"../../../Engine/Content/VREditor/TransformGizmo/Main.uexp" 44
"../../../Engine/Content/VREditor/TransformGizmo/Xray.uasset" 45
"../../../Engine/Content/VREditor/TransformGizmo/Xray.uexp" 46
"../../../Engine/Content/VREditor/TransformGizmo/SM_Sequencer_Node.ubulk" 47
"../../../Engine/Content/VREditor/TransformGizmo/SM_Sequencer_Node.uasset" 48
"../../../Engine/Content/VREditor/TransformGizmo/SM_Sequencer_Node.uexp" 49
"../../../Engine/Content/EditorResources/S_Solver.ubulk" 50
"../../../Engine/Content/EditorResources/S_Solver.uasset" 51
"../../../Engine/Content/EditorResources/S_Solver.uexp" 52
"../../../Engine/Content/EditorMaterials/Camera/CineMat.uasset" 53
"../../../Engine/Content/EditorMaterials/Camera/CineMat.uexp" 54
"../../../Engine/Content/EditorMaterials/Camera/MI_CineMat_Rig.uasset" 55
"../../../Engine/Content/EditorMaterials/Camera/MI_CineMat_Rig.uexp" 56
"../../../Engine/Content/EditorMeshes/Camera/SM_CraneRig_Base.ubulk" 57
"../../../Engine/Content/EditorMeshes/Camera/SM_CraneRig_Base.uasset" 58
"../../../Engine/Content/EditorMeshes/Camera/SM_CraneRig_Base.uexp" 59
"../../../Engine/Content/EditorMeshes/Camera/SM_CraneRig_Arm.ubulk" 60
"../../../Engine/Content/EditorMeshes/Camera/SM_CraneRig_Arm.uasset" 61
"../../../Engine/Content/EditorMeshes/Camera/SM_CraneRig_Arm.uexp" 62
"../../../Engine/Content/EditorMeshes/Camera/SM_CraneRig_Mount.ubulk" 63
"../../../Engine/Content/EditorMeshes/Camera/SM_CraneRig_Mount.uasset" 64
"../../../Engine/Content/EditorMeshes/Camera/SM_CraneRig_Mount.uexp" 65
"../../../Engine/Content/EditorMeshes/Camera/SM_CraneRig_Body.ubulk" 66
"../../../Engine/Content/EditorMeshes/Camera/SM_CraneRig_Body.uasset" 67
"../../../Engine/Content/EditorMeshes/Camera/SM_CraneRig_Body.uexp" 68
"../../../Engine/Content/EditorMeshes/Camera/SM_RailRig_Track.ubulk" 69
"../../../Engine/Content/EditorMeshes/Camera/SM_RailRig_Track.uasset" 70
"../../../Engine/Content/EditorMeshes/Camera/SM_RailRig_Track.uexp" 71
"../../../Engine/Content/EditorMeshes/Camera/SM_RailRig_Mount.ubulk" 72
"../../../Engine/Content/EditorMeshes/Camera/SM_RailRig_Mount.uasset" 73
"../../../Engine/Content/EditorMeshes/Camera/SM_RailRig_Mount.uexp" 74
"../../../Engine/Content/EngineMaterials/T_Default_Material_Grid_M.ubulk" 75
"../../../Engine/Content/EngineMaterials/T_Default_Material_Grid_M.uasset" 76
"../../../Engine/Content/EngineMaterials/T_Default_Material_Grid_M.uexp" 77
"../../../Engine/Content/EngineMaterials/T_Default_Material_Grid_N.ubulk" 78
"../../../Engine/Content/EngineMaterials/T_Default_Material_Grid_N.uasset" 79
"../../../Engine/Content/EngineMaterials/T_Default_Material_Grid_N.uexp" 80
"../../../Engine/Content/Functions/Engine_MaterialFunctions01/Opacity/CameraDepthFade.uasset" 81
"../../../Engine/Content/Functions/Engine_MaterialFunctions01/Opacity/CameraDepthFade.uexp" 82
"../../../Engine/Content/EngineMaterials/WorldGridMaterial.uasset" 83
"../../../Engine/Content/EngineMaterials/WorldGridMaterial.uexp" 84
"../../../Engine/Content/ArtTools/RenderToTexture/Meshes/S_1_Unit_Plane.ubulk" 85
"../../../Engine/Content/ArtTools/RenderToTexture/Meshes/S_1_Unit_Plane.uasset" 86
"../../../Engine/Content/ArtTools/RenderToTexture/Meshes/S_1_Unit_Plane.uexp" 87
"../../../Engine/Content/EditorMaterials/ParticleSystems/PSysThumbnail_NoImage.ubulk" 88
"../../../Engine/Content/EditorMaterials/ParticleSystems/PSysThumbnail_NoImage.uasset" 89
"../../../Engine/Content/EditorMaterials/ParticleSystems/PSysThumbnail_NoImage.uexp" 90
"../../../Engine/Content/EditorMaterials/ParticleSystems/PSysThumbnail_OOD.ubulk" 91
"../../../Engine/Content/EditorMaterials/ParticleSystems/PSysThumbnail_OOD.uasset" 92
"../../../Engine/Content/EditorMaterials/ParticleSystems/PSysThumbnail_OOD.uexp" 93
"../../../Engine/Content/EditorLandscapeResources/SplineEditorMeshMat.uasset" 94
"../../../Engine/Content/EditorLandscapeResources/SplineEditorMeshMat.uexp" 95
"../../../Engine/Content/EditorLandscapeResources/SplineEditorMesh.ubulk" 96
"../../../Engine/Content/EditorLandscapeResources/SplineEditorMesh.uasset" 97
"../../../Engine/Content/EditorLandscapeResources/SplineEditorMesh.uexp" 98
"../../../Engine/Plugins/Media/MediaPlate/Content/SM_MediaPlateScreen.ubulk" 99
"../../../Engine/Plugins/Media/MediaPlate/Content/SM_MediaPlateScreen.uasset" 100
"../../../Engine/Plugins/Media/MediaPlate/Content/SM_MediaPlateScreen.uexp" 101
"../../../Engine/Content/EngineMaterials/DefaultBokeh.uasset" 102
"../../../Engine/Content/EngineMaterials/DefaultBokeh.uexp" 103
"../../../Engine/Content/EngineMaterials/MiniFont.uasset" 104
"../../../Engine/Content/EngineMaterials/MiniFont.uexp" 105
"../../../Engine/Content/EngineMaterials/WeightMapPlaceholderTexture.uasset" 106
"../../../Engine/Content/EngineMaterials/WeightMapPlaceholderTexture.uexp" 107
"../../../Engine/Content/EngineMaterials/WeightMapArrayPlaceholderTexture.uasset" 108
"../../../Engine/Content/EngineMaterials/WeightMapArrayPlaceholderTexture.uexp" 109
"../../../Engine/Content/EngineMaterials/DefaultWhiteGrid.ubulk" 110
"../../../Engine/Content/EngineMaterials/DefaultWhiteGrid.uasset" 111
"../../../Engine/Content/EngineMaterials/DefaultWhiteGrid.uexp" 112
"../../../Engine/Content/EngineMaterials/PreintegratedSkinBRDF.uasset" 113
"../../../Engine/Content/EngineMaterials/PreintegratedSkinBRDF.uexp" 114
"../../../Engine/Plugins/2D/Paper2D/Content/PlaceholderTextures/DummySpriteTexture.ubulk" 115
"../../../Engine/Plugins/2D/Paper2D/Content/PlaceholderTextures/DummySpriteTexture.uasset" 116
"../../../Engine/Plugins/2D/Paper2D/Content/PlaceholderTextures/DummySpriteTexture.uexp" 117
"E:/Unreal Projects/Catender02/Content/Materials/DefaultSpriteParallaxMaterial.uasset" 118
"E:/Unreal Projects/Catender02/Content/Materials/DefaultSpriteParallaxMaterial.uexp" 119
"E:/Unreal Projects/Catender02/Content/Materials/MI_TranslucentParallax.uasset" 120
"E:/Unreal Projects/Catender02/Content/Materials/MI_TranslucentParallax.uexp" 121
"E:/Unreal Projects/Catender02/Content/SFX/Ambience/Fairy_Forest_Loop_A.ubulk" 122
"E:/Unreal Projects/Catender02/Content/SFX/Ambience/Fairy_Forest_Loop_A.uasset" 123
"E:/Unreal Projects/Catender02/Content/SFX/Ambience/Fairy_Forest_Loop_A.uexp" 124
"E:/Unreal Projects/Catender02/Content/SFX/Ambience/Fairy_Forest_Loop_A_Cue.uasset" 125
"E:/Unreal Projects/Catender02/Content/SFX/Ambience/Fairy_Forest_Loop_A_Cue.uexp" 126
"E:/Unreal Projects/Catender02/Content/Blueprints/Curve_Daylight.uasset" 127
"E:/Unreal Projects/Catender02/Content/Blueprints/Curve_Daylight.uexp" 128
"E:/Unreal Projects/Catender02/Content/Blueprints/Interfaces/GameInstance/BPINT_MusicPlayer.uasset" 129
"E:/Unreal Projects/Catender02/Content/Blueprints/Interfaces/GameInstance/BPINT_MusicPlayer.uexp" 130
"E:/Unreal Projects/Catender02/Content/Blueprints/GameInstance/GI_Catender.uasset" 131
"E:/Unreal Projects/Catender02/Content/Blueprints/GameInstance/GI_Catender.uexp" 132
"E:/Unreal Projects/Catender02/Content/SFX/Music/Ambient_Vol5_Prismatic_Main.ubulk" 133
"E:/Unreal Projects/Catender02/Content/SFX/Music/Ambient_Vol5_Prismatic_Main.uasset" 134
"E:/Unreal Projects/Catender02/Content/SFX/Music/Ambient_Vol5_Prismatic_Main.uexp" 135
"E:/Unreal Projects/Catender02/Content/SFX/Music/Ambient_Vol5_Starshine_Main.ubulk" 136
"E:/Unreal Projects/Catender02/Content/SFX/Music/Ambient_Vol5_Starshine_Main.uasset" 137
"E:/Unreal Projects/Catender02/Content/SFX/Music/Ambient_Vol5_Starshine_Main.uexp" 138
"E:/Unreal Projects/Catender02/Content/SFX/Music/Ambient_Vol5_Stained_Glass_Main.ubulk" 139
"E:/Unreal Projects/Catender02/Content/SFX/Music/Ambient_Vol5_Stained_Glass_Main.uasset" 140
"E:/Unreal Projects/Catender02/Content/SFX/Music/Ambient_Vol5_Stained_Glass_Main.uexp" 141
"E:/Unreal Projects/Catender02/Content/SFX/Music/Ambient_Vol5_Above_The_Clouds_Main.ubulk" 142
"E:/Unreal Projects/Catender02/Content/SFX/Music/Ambient_Vol5_Above_The_Clouds_Main.uasset" 143
"E:/Unreal Projects/Catender02/Content/SFX/Music/Ambient_Vol5_Above_The_Clouds_Main.uexp" 144
"E:/Unreal Projects/Catender02/Content/SFX/Music/Ambient_Vol5_Violet_Skies_Main.ubulk" 145
"E:/Unreal Projects/Catender02/Content/SFX/Music/Ambient_Vol5_Violet_Skies_Main.uasset" 146
"E:/Unreal Projects/Catender02/Content/SFX/Music/Ambient_Vol5_Violet_Skies_Main.uexp" 147
"E:/Unreal Projects/Catender02/Content/SFX/Music/Ambient_Vol5_Marble_Falls_Main.ubulk" 148
"E:/Unreal Projects/Catender02/Content/SFX/Music/Ambient_Vol5_Marble_Falls_Main.uasset" 149
"E:/Unreal Projects/Catender02/Content/SFX/Music/Ambient_Vol5_Marble_Falls_Main.uexp" 150
"E:/Unreal Projects/Catender02/Content/SFX/Music/CUE_BackgroundMusic.uasset" 151
"E:/Unreal Projects/Catender02/Content/SFX/Music/CUE_BackgroundMusic.uexp" 152
"E:/Unreal Projects/Catender02/Content/Blueprints/Components/BP_WorldMusicComponent.uasset" 153
"E:/Unreal Projects/Catender02/Content/Blueprints/Components/BP_WorldMusicComponent.uexp" 154
"E:/Unreal Projects/Catender02/Content/SFX/King/Recruit.ubulk" 155
"E:/Unreal Projects/Catender02/Content/SFX/King/Recruit.uasset" 156
"E:/Unreal Projects/Catender02/Content/SFX/King/Recruit.uexp" 157
"E:/Unreal Projects/Catender02/Content/SFX/King/King_Recruit_Cue.uasset" 158
"E:/Unreal Projects/Catender02/Content/SFX/King/King_Recruit_Cue.uexp" 159
"../../../Engine/Plugins/2D/Paper2D/Content/PlaceholderTextures/FlatNormalMap.uasset" 160
"../../../Engine/Plugins/2D/Paper2D/Content/PlaceholderTextures/FlatNormalMap.uexp" 161
"E:/Unreal Projects/Catender02/Content/Materials/DefaultLitSpriteMaterial.uasset" 162
"E:/Unreal Projects/Catender02/Content/Materials/DefaultLitSpriteMaterial.uexp" 163
"E:/Unreal Projects/Catender02/Content/Materials/MI_TranslucentLit.uasset" 164
"E:/Unreal Projects/Catender02/Content/Materials/MI_TranslucentLit.uexp" 165
"E:/Unreal Projects/Catender02/Content/PaperAssets/Character/FriendlyNPC/Kitten/Textures/Sitting_intro_N.uasset" 166
"E:/Unreal Projects/Catender02/Content/PaperAssets/Character/FriendlyNPC/Kitten/Textures/Sitting_intro_N.uexp" 167
"../../../Engine/Plugins/2D/Paper2D/Content/DefaultLitSpriteMaterial.uasset" 168
"../../../Engine/Plugins/2D/Paper2D/Content/DefaultLitSpriteMaterial.uexp" 169
"../../../Engine/Plugins/2D/Paper2D/Content/OpaqueLitSpriteMaterial.uasset" 170
"../../../Engine/Plugins/2D/Paper2D/Content/OpaqueLitSpriteMaterial.uexp" 171
"E:/Unreal Projects/Catender02/Content/PaperAssets/Character/FriendlyNPC/Kitten/Textures/Sitting_intro_D.uasset" 172
"E:/Unreal Projects/Catender02/Content/PaperAssets/Character/FriendlyNPC/Kitten/Textures/Sitting_intro_D.uexp" 173
"E:/Unreal Projects/Catender02/Content/PaperAssets/Character/FriendlyNPC/Kitten/Frames/Sitting_intro_D_Sprite_0.uasset" 174
"E:/Unreal Projects/Catender02/Content/PaperAssets/Character/FriendlyNPC/Kitten/Frames/Sitting_intro_D_Sprite_0.uexp" 175
"E:/Unreal Projects/Catender02/Content/PaperAssets/Character/FriendlyNPC/Kitten/Frames/Sitting_intro_D_Sprite_1.uasset" 176
"E:/Unreal Projects/Catender02/Content/PaperAssets/Character/FriendlyNPC/Kitten/Frames/Sitting_intro_D_Sprite_1.uexp" 177
"E:/Unreal Projects/Catender02/Content/PaperAssets/Character/FriendlyNPC/Kitten/Frames/Sitting_intro_D_Sprite_2.uasset" 178
"E:/Unreal Projects/Catender02/Content/PaperAssets/Character/FriendlyNPC/Kitten/Frames/Sitting_intro_D_Sprite_2.uexp" 179
"E:/Unreal Projects/Catender02/Content/PaperAssets/Character/FriendlyNPC/Kitten/Frames/Sitting_intro_D_Sprite_3.uasset" 180
"E:/Unreal Projects/Catender02/Content/PaperAssets/Character/FriendlyNPC/Kitten/Frames/Sitting_intro_D_Sprite_3.uexp" 181
"E:/Unreal Projects/Catender02/Content/PaperAssets/Character/FriendlyNPC/Kitten/Frames/Sitting_intro_D_Sprite_4.uasset" 182
"E:/Unreal Projects/Catender02/Content/PaperAssets/Character/FriendlyNPC/Kitten/Frames/Sitting_intro_D_Sprite_4.uexp" 183
"E:/Unreal Projects/Catender02/Content/PaperAssets/Character/FriendlyNPC/Kitten/Kitten_Sitting_Intro.uasset" 184
"E:/Unreal Projects/Catender02/Content/PaperAssets/Character/FriendlyNPC/Kitten/Kitten_Sitting_Intro.uexp" 185
"E:/Unreal Projects/Catender02/Content/AI/FriendlyNPC/Worker/BTDecorator_HasNearestConstructionSite.uasset" 186
"E:/Unreal Projects/Catender02/Content/AI/FriendlyNPC/Worker/BTDecorator_HasNearestConstructionSite.uexp" 187
"E:/Unreal Projects/Catender02/Content/AI/FriendlyNPC/BTTask_SetMovementMode.uasset" 188
"E:/Unreal Projects/Catender02/Content/AI/FriendlyNPC/BTTask_SetMovementMode.uexp" 189
"E:/Unreal Projects/Catender02/Content/AI/FriendlyNPC/BTDecorator_IsDay.uasset" 190
"E:/Unreal Projects/Catender02/Content/AI/FriendlyNPC/BTDecorator_IsDay.uexp" 191
"E:/Unreal Projects/Catender02/Content/AI/FriendlyNPC/BTTask_SetWaiting.uasset" 192
"E:/Unreal Projects/Catender02/Content/AI/FriendlyNPC/BTTask_SetWaiting.uexp" 193
"E:/Unreal Projects/Catender02/Content/AI/FriendlyNPC/Worker/BTDecorator_IsWorking.uasset" 194
"E:/Unreal Projects/Catender02/Content/AI/FriendlyNPC/Worker/BTDecorator_IsWorking.uexp" 195
"E:/Unreal Projects/Catender02/Content/AI/FriendlyNPC/BTTask_GetHomeBuilding.uasset" 196
"E:/Unreal Projects/Catender02/Content/AI/FriendlyNPC/BTTask_GetHomeBuilding.uexp" 197
"E:/Unreal Projects/Catender02/Content/AI/FriendlyNPC/BTDecorator_IsWaiting.uasset" 198
"E:/Unreal Projects/Catender02/Content/AI/FriendlyNPC/BTDecorator_IsWaiting.uexp" 199
"E:/Unreal Projects/Catender02/Content/AI/FriendlyNPC/Worker/BB_Worker.uasset" 200
"E:/Unreal Projects/Catender02/Content/AI/FriendlyNPC/Worker/BB_Worker.uexp" 201
"E:/Unreal Projects/Catender02/Content/AI/FriendlyNPC/Worker/BTTask_GetNearestBuilding.uasset" 202
"E:/Unreal Projects/Catender02/Content/AI/FriendlyNPC/Worker/BTTask_GetNearestBuilding.uexp" 203
"E:/Unreal Projects/Catender02/Content/AI/FriendlyNPC/Worker/BT_Worker.uasset" 204
"E:/Unreal Projects/Catender02/Content/AI/FriendlyNPC/Worker/BT_Worker.uexp" 205
"E:/Unreal Projects/Catender02/Content/AI/FriendlyNPC/AIC_FriendlyNPC.uasset" 206
"E:/Unreal Projects/Catender02/Content/AI/FriendlyNPC/AIC_FriendlyNPC.uexp" 207
"E:/Unreal Projects/Catender02/Content/Blueprints/Character/FriendlyNPC/BP_FriendlyNPC.uasset" 208
"E:/Unreal Projects/Catender02/Content/Blueprints/Character/FriendlyNPC/BP_FriendlyNPC.uexp" 209
"E:/Unreal Projects/Catender02/Content/Animation/Character/FriendlyNPC/Kitten/AS_Kitten.uasset" 210
"E:/Unreal Projects/Catender02/Content/Animation/Character/FriendlyNPC/Kitten/AS_Kitten.uexp" 211
"E:/Unreal Projects/Catender02/Content/PaperAssets/Character/FriendlyNPC/Kitten/Textures/Idle_Blink_N.uasset" 212
"E:/Unreal Projects/Catender02/Content/PaperAssets/Character/FriendlyNPC/Kitten/Textures/Idle_Blink_N.uexp" 213
"E:/Unreal Projects/Catender02/Content/PaperAssets/Character/FriendlyNPC/Kitten/Textures/Idle_Blink_D.uasset" 214
"E:/Unreal Projects/Catender02/Content/PaperAssets/Character/FriendlyNPC/Kitten/Textures/Idle_Blink_D.uexp" 215
"E:/Unreal Projects/Catender02/Content/PaperAssets/Character/FriendlyNPC/Kitten/Frames/Idle_Blink_D_Sprite_0.uasset" 216
"E:/Unreal Projects/Catender02/Content/PaperAssets/Character/FriendlyNPC/Kitten/Frames/Idle_Blink_D_Sprite_0.uexp" 217
"E:/Unreal Projects/Catender02/Content/PaperAssets/Character/FriendlyNPC/Kitten/Frames/Idle_Blink_D_Sprite_1.uasset" 218
"E:/Unreal Projects/Catender02/Content/PaperAssets/Character/FriendlyNPC/Kitten/Frames/Idle_Blink_D_Sprite_1.uexp" 219
"E:/Unreal Projects/Catender02/Content/PaperAssets/Character/FriendlyNPC/Kitten/Kitten_Idle1.uasset" 220
"E:/Unreal Projects/Catender02/Content/PaperAssets/Character/FriendlyNPC/Kitten/Kitten_Idle1.uexp" 221
"E:/Unreal Projects/Catender02/Content/Animation/Character/FriendlyNPC/Kitten/AnimSequences/Idle1.uasset" 222
"E:/Unreal Projects/Catender02/Content/Animation/Character/FriendlyNPC/Kitten/AnimSequences/Idle1.uexp" 223
"E:/Unreal Projects/Catender02/Content/Animation/Character/FriendlyNPC/Kitten/AnimSequences/SittingIntro.uasset" 224
"E:/Unreal Projects/Catender02/Content/Animation/Character/FriendlyNPC/Kitten/AnimSequences/SittingIntro.uexp" 225
"E:/Unreal Projects/Catender02/Content/PaperAssets/Character/FriendlyNPC/Kitten/Textures/Idle_Earmoving_N.uasset" 226
"E:/Unreal Projects/Catender02/Content/PaperAssets/Character/FriendlyNPC/Kitten/Textures/Idle_Earmoving_N.uexp" 227
"E:/Unreal Projects/Catender02/Content/PaperAssets/Character/FriendlyNPC/Kitten/Textures/Idle_Earmoving_D.uasset" 228
"E:/Unreal Projects/Catender02/Content/PaperAssets/Character/FriendlyNPC/Kitten/Textures/Idle_Earmoving_D.uexp" 229
"E:/Unreal Projects/Catender02/Content/PaperAssets/Character/FriendlyNPC/Kitten/Frames/Idle_Earmoving_D_Sprite_0.uasset" 230
"E:/Unreal Projects/Catender02/Content/PaperAssets/Character/FriendlyNPC/Kitten/Frames/Idle_Earmoving_D_Sprite_0.uexp" 231
"E:/Unreal Projects/Catender02/Content/PaperAssets/Character/FriendlyNPC/Kitten/Frames/Idle_Earmoving_D_Sprite_1.uasset" 232
"E:/Unreal Projects/Catender02/Content/PaperAssets/Character/FriendlyNPC/Kitten/Frames/Idle_Earmoving_D_Sprite_1.uexp" 233
"E:/Unreal Projects/Catender02/Content/PaperAssets/Character/FriendlyNPC/Kitten/Frames/Idle_Earmoving_D_Sprite_2.uasset" 234
"E:/Unreal Projects/Catender02/Content/PaperAssets/Character/FriendlyNPC/Kitten/Frames/Idle_Earmoving_D_Sprite_2.uexp" 235
"E:/Unreal Projects/Catender02/Content/PaperAssets/Character/FriendlyNPC/Kitten/Frames/Idle_Earmoving_D_Sprite_3.uasset" 236
"E:/Unreal Projects/Catender02/Content/PaperAssets/Character/FriendlyNPC/Kitten/Frames/Idle_Earmoving_D_Sprite_3.uexp" 237
"E:/Unreal Projects/Catender02/Content/PaperAssets/Character/FriendlyNPC/Kitten/Kitten_Idle2.uasset" 238
"E:/Unreal Projects/Catender02/Content/PaperAssets/Character/FriendlyNPC/Kitten/Kitten_Idle2.uexp" 239
"E:/Unreal Projects/Catender02/Content/Animation/Character/FriendlyNPC/Kitten/AnimSequences/Idle2.uasset" 240
"E:/Unreal Projects/Catender02/Content/Animation/Character/FriendlyNPC/Kitten/AnimSequences/Idle2.uexp" 241
"E:/Unreal Projects/Catender02/Content/PaperAssets/Character/FriendlyNPC/Kitten/Textures/Walking_N.uasset" 242
"E:/Unreal Projects/Catender02/Content/PaperAssets/Character/FriendlyNPC/Kitten/Textures/Walking_N.uexp" 243
"E:/Unreal Projects/Catender02/Content/PaperAssets/Character/FriendlyNPC/Kitten/Textures/Walking_D.uasset" 244
"E:/Unreal Projects/Catender02/Content/PaperAssets/Character/FriendlyNPC/Kitten/Textures/Walking_D.uexp" 245
"E:/Unreal Projects/Catender02/Content/PaperAssets/Character/FriendlyNPC/Kitten/Frames/Walking_D_Sprite_0.uasset" 246
"E:/Unreal Projects/Catender02/Content/PaperAssets/Character/FriendlyNPC/Kitten/Frames/Walking_D_Sprite_0.uexp" 247
"E:/Unreal Projects/Catender02/Content/PaperAssets/Character/FriendlyNPC/Kitten/Frames/Walking_D_Sprite_1.uasset" 248
"E:/Unreal Projects/Catender02/Content/PaperAssets/Character/FriendlyNPC/Kitten/Frames/Walking_D_Sprite_1.uexp" 249
"E:/Unreal Projects/Catender02/Content/PaperAssets/Character/FriendlyNPC/Kitten/Frames/Walking_D_Sprite_2.uasset" 250
"E:/Unreal Projects/Catender02/Content/PaperAssets/Character/FriendlyNPC/Kitten/Frames/Walking_D_Sprite_2.uexp" 251
"E:/Unreal Projects/Catender02/Content/PaperAssets/Character/FriendlyNPC/Kitten/Frames/Walking_D_Sprite_3.uasset" 252
"E:/Unreal Projects/Catender02/Content/PaperAssets/Character/FriendlyNPC/Kitten/Frames/Walking_D_Sprite_3.uexp" 253
"E:/Unreal Projects/Catender02/Content/PaperAssets/Character/FriendlyNPC/Kitten/Frames/Walking_D_Sprite_4.uasset" 254
"E:/Unreal Projects/Catender02/Content/PaperAssets/Character/FriendlyNPC/Kitten/Frames/Walking_D_Sprite_4.uexp" 255
"E:/Unreal Projects/Catender02/Content/PaperAssets/Character/FriendlyNPC/Kitten/Frames/Walking_D_Sprite_5.uasset" 256
"E:/Unreal Projects/Catender02/Content/PaperAssets/Character/FriendlyNPC/Kitten/Frames/Walking_D_Sprite_5.uexp" 257
"E:/Unreal Projects/Catender02/Content/PaperAssets/Character/FriendlyNPC/Kitten/Frames/Walking_D_Sprite_6.uasset" 258
"E:/Unreal Projects/Catender02/Content/PaperAssets/Character/FriendlyNPC/Kitten/Frames/Walking_D_Sprite_6.uexp" 259
"E:/Unreal Projects/Catender02/Content/PaperAssets/Character/FriendlyNPC/Kitten/Frames/Walking_D_Sprite_7.uasset" 260
"E:/Unreal Projects/Catender02/Content/PaperAssets/Character/FriendlyNPC/Kitten/Frames/Walking_D_Sprite_7.uexp" 261
"E:/Unreal Projects/Catender02/Content/PaperAssets/Character/FriendlyNPC/Kitten/Kitten_Walking.uasset" 262
"E:/Unreal Projects/Catender02/Content/PaperAssets/Character/FriendlyNPC/Kitten/Kitten_Walking.uexp" 263
"E:/Unreal Projects/Catender02/Content/Animation/Character/FriendlyNPC/Kitten/AnimSequences/Walking.uasset" 264
"E:/Unreal Projects/Catender02/Content/Animation/Character/FriendlyNPC/Kitten/AnimSequences/Walking.uexp" 265
"E:/Unreal Projects/Catender02/Content/Animation/Character/FriendlyNPC/Kitten/ABP_Kitten.uasset" 266
"E:/Unreal Projects/Catender02/Content/Animation/Character/FriendlyNPC/Kitten/ABP_Kitten.uexp" 267
"E:/Unreal Projects/Catender02/Content/Blueprints/Character/FriendlyNPC/Kitten/BP_Kitten.uasset" 268
"E:/Unreal Projects/Catender02/Content/Blueprints/Character/FriendlyNPC/Kitten/BP_Kitten.uexp" 269
"E:/Unreal Projects/Catender02/Content/PaperAssets/Character/FriendlyNPC/Farmer/Textures/MEOWTAR_THE_BLUE.uasset" 270
"E:/Unreal Projects/Catender02/Content/PaperAssets/Character/FriendlyNPC/Farmer/Textures/MEOWTAR_THE_BLUE.uexp" 271
"E:/Unreal Projects/Catender02/Content/PaperAssets/Character/FriendlyNPC/Farmer/Textures/MEOWTAR_THE_BLUE_Normal.uasset" 272
"E:/Unreal Projects/Catender02/Content/PaperAssets/Character/FriendlyNPC/Farmer/Textures/MEOWTAR_THE_BLUE_Normal.uexp" 273
"E:/Unreal Projects/Catender02/Content/PaperAssets/Character/FriendlyNPC/Farmer/Frames/MEOWTAR_THE_BLUE__Idle_2_aseprite.uasset" 274
"E:/Unreal Projects/Catender02/Content/PaperAssets/Character/FriendlyNPC/Farmer/Frames/MEOWTAR_THE_BLUE__Idle_2_aseprite.uexp" 275
"E:/Unreal Projects/Catender02/Content/PaperAssets/Character/FriendlyNPC/Farmer/Frames/MEOWTAR_THE_BLUE__Idle_1_aseprite.uasset" 276
"E:/Unreal Projects/Catender02/Content/PaperAssets/Character/FriendlyNPC/Farmer/Frames/MEOWTAR_THE_BLUE__Idle_1_aseprite.uexp" 277
"E:/Unreal Projects/Catender02/Content/PaperAssets/Character/FriendlyNPC/Farmer/Frames/MEOWTAR_THE_BLUE__Idle_5_aseprite.uasset" 278
"E:/Unreal Projects/Catender02/Content/PaperAssets/Character/FriendlyNPC/Farmer/Frames/MEOWTAR_THE_BLUE__Idle_5_aseprite.uexp" 279
"E:/Unreal Projects/Catender02/Content/PaperAssets/Character/FriendlyNPC/Farmer/Frames/MEOWTAR_THE_BLUE__Idle_0_aseprite.uasset" 280
"E:/Unreal Projects/Catender02/Content/PaperAssets/Character/FriendlyNPC/Farmer/Frames/MEOWTAR_THE_BLUE__Idle_0_aseprite.uexp" 281
"E:/Unreal Projects/Catender02/Content/PaperAssets/Character/FriendlyNPC/Farmer/Frames/MEOWTAR_THE_BLUE__Idle_3_aseprite.uasset" 282
"E:/Unreal Projects/Catender02/Content/PaperAssets/Character/FriendlyNPC/Farmer/Frames/MEOWTAR_THE_BLUE__Idle_3_aseprite.uexp" 283
"E:/Unreal Projects/Catender02/Content/PaperAssets/Character/FriendlyNPC/Farmer/Frames/MEOWTAR_THE_BLUE__Idle_4_aseprite.uasset" 284
"E:/Unreal Projects/Catender02/Content/PaperAssets/Character/FriendlyNPC/Farmer/Frames/MEOWTAR_THE_BLUE__Idle_4_aseprite.uexp" 285
"E:/Unreal Projects/Catender02/Content/PaperAssets/Character/FriendlyNPC/Farmer/MEOWTAR_THE_BLUE__Idle.uasset" 286
"E:/Unreal Projects/Catender02/Content/PaperAssets/Character/FriendlyNPC/Farmer/MEOWTAR_THE_BLUE__Idle.uexp" 287
"E:/Unreal Projects/Catender02/Content/PaperAssets/Character/FriendlyNPC/Farmer/Frames/MEOWTAR_THE_BLUE__Healing_8_aseprite.uasset" 288
"E:/Unreal Projects/Catender02/Content/PaperAssets/Character/FriendlyNPC/Farmer/Frames/MEOWTAR_THE_BLUE__Healing_8_aseprite.uexp" 289
"E:/Unreal Projects/Catender02/Content/PaperAssets/Character/FriendlyNPC/Farmer/Frames/MEOWTAR_THE_BLUE__Healing_3_aseprite.uasset" 290
"E:/Unreal Projects/Catender02/Content/PaperAssets/Character/FriendlyNPC/Farmer/Frames/MEOWTAR_THE_BLUE__Healing_3_aseprite.uexp" 291
"E:/Unreal Projects/Catender02/Content/PaperAssets/Character/FriendlyNPC/Farmer/Frames/MEOWTAR_THE_BLUE__Healing_11_aseprite.uasset" 292
"E:/Unreal Projects/Catender02/Content/PaperAssets/Character/FriendlyNPC/Farmer/Frames/MEOWTAR_THE_BLUE__Healing_11_aseprite.uexp" 293
"E:/Unreal Projects/Catender02/Content/PaperAssets/Character/FriendlyNPC/Farmer/Frames/MEOWTAR_THE_BLUE__Healing_0_aseprite.uasset" 294
"E:/Unreal Projects/Catender02/Content/PaperAssets/Character/FriendlyNPC/Farmer/Frames/MEOWTAR_THE_BLUE__Healing_0_aseprite.uexp" 295
"E:/Unreal Projects/Catender02/Content/PaperAssets/Character/FriendlyNPC/Farmer/Frames/MEOWTAR_THE_BLUE__Healing_5_aseprite.uasset" 296
"E:/Unreal Projects/Catender02/Content/PaperAssets/Character/FriendlyNPC/Farmer/Frames/MEOWTAR_THE_BLUE__Healing_5_aseprite.uexp" 297
"E:/Unreal Projects/Catender02/Content/PaperAssets/Character/FriendlyNPC/Farmer/Frames/MEOWTAR_THE_BLUE__Healing_1_aseprite.uasset" 298
"E:/Unreal Projects/Catender02/Content/PaperAssets/Character/FriendlyNPC/Farmer/Frames/MEOWTAR_THE_BLUE__Healing_1_aseprite.uexp" 299
"E:/Unreal Projects/Catender02/Content/PaperAssets/Character/FriendlyNPC/Farmer/Frames/MEOWTAR_THE_BLUE__Healing_7_aseprite.uasset" 300
"E:/Unreal Projects/Catender02/Content/PaperAssets/Character/FriendlyNPC/Farmer/Frames/MEOWTAR_THE_BLUE__Healing_7_aseprite.uexp" 301
"E:/Unreal Projects/Catender02/Content/PaperAssets/Character/FriendlyNPC/Farmer/Frames/MEOWTAR_THE_BLUE__Healing_10_aseprite.uasset" 302
"E:/Unreal Projects/Catender02/Content/PaperAssets/Character/FriendlyNPC/Farmer/Frames/MEOWTAR_THE_BLUE__Healing_10_aseprite.uexp" 303
"E:/Unreal Projects/Catender02/Content/PaperAssets/Character/FriendlyNPC/Farmer/Frames/MEOWTAR_THE_BLUE__Healing_2_aseprite.uasset" 304
"E:/Unreal Projects/Catender02/Content/PaperAssets/Character/FriendlyNPC/Farmer/Frames/MEOWTAR_THE_BLUE__Healing_2_aseprite.uexp" 305
"E:/Unreal Projects/Catender02/Content/PaperAssets/Character/FriendlyNPC/Farmer/Frames/MEOWTAR_THE_BLUE__Healing_9_aseprite.uasset" 306
"E:/Unreal Projects/Catender02/Content/PaperAssets/Character/FriendlyNPC/Farmer/Frames/MEOWTAR_THE_BLUE__Healing_9_aseprite.uexp" 307
"E:/Unreal Projects/Catender02/Content/PaperAssets/Character/FriendlyNPC/Farmer/Frames/MEOWTAR_THE_BLUE__Healing_4_aseprite.uasset" 308
"E:/Unreal Projects/Catender02/Content/PaperAssets/Character/FriendlyNPC/Farmer/Frames/MEOWTAR_THE_BLUE__Healing_4_aseprite.uexp" 309
"E:/Unreal Projects/Catender02/Content/PaperAssets/Character/FriendlyNPC/Farmer/Frames/MEOWTAR_THE_BLUE__Healing_6_aseprite.uasset" 310
"E:/Unreal Projects/Catender02/Content/PaperAssets/Character/FriendlyNPC/Farmer/Frames/MEOWTAR_THE_BLUE__Healing_6_aseprite.uexp" 311
"E:/Unreal Projects/Catender02/Content/PaperAssets/Character/FriendlyNPC/Farmer/MEOWTAR_THE_BLUE__Healing.uasset" 312
"E:/Unreal Projects/Catender02/Content/PaperAssets/Character/FriendlyNPC/Farmer/MEOWTAR_THE_BLUE__Healing.uexp" 313
"E:/Unreal Projects/Catender02/Content/Animation/Character/FriendlyNPC/Farmer/AS_Farmer.uasset" 314
"E:/Unreal Projects/Catender02/Content/Animation/Character/FriendlyNPC/Farmer/AS_Farmer.uexp" 315
"E:/Unreal Projects/Catender02/Content/Animation/Character/FriendlyNPC/Farmer/AnimSequences/Work.uasset" 316
"E:/Unreal Projects/Catender02/Content/Animation/Character/FriendlyNPC/Farmer/AnimSequences/Work.uexp" 317
"E:/Unreal Projects/Catender02/Content/PaperAssets/Character/FriendlyNPC/Farmer/Frames/MEOWTAR_THE_BLUE__Run_End_0_aseprite.uasset" 318
"E:/Unreal Projects/Catender02/Content/PaperAssets/Character/FriendlyNPC/Farmer/Frames/MEOWTAR_THE_BLUE__Run_End_0_aseprite.uexp" 319
"E:/Unreal Projects/Catender02/Content/PaperAssets/Character/FriendlyNPC/Farmer/Frames/MEOWTAR_THE_BLUE__Run_End_1_aseprite.uasset" 320
"E:/Unreal Projects/Catender02/Content/PaperAssets/Character/FriendlyNPC/Farmer/Frames/MEOWTAR_THE_BLUE__Run_End_1_aseprite.uexp" 321
"E:/Unreal Projects/Catender02/Content/PaperAssets/Character/FriendlyNPC/Farmer/Frames/MEOWTAR_THE_BLUE__Run_End_2_aseprite.uasset" 322
"E:/Unreal Projects/Catender02/Content/PaperAssets/Character/FriendlyNPC/Farmer/Frames/MEOWTAR_THE_BLUE__Run_End_2_aseprite.uexp" 323
"E:/Unreal Projects/Catender02/Content/PaperAssets/Character/FriendlyNPC/Farmer/Frames/MEOWTAR_THE_BLUE__Run_End_3_aseprite.uasset" 324
"E:/Unreal Projects/Catender02/Content/PaperAssets/Character/FriendlyNPC/Farmer/Frames/MEOWTAR_THE_BLUE__Run_End_3_aseprite.uexp" 325
"E:/Unreal Projects/Catender02/Content/PaperAssets/Character/FriendlyNPC/Farmer/MEOWTAR_THE_BLUE__Run_End.uasset" 326
"E:/Unreal Projects/Catender02/Content/PaperAssets/Character/FriendlyNPC/Farmer/MEOWTAR_THE_BLUE__Run_End.uexp" 327
"E:/Unreal Projects/Catender02/Content/Animation/Character/FriendlyNPC/Farmer/AnimSequences/RunEnd.uasset" 328
"E:/Unreal Projects/Catender02/Content/Animation/Character/FriendlyNPC/Farmer/AnimSequences/RunEnd.uexp" 329
"E:/Unreal Projects/Catender02/Content/Animation/Character/FriendlyNPC/Farmer/AnimSequences/Idle.uasset" 330
"E:/Unreal Projects/Catender02/Content/Animation/Character/FriendlyNPC/Farmer/AnimSequences/Idle.uexp" 331
"E:/Unreal Projects/Catender02/Content/PaperAssets/Character/FriendlyNPC/Farmer/Frames/MEOWTAR_THE_BLUE__Run_Loop_1_aseprite.uasset" 332
"E:/Unreal Projects/Catender02/Content/PaperAssets/Character/FriendlyNPC/Farmer/Frames/MEOWTAR_THE_BLUE__Run_Loop_1_aseprite.uexp" 333
"E:/Unreal Projects/Catender02/Content/PaperAssets/Character/FriendlyNPC/Farmer/Frames/MEOWTAR_THE_BLUE__Run_Loop_0_aseprite.uasset" 334
"E:/Unreal Projects/Catender02/Content/PaperAssets/Character/FriendlyNPC/Farmer/Frames/MEOWTAR_THE_BLUE__Run_Loop_0_aseprite.uexp" 335
"E:/Unreal Projects/Catender02/Content/PaperAssets/Character/FriendlyNPC/Farmer/Frames/MEOWTAR_THE_BLUE__Run_Loop_3_aseprite.uasset" 336
"E:/Unreal Projects/Catender02/Content/PaperAssets/Character/FriendlyNPC/Farmer/Frames/MEOWTAR_THE_BLUE__Run_Loop_3_aseprite.uexp" 337
"E:/Unreal Projects/Catender02/Content/PaperAssets/Character/FriendlyNPC/Farmer/Frames/MEOWTAR_THE_BLUE__Run_Loop_2_aseprite.uasset" 338
"E:/Unreal Projects/Catender02/Content/PaperAssets/Character/FriendlyNPC/Farmer/Frames/MEOWTAR_THE_BLUE__Run_Loop_2_aseprite.uexp" 339
"E:/Unreal Projects/Catender02/Content/PaperAssets/Character/FriendlyNPC/Farmer/MEOWTAR_THE_BLUE__Run_Loop.uasset" 340
"E:/Unreal Projects/Catender02/Content/PaperAssets/Character/FriendlyNPC/Farmer/MEOWTAR_THE_BLUE__Run_Loop.uexp" 341
"E:/Unreal Projects/Catender02/Content/Animation/Character/FriendlyNPC/Farmer/AnimSequences/RunLoop.uasset" 342
"E:/Unreal Projects/Catender02/Content/Animation/Character/FriendlyNPC/Farmer/AnimSequences/RunLoop.uexp" 343
"E:/Unreal Projects/Catender02/Content/PaperAssets/Character/FriendlyNPC/Farmer/Frames/MEOWTAR_THE_BLUE__Run_Start_1_aseprite.uasset" 344
"E:/Unreal Projects/Catender02/Content/PaperAssets/Character/FriendlyNPC/Farmer/Frames/MEOWTAR_THE_BLUE__Run_Start_1_aseprite.uexp" 345
"E:/Unreal Projects/Catender02/Content/PaperAssets/Character/FriendlyNPC/Farmer/Frames/MEOWTAR_THE_BLUE__Run_Start_2_aseprite.uasset" 346
"E:/Unreal Projects/Catender02/Content/PaperAssets/Character/FriendlyNPC/Farmer/Frames/MEOWTAR_THE_BLUE__Run_Start_2_aseprite.uexp" 347
"E:/Unreal Projects/Catender02/Content/PaperAssets/Character/FriendlyNPC/Farmer/Frames/MEOWTAR_THE_BLUE__Run_Start_0_aseprite.uasset" 348
"E:/Unreal Projects/Catender02/Content/PaperAssets/Character/FriendlyNPC/Farmer/Frames/MEOWTAR_THE_BLUE__Run_Start_0_aseprite.uexp" 349
"E:/Unreal Projects/Catender02/Content/PaperAssets/Character/FriendlyNPC/Farmer/MEOWTAR_THE_BLUE__Run_Start.uasset" 350
"E:/Unreal Projects/Catender02/Content/PaperAssets/Character/FriendlyNPC/Farmer/MEOWTAR_THE_BLUE__Run_Start.uexp" 351
"E:/Unreal Projects/Catender02/Content/Animation/Character/FriendlyNPC/Farmer/AnimSequences/RunStart.uasset" 352
"E:/Unreal Projects/Catender02/Content/Animation/Character/FriendlyNPC/Farmer/AnimSequences/RunStart.uexp" 353
"E:/Unreal Projects/Catender02/Content/Animation/Character/FriendlyNPC/Farmer/ABP_Farmer.uasset" 354
"E:/Unreal Projects/Catender02/Content/Animation/Character/FriendlyNPC/Farmer/ABP_Farmer.uexp" 355
"E:/Unreal Projects/Catender02/Content/SFX/Farmer/FarmerPurr.ubulk" 356
"E:/Unreal Projects/Catender02/Content/SFX/Farmer/FarmerPurr.uasset" 357
"E:/Unreal Projects/Catender02/Content/SFX/Farmer/FarmerPurr.uexp" 358
"E:/Unreal Projects/Catender02/Content/SFX/Farmer/FarmerPurr_Cue.uasset" 359
"E:/Unreal Projects/Catender02/Content/SFX/Farmer/FarmerPurr_Cue.uexp" 360
"E:/Unreal Projects/Catender02/Content/Blueprints/Character/FriendlyNPC/Farmer/BP_Farmer.uasset" 361
"E:/Unreal Projects/Catender02/Content/Blueprints/Character/FriendlyNPC/Farmer/BP_Farmer.uexp" 362
"E:/Unreal Projects/Catender02/Content/Blueprints/Interfaces/Archer/BPINT_ArcherTarget.uasset" 363
"E:/Unreal Projects/Catender02/Content/Blueprints/Interfaces/Archer/BPINT_ArcherTarget.uexp" 364
"E:/Unreal Projects/Catender02/Content/Animation/Character/FriendlyNPC/Archer/AS_Archer.uasset" 365
"E:/Unreal Projects/Catender02/Content/Animation/Character/FriendlyNPC/Archer/AS_Archer.uexp" 366
"E:/Unreal Projects/Catender02/Content/PaperAssets/Character/FriendlyNPC/Archer/Textures/MEOWOLAS_Normal.uasset" 367
"E:/Unreal Projects/Catender02/Content/PaperAssets/Character/FriendlyNPC/Archer/Textures/MEOWOLAS_Normal.uexp" 368
"E:/Unreal Projects/Catender02/Content/PaperAssets/Character/FriendlyNPC/Archer/Textures/MEOWOLAS.uasset" 369
"E:/Unreal Projects/Catender02/Content/PaperAssets/Character/FriendlyNPC/Archer/Textures/MEOWOLAS.uexp" 370
"E:/Unreal Projects/Catender02/Content/PaperAssets/Character/FriendlyNPC/Archer/Frames/MEOWOLAS__Attack_1_3_aseprite.uasset" 371
"E:/Unreal Projects/Catender02/Content/PaperAssets/Character/FriendlyNPC/Archer/Frames/MEOWOLAS__Attack_1_3_aseprite.uexp" 372
"E:/Unreal Projects/Catender02/Content/PaperAssets/Character/FriendlyNPC/Archer/Frames/MEOWOLAS__Attack_1_0_aseprite.uasset" 373
"E:/Unreal Projects/Catender02/Content/PaperAssets/Character/FriendlyNPC/Archer/Frames/MEOWOLAS__Attack_1_0_aseprite.uexp" 374
"E:/Unreal Projects/Catender02/Content/PaperAssets/Character/FriendlyNPC/Archer/Frames/MEOWOLAS__Attack_1_2_aseprite.uasset" 375
"E:/Unreal Projects/Catender02/Content/PaperAssets/Character/FriendlyNPC/Archer/Frames/MEOWOLAS__Attack_1_2_aseprite.uexp" 376
"E:/Unreal Projects/Catender02/Content/PaperAssets/Character/FriendlyNPC/Archer/Frames/MEOWOLAS__Attack_1_1_aseprite.uasset" 377
"E:/Unreal Projects/Catender02/Content/PaperAssets/Character/FriendlyNPC/Archer/Frames/MEOWOLAS__Attack_1_1_aseprite.uexp" 378
"E:/Unreal Projects/Catender02/Content/PaperAssets/Character/FriendlyNPC/Archer/Frames/MEOWOLAS__Attack_1_4_aseprite.uasset" 379
"E:/Unreal Projects/Catender02/Content/PaperAssets/Character/FriendlyNPC/Archer/Frames/MEOWOLAS__Attack_1_4_aseprite.uexp" 380
"E:/Unreal Projects/Catender02/Content/PaperAssets/Character/FriendlyNPC/Archer/MEOWOLAS__Attack_1.uasset" 381
"E:/Unreal Projects/Catender02/Content/PaperAssets/Character/FriendlyNPC/Archer/MEOWOLAS__Attack_1.uexp" 382
"E:/Unreal Projects/Catender02/Content/Animation/Character/FriendlyNPC/Archer/AnimSequences/Attack.uasset" 383
"E:/Unreal Projects/Catender02/Content/Animation/Character/FriendlyNPC/Archer/AnimSequences/Attack.uexp" 384
"E:/Unreal Projects/Catender02/Content/PaperAssets/Character/FriendlyNPC/Archer/Frames/MEOWOLAS__Idle_1_aseprite.uasset" 385
"E:/Unreal Projects/Catender02/Content/PaperAssets/Character/FriendlyNPC/Archer/Frames/MEOWOLAS__Idle_1_aseprite.uexp" 386
"E:/Unreal Projects/Catender02/Content/PaperAssets/Character/FriendlyNPC/Archer/Frames/MEOWOLAS__Idle_5_aseprite.uasset" 387
"E:/Unreal Projects/Catender02/Content/PaperAssets/Character/FriendlyNPC/Archer/Frames/MEOWOLAS__Idle_5_aseprite.uexp" 388
"E:/Unreal Projects/Catender02/Content/PaperAssets/Character/FriendlyNPC/Archer/Frames/MEOWOLAS__Idle_2_aseprite.uasset" 389
"E:/Unreal Projects/Catender02/Content/PaperAssets/Character/FriendlyNPC/Archer/Frames/MEOWOLAS__Idle_2_aseprite.uexp" 390
"E:/Unreal Projects/Catender02/Content/PaperAssets/Character/FriendlyNPC/Archer/Frames/MEOWOLAS__Idle_3_aseprite.uasset" 391
"E:/Unreal Projects/Catender02/Content/PaperAssets/Character/FriendlyNPC/Archer/Frames/MEOWOLAS__Idle_3_aseprite.uexp" 392
"E:/Unreal Projects/Catender02/Content/PaperAssets/Character/FriendlyNPC/Archer/Frames/MEOWOLAS__Idle_0_aseprite.uasset" 393
"E:/Unreal Projects/Catender02/Content/PaperAssets/Character/FriendlyNPC/Archer/Frames/MEOWOLAS__Idle_0_aseprite.uexp" 394
"E:/Unreal Projects/Catender02/Content/PaperAssets/Character/FriendlyNPC/Archer/Frames/MEOWOLAS__Idle_4_aseprite.uasset" 395
"E:/Unreal Projects/Catender02/Content/PaperAssets/Character/FriendlyNPC/Archer/Frames/MEOWOLAS__Idle_4_aseprite.uexp" 396
"E:/Unreal Projects/Catender02/Content/PaperAssets/Character/FriendlyNPC/Archer/MEOWOLAS__Idle.uasset" 397
"E:/Unreal Projects/Catender02/Content/PaperAssets/Character/FriendlyNPC/Archer/MEOWOLAS__Idle.uexp" 398
"E:/Unreal Projects/Catender02/Content/Animation/Character/FriendlyNPC/Archer/AnimSequences/Idle.uasset" 399
"E:/Unreal Projects/Catender02/Content/Animation/Character/FriendlyNPC/Archer/AnimSequences/Idle.uexp" 400
"E:/Unreal Projects/Catender02/Content/SFX/Footsteps/footstep_gras_03.ubulk" 401
"E:/Unreal Projects/Catender02/Content/SFX/Footsteps/footstep_gras_03.uasset" 402
"E:/Unreal Projects/Catender02/Content/SFX/Footsteps/footstep_gras_03.uexp" 403
"E:/Unreal Projects/Catender02/Content/SFX/Footsteps/footstep_gras_02.ubulk" 404
"E:/Unreal Projects/Catender02/Content/SFX/Footsteps/footstep_gras_02.uasset" 405
"E:/Unreal Projects/Catender02/Content/SFX/Footsteps/footstep_gras_02.uexp" 406
"E:/Unreal Projects/Catender02/Content/SFX/Footsteps/footstep_gras_04.ubulk" 407
"E:/Unreal Projects/Catender02/Content/SFX/Footsteps/footstep_gras_04.uasset" 408
"E:/Unreal Projects/Catender02/Content/SFX/Footsteps/footstep_gras_04.uexp" 409
"E:/Unreal Projects/Catender02/Content/SFX/Footsteps/footstep_gras_01.ubulk" 410
"E:/Unreal Projects/Catender02/Content/SFX/Footsteps/footstep_gras_01.uasset" 411
"E:/Unreal Projects/Catender02/Content/SFX/Footsteps/footstep_gras_01.uexp" 412
"E:/Unreal Projects/Catender02/Content/SFX/King/king_footstep_cue.uasset" 413
"E:/Unreal Projects/Catender02/Content/SFX/King/king_footstep_cue.uexp" 414
"E:/Unreal Projects/Catender02/Content/PaperAssets/Character/FriendlyNPC/Archer/Frames/MEOWOLAS__Run_6_aseprite.uasset" 415
"E:/Unreal Projects/Catender02/Content/PaperAssets/Character/FriendlyNPC/Archer/Frames/MEOWOLAS__Run_6_aseprite.uexp" 416
"E:/Unreal Projects/Catender02/Content/PaperAssets/Character/FriendlyNPC/Archer/Frames/MEOWOLAS__Run_3_aseprite.uasset" 417
"E:/Unreal Projects/Catender02/Content/PaperAssets/Character/FriendlyNPC/Archer/Frames/MEOWOLAS__Run_3_aseprite.uexp" 418
"E:/Unreal Projects/Catender02/Content/PaperAssets/Character/FriendlyNPC/Archer/Frames/MEOWOLAS__Run_2_aseprite.uasset" 419
"E:/Unreal Projects/Catender02/Content/PaperAssets/Character/FriendlyNPC/Archer/Frames/MEOWOLAS__Run_2_aseprite.uexp" 420
"E:/Unreal Projects/Catender02/Content/PaperAssets/Character/FriendlyNPC/Archer/Frames/MEOWOLAS__Run_5_aseprite.uasset" 421
"E:/Unreal Projects/Catender02/Content/PaperAssets/Character/FriendlyNPC/Archer/Frames/MEOWOLAS__Run_5_aseprite.uexp" 422
"E:/Unreal Projects/Catender02/Content/PaperAssets/Character/FriendlyNPC/Archer/Frames/MEOWOLAS__Run_7_aseprite.uasset" 423
"E:/Unreal Projects/Catender02/Content/PaperAssets/Character/FriendlyNPC/Archer/Frames/MEOWOLAS__Run_7_aseprite.uexp" 424
"E:/Unreal Projects/Catender02/Content/PaperAssets/Character/FriendlyNPC/Archer/Frames/MEOWOLAS__Run_0_aseprite.uasset" 425
"E:/Unreal Projects/Catender02/Content/PaperAssets/Character/FriendlyNPC/Archer/Frames/MEOWOLAS__Run_0_aseprite.uexp" 426
"E:/Unreal Projects/Catender02/Content/PaperAssets/Character/FriendlyNPC/Archer/Frames/MEOWOLAS__Run_4_aseprite.uasset" 427
"E:/Unreal Projects/Catender02/Content/PaperAssets/Character/FriendlyNPC/Archer/Frames/MEOWOLAS__Run_4_aseprite.uexp" 428
"E:/Unreal Projects/Catender02/Content/PaperAssets/Character/FriendlyNPC/Archer/Frames/MEOWOLAS__Run_1_aseprite.uasset" 429
"E:/Unreal Projects/Catender02/Content/PaperAssets/Character/FriendlyNPC/Archer/Frames/MEOWOLAS__Run_1_aseprite.uexp" 430
"E:/Unreal Projects/Catender02/Content/PaperAssets/Character/FriendlyNPC/Archer/MEOWOLAS__Run.uasset" 431
"E:/Unreal Projects/Catender02/Content/PaperAssets/Character/FriendlyNPC/Archer/MEOWOLAS__Run.uexp" 432
"E:/Unreal Projects/Catender02/Content/Animation/Character/FriendlyNPC/Archer/AnimSequences/Run.uasset" 433
"E:/Unreal Projects/Catender02/Content/Animation/Character/FriendlyNPC/Archer/AnimSequences/Run.uexp" 434
"E:/Unreal Projects/Catender02/Content/Animation/Character/FriendlyNPC/Archer/ABP_Archer.uasset" 435
"E:/Unreal Projects/Catender02/Content/Animation/Character/FriendlyNPC/Archer/ABP_Archer.uexp" 436
"E:/Unreal Projects/Catender02/Content/PaperAssets/Pickups/Gold/G_Spawn_Normal.uasset" 437
"E:/Unreal Projects/Catender02/Content/PaperAssets/Pickups/Gold/G_Spawn_Normal.uexp" 438
"E:/Unreal Projects/Catender02/Content/PaperAssets/Pickups/Gold/G_Spawn.uasset" 439
"E:/Unreal Projects/Catender02/Content/PaperAssets/Pickups/Gold/G_Spawn.uexp" 440
"E:/Unreal Projects/Catender02/Content/PaperAssets/Pickups/Gold/G_Spawn_Sprite_0.uasset" 441
"E:/Unreal Projects/Catender02/Content/PaperAssets/Pickups/Gold/G_Spawn_Sprite_0.uexp" 442
"../../../Engine/Plugins/2D/Paper2D/Content/DefaultSpriteMaterial.uasset" 443
"../../../Engine/Plugins/2D/Paper2D/Content/DefaultSpriteMaterial.uexp" 444
"../../../Engine/Plugins/2D/Paper2D/Content/TranslucentUnlitSpriteMaterial.uasset" 445
"../../../Engine/Plugins/2D/Paper2D/Content/TranslucentUnlitSpriteMaterial.uexp" 446
"E:/Unreal Projects/Catender02/Content/PaperAssets/Pickups/Gold/G_Spawn_Sprite_1.uasset" 447
"E:/Unreal Projects/Catender02/Content/PaperAssets/Pickups/Gold/G_Spawn_Sprite_1.uexp" 448
"E:/Unreal Projects/Catender02/Content/PaperAssets/Pickups/Gold/G_Spawn_Sprite_2.uasset" 449
"E:/Unreal Projects/Catender02/Content/PaperAssets/Pickups/Gold/G_Spawn_Sprite_2.uexp" 450
"E:/Unreal Projects/Catender02/Content/PaperAssets/Pickups/Gold/G_Spawn_Sprite_3.uasset" 451
"E:/Unreal Projects/Catender02/Content/PaperAssets/Pickups/Gold/G_Spawn_Sprite_3.uexp" 452
"E:/Unreal Projects/Catender02/Content/PaperAssets/Pickups/Gold/G_Spawn_Sprite_4.uasset" 453
"E:/Unreal Projects/Catender02/Content/PaperAssets/Pickups/Gold/G_Spawn_Sprite_4.uexp" 454
"E:/Unreal Projects/Catender02/Content/PaperAssets/Pickups/Gold/G_Spawn_Sprite_5.uasset" 455
"E:/Unreal Projects/Catender02/Content/PaperAssets/Pickups/Gold/G_Spawn_Sprite_5.uexp" 456
"E:/Unreal Projects/Catender02/Content/PaperAssets/Pickups/Gold/G_Spawn_Sprite_6.uasset" 457
"E:/Unreal Projects/Catender02/Content/PaperAssets/Pickups/Gold/G_Spawn_Sprite_6.uexp" 458
"E:/Unreal Projects/Catender02/Content/PaperAssets/Pickups/Gold/G_Spawn1.uasset" 459
"E:/Unreal Projects/Catender02/Content/PaperAssets/Pickups/Gold/G_Spawn1.uexp" 460
"E:/Unreal Projects/Catender02/Content/Blueprints/Pickups/BP_Pickup_BASE.uasset" 461
"E:/Unreal Projects/Catender02/Content/Blueprints/Pickups/BP_Pickup_BASE.uexp" 462
"E:/Unreal Projects/Catender02/Content/Blueprints/Pickups/BP_Gold.uasset" 463
"E:/Unreal Projects/Catender02/Content/Blueprints/Pickups/BP_Gold.uexp" 464
"E:/Unreal Projects/Catender02/Content/SFX/Archer/Releasing_string__Bow__1.ubulk" 465
"E:/Unreal Projects/Catender02/Content/SFX/Archer/Releasing_string__Bow__1.uasset" 466
"E:/Unreal Projects/Catender02/Content/SFX/Archer/Releasing_string__Bow__1.uexp" 467
"E:/Unreal Projects/Catender02/Content/SFX/Archer/Releasing_string__Bow__2.ubulk" 468
"E:/Unreal Projects/Catender02/Content/SFX/Archer/Releasing_string__Bow__2.uasset" 469
"E:/Unreal Projects/Catender02/Content/SFX/Archer/Releasing_string__Bow__2.uexp" 470
"E:/Unreal Projects/Catender02/Content/SFX/Archer/Releasing_string__Bow__3.ubulk" 471
"E:/Unreal Projects/Catender02/Content/SFX/Archer/Releasing_string__Bow__3.uasset" 472
"E:/Unreal Projects/Catender02/Content/SFX/Archer/Releasing_string__Bow__3.uexp" 473
"E:/Unreal Projects/Catender02/Content/SFX/Archer/Releasing_string__Bow__4.ubulk" 474
"E:/Unreal Projects/Catender02/Content/SFX/Archer/Releasing_string__Bow__4.uasset" 475
"E:/Unreal Projects/Catender02/Content/SFX/Archer/Releasing_string__Bow__4.uexp" 476
"E:/Unreal Projects/Catender02/Content/SFX/Archer/Releasing_string__Bow__5.ubulk" 477
"E:/Unreal Projects/Catender02/Content/SFX/Archer/Releasing_string__Bow__5.uasset" 478
"E:/Unreal Projects/Catender02/Content/SFX/Archer/Releasing_string__Bow__5.uexp" 479
"E:/Unreal Projects/Catender02/Content/SFX/Archer/Releasing_string__Bow__6.ubulk" 480
"E:/Unreal Projects/Catender02/Content/SFX/Archer/Releasing_string__Bow__6.uasset" 481
"E:/Unreal Projects/Catender02/Content/SFX/Archer/Releasing_string__Bow__6.uexp" 482
"E:/Unreal Projects/Catender02/Content/SFX/Archer/Releasing_string__Bow__1_Cue.uasset" 483
"E:/Unreal Projects/Catender02/Content/SFX/Archer/Releasing_string__Bow__1_Cue.uexp" 484
"E:/Unreal Projects/Catender02/Content/PaperAssets/Pickups/Meat/M_Spawn.uasset" 485
"E:/Unreal Projects/Catender02/Content/PaperAssets/Pickups/Meat/M_Spawn.uexp" 486
"E:/Unreal Projects/Catender02/Content/PaperAssets/Pickups/Meat/M_Spawn_Sprite_0.uasset" 487
"E:/Unreal Projects/Catender02/Content/PaperAssets/Pickups/Meat/M_Spawn_Sprite_0.uexp" 488
"E:/Unreal Projects/Catender02/Content/PaperAssets/Pickups/Meat/M_Spawn_Normal.uasset" 489
"E:/Unreal Projects/Catender02/Content/PaperAssets/Pickups/Meat/M_Spawn_Normal.uexp" 490
"E:/Unreal Projects/Catender02/Content/PaperAssets/Pickups/Meat/M_Spawn_Sprite_1.uasset" 491
"E:/Unreal Projects/Catender02/Content/PaperAssets/Pickups/Meat/M_Spawn_Sprite_1.uexp" 492
"E:/Unreal Projects/Catender02/Content/PaperAssets/Pickups/Meat/M_Spawn_Sprite_2.uasset" 493
"E:/Unreal Projects/Catender02/Content/PaperAssets/Pickups/Meat/M_Spawn_Sprite_2.uexp" 494
"E:/Unreal Projects/Catender02/Content/PaperAssets/Pickups/Meat/M_Spawn_Sprite_3.uasset" 495
"E:/Unreal Projects/Catender02/Content/PaperAssets/Pickups/Meat/M_Spawn_Sprite_3.uexp" 496
"E:/Unreal Projects/Catender02/Content/PaperAssets/Pickups/Meat/M_Spawn_Sprite_4.uasset" 497
"E:/Unreal Projects/Catender02/Content/PaperAssets/Pickups/Meat/M_Spawn_Sprite_4.uexp" 498
"E:/Unreal Projects/Catender02/Content/PaperAssets/Pickups/Meat/M_Spawn_Sprite_5.uasset" 499
"E:/Unreal Projects/Catender02/Content/PaperAssets/Pickups/Meat/M_Spawn_Sprite_5.uexp" 500
"E:/Unreal Projects/Catender02/Content/PaperAssets/Pickups/Meat/M_Spawn_Sprite_6.uasset" 501
"E:/Unreal Projects/Catender02/Content/PaperAssets/Pickups/Meat/M_Spawn_Sprite_6.uexp" 502
"E:/Unreal Projects/Catender02/Content/PaperAssets/Pickups/Meat/M_Spawn1.uasset" 503
"E:/Unreal Projects/Catender02/Content/PaperAssets/Pickups/Meat/M_Spawn1.uexp" 504
"E:/Unreal Projects/Catender02/Content/Blueprints/Pickups/BP_Meat.uasset" 505
"E:/Unreal Projects/Catender02/Content/Blueprints/Pickups/BP_Meat.uexp" 506
"E:/Unreal Projects/Catender02/Content/PaperAssets/Character/FriendlyNPC/Archer/Frames/MEOWOLAS__Arrow_aseprite.uasset" 507
"E:/Unreal Projects/Catender02/Content/PaperAssets/Character/FriendlyNPC/Archer/Frames/MEOWOLAS__Arrow_aseprite.uexp" 508
"E:/Unreal Projects/Catender02/Content/PaperAssets/Character/FriendlyNPC/Archer/MEOWOLAS__Arrow_aseprite_Flipbook.uasset" 509
"E:/Unreal Projects/Catender02/Content/PaperAssets/Character/FriendlyNPC/Archer/MEOWOLAS__Arrow_aseprite_Flipbook.uexp" 510
"E:/Unreal Projects/Catender02/Content/Blueprints/Projectiles/BP_Projectile_BASE.uasset" 511
"E:/Unreal Projects/Catender02/Content/Blueprints/Projectiles/BP_Projectile_BASE.uexp" 512
"E:/Unreal Projects/Catender02/Content/SFX/King/Miau_1.ubulk" 513
"E:/Unreal Projects/Catender02/Content/SFX/King/Miau_1.uasset" 514
"E:/Unreal Projects/Catender02/Content/SFX/King/Miau_1.uexp" 515
"E:/Unreal Projects/Catender02/Content/PaperAssets/Character/KingMeowthur/King_Mewrthur_Idle_Normal.uasset" 516
"E:/Unreal Projects/Catender02/Content/PaperAssets/Character/KingMeowthur/King_Mewrthur_Idle_Normal.uexp" 517
"E:/Unreal Projects/Catender02/Content/PaperAssets/Character/KingMeowthur/King_Mewrthur_Idle.uasset" 518
"E:/Unreal Projects/Catender02/Content/PaperAssets/Character/KingMeowthur/King_Mewrthur_Idle.uexp" 519
"E:/Unreal Projects/Catender02/Content/PaperAssets/Character/KingMeowthur/King_Mewrthur_Idle_Sprite_0.uasset" 520
"E:/Unreal Projects/Catender02/Content/PaperAssets/Character/KingMeowthur/King_Mewrthur_Idle_Sprite_0.uexp" 521
"E:/Unreal Projects/Catender02/Content/PaperAssets/Character/KingMeowthur/King_Mewrthur_Idle_Sprite_1.uasset" 522
"E:/Unreal Projects/Catender02/Content/PaperAssets/Character/KingMeowthur/King_Mewrthur_Idle_Sprite_1.uexp" 523
"E:/Unreal Projects/Catender02/Content/PaperAssets/Character/KingMeowthur/King_Mewrthur_Idle_Sprite_2.uasset" 524
"E:/Unreal Projects/Catender02/Content/PaperAssets/Character/KingMeowthur/King_Mewrthur_Idle_Sprite_2.uexp" 525
"E:/Unreal Projects/Catender02/Content/PaperAssets/Character/KingMeowthur/King_Mewrthur_Idle_Sprite_3.uasset" 526
"E:/Unreal Projects/Catender02/Content/PaperAssets/Character/KingMeowthur/King_Mewrthur_Idle_Sprite_3.uexp" 527
"E:/Unreal Projects/Catender02/Content/PaperAssets/Character/KingMeowthur/King_Mewrthur_Idle_Sprite_4.uasset" 528
"E:/Unreal Projects/Catender02/Content/PaperAssets/Character/KingMeowthur/King_Mewrthur_Idle_Sprite_4.uexp" 529
"E:/Unreal Projects/Catender02/Content/PaperAssets/Character/KingMeowthur/King_Mewrthur_Idle_Sprite_5.uasset" 530
"E:/Unreal Projects/Catender02/Content/PaperAssets/Character/KingMeowthur/King_Mewrthur_Idle_Sprite_5.uexp" 531
"E:/Unreal Projects/Catender02/Content/PaperAssets/Character/KingMeowthur/King_Mewrthur_Idle1.uasset" 532
"E:/Unreal Projects/Catender02/Content/PaperAssets/Character/KingMeowthur/King_Mewrthur_Idle1.uexp" 533
"E:/Unreal Projects/Catender02/Content/Animation/Character/KingMeowthur/AS_KingMeowthur.uasset" 534
"E:/Unreal Projects/Catender02/Content/Animation/Character/KingMeowthur/AS_KingMeowthur.uexp" 535
"E:/Unreal Projects/Catender02/Content/Animation/Character/KingMeowthur/AnimSequences/Idle.uasset" 536
"E:/Unreal Projects/Catender02/Content/Animation/Character/KingMeowthur/AnimSequences/Idle.uexp" 537
"E:/Unreal Projects/Catender02/Content/PaperAssets/Character/KingMeowthur/King_Mewrthur_Run_Normal.ubulk" 538
"E:/Unreal Projects/Catender02/Content/PaperAssets/Character/KingMeowthur/King_Mewrthur_Run_Normal.uasset" 539
"E:/Unreal Projects/Catender02/Content/PaperAssets/Character/KingMeowthur/King_Mewrthur_Run_Normal.uexp" 540
"E:/Unreal Projects/Catender02/Content/PaperAssets/Character/KingMeowthur/King_Mewrthur_Run.ubulk" 541
"E:/Unreal Projects/Catender02/Content/PaperAssets/Character/KingMeowthur/King_Mewrthur_Run.uasset" 542
"E:/Unreal Projects/Catender02/Content/PaperAssets/Character/KingMeowthur/King_Mewrthur_Run.uexp" 543
"E:/Unreal Projects/Catender02/Content/PaperAssets/Character/KingMeowthur/King_Mewrthur_Run_Sprite_0.uasset" 544
"E:/Unreal Projects/Catender02/Content/PaperAssets/Character/KingMeowthur/King_Mewrthur_Run_Sprite_0.uexp" 545
"E:/Unreal Projects/Catender02/Content/PaperAssets/Character/KingMeowthur/King_Mewrthur_Run_Sprite_1.uasset" 546
"E:/Unreal Projects/Catender02/Content/PaperAssets/Character/KingMeowthur/King_Mewrthur_Run_Sprite_1.uexp" 547
"E:/Unreal Projects/Catender02/Content/PaperAssets/Character/KingMeowthur/King_Mewrthur_Run_Sprite_2.uasset" 548
"E:/Unreal Projects/Catender02/Content/PaperAssets/Character/KingMeowthur/King_Mewrthur_Run_Sprite_2.uexp" 549
"E:/Unreal Projects/Catender02/Content/PaperAssets/Character/KingMeowthur/King_Mewrthur_Run_Sprite_3.uasset" 550
"E:/Unreal Projects/Catender02/Content/PaperAssets/Character/KingMeowthur/King_Mewrthur_Run_Sprite_3.uexp" 551
"E:/Unreal Projects/Catender02/Content/PaperAssets/Character/KingMeowthur/King_Mewrthur_Run_Sprite_4.uasset" 552
"E:/Unreal Projects/Catender02/Content/PaperAssets/Character/KingMeowthur/King_Mewrthur_Run_Sprite_4.uexp" 553
"E:/Unreal Projects/Catender02/Content/PaperAssets/Character/KingMeowthur/King_Mewrthur_Run_Sprite_5.uasset" 554
"E:/Unreal Projects/Catender02/Content/PaperAssets/Character/KingMeowthur/King_Mewrthur_Run_Sprite_5.uexp" 555
"E:/Unreal Projects/Catender02/Content/PaperAssets/Character/KingMeowthur/King_Mewrthur_Run_Sprite_6.uasset" 556
"E:/Unreal Projects/Catender02/Content/PaperAssets/Character/KingMeowthur/King_Mewrthur_Run_Sprite_6.uexp" 557
"E:/Unreal Projects/Catender02/Content/PaperAssets/Character/KingMeowthur/King_Mewrthur_Run_Sprite_7.uasset" 558
"E:/Unreal Projects/Catender02/Content/PaperAssets/Character/KingMeowthur/King_Mewrthur_Run_Sprite_7.uexp" 559
"E:/Unreal Projects/Catender02/Content/PaperAssets/Character/KingMeowthur/King_Mewrthur_Run1.uasset" 560
"E:/Unreal Projects/Catender02/Content/PaperAssets/Character/KingMeowthur/King_Mewrthur_Run1.uexp" 561
"E:/Unreal Projects/Catender02/Content/Animation/Character/KingMeowthur/AnimSequences/Run.uasset" 562
"E:/Unreal Projects/Catender02/Content/Animation/Character/KingMeowthur/AnimSequences/Run.uexp" 563
"E:/Unreal Projects/Catender02/Content/Animation/Character/KingMeowthur/ABP_KingMeowthur.uasset" 564
"E:/Unreal Projects/Catender02/Content/Animation/Character/KingMeowthur/ABP_KingMeowthur.uexp" 565
"E:/Unreal Projects/Catender02/Content/Input/Actions/IA_Pause.uasset" 566
"E:/Unreal Projects/Catender02/Content/Input/Actions/IA_Pause.uexp" 567
"E:/Unreal Projects/Catender02/Content/PaperAssets/Background/background_night3.uasset" 568
"E:/Unreal Projects/Catender02/Content/PaperAssets/Background/background_night3.uexp" 569
"E:/Unreal Projects/Catender02/Content/PaperAssets/Background/background_night3_Sprite.uasset" 570
"E:/Unreal Projects/Catender02/Content/PaperAssets/Background/background_night3_Sprite.uexp" 571
"E:/Unreal Projects/Catender02/Content/Input/Actions/IA_Interact.uasset" 572
"E:/Unreal Projects/Catender02/Content/Input/Actions/IA_Interact.uexp" 573
"E:/Unreal Projects/Catender02/Content/PaperAssets/Background/background_night2.uasset" 574
"E:/Unreal Projects/Catender02/Content/PaperAssets/Background/background_night2.uexp" 575
"E:/Unreal Projects/Catender02/Content/PaperAssets/Background/background_night2_Sprite.uasset" 576
"E:/Unreal Projects/Catender02/Content/PaperAssets/Background/background_night2_Sprite.uexp" 577
"E:/Unreal Projects/Catender02/Content/PaperAssets/Background/background_night4A.uasset" 578
"E:/Unreal Projects/Catender02/Content/PaperAssets/Background/background_night4A.uexp" 579
"E:/Unreal Projects/Catender02/Content/PaperAssets/Background/background_night4A_Sprite.uasset" 580
"E:/Unreal Projects/Catender02/Content/PaperAssets/Background/background_night4A_Sprite.uexp" 581
"E:/Unreal Projects/Catender02/Content/UI/Menues/WBP_PauseMenue.uasset" 582
"E:/Unreal Projects/Catender02/Content/UI/Menues/WBP_PauseMenue.uexp" 583
"E:/Unreal Projects/Catender02/Content/PaperAssets/Background/background_night1.uasset" 584
"E:/Unreal Projects/Catender02/Content/PaperAssets/Background/background_night1.uexp" 585
"E:/Unreal Projects/Catender02/Content/PaperAssets/Background/background_night1_Sprite.uasset" 586
"E:/Unreal Projects/Catender02/Content/PaperAssets/Background/background_night1_Sprite.uexp" 587
"E:/Unreal Projects/Catender02/Content/Input/Actions/IA_Move.uasset" 588
"E:/Unreal Projects/Catender02/Content/Input/Actions/IA_Move.uexp" 589
"E:/Unreal Projects/Catender02/Content/Input/IMC_KingMeowthur.uasset" 590
"E:/Unreal Projects/Catender02/Content/Input/IMC_KingMeowthur.uexp" 591
"E:/Unreal Projects/Catender02/Content/Materials/LightFlickerMaterial.uasset" 592
"E:/Unreal Projects/Catender02/Content/Materials/LightFlickerMaterial.uexp" 593
"E:/Unreal Projects/Catender02/Content/Materials/MI_LightFlicker.uasset" 594
"E:/Unreal Projects/Catender02/Content/Materials/MI_LightFlicker.uexp" 595
"E:/Unreal Projects/Catender02/Content/Blueprints/Character/Player/BP_PlayerCharacter.uasset" 596
"E:/Unreal Projects/Catender02/Content/Blueprints/Character/Player/BP_PlayerCharacter.uexp" 597
"E:/Unreal Projects/Catender02/Content/AI/FriendlyNPC/Archer/BTTask_GetPatrolLocation.uasset" 598
"E:/Unreal Projects/Catender02/Content/AI/FriendlyNPC/Archer/BTTask_GetPatrolLocation.uexp" 599
"E:/Unreal Projects/Catender02/Content/AI/FriendlyNPC/Archer/BB_Archer.uasset" 600
"E:/Unreal Projects/Catender02/Content/AI/FriendlyNPC/Archer/BB_Archer.uexp" 601
"E:/Unreal Projects/Catender02/Content/AI/FriendlyNPC/Archer/BTDecorator_IsShooting.uasset" 602
"E:/Unreal Projects/Catender02/Content/AI/FriendlyNPC/Archer/BTDecorator_IsShooting.uexp" 603
"E:/Unreal Projects/Catender02/Content/AI/FriendlyNPC/Archer/BT_Archer.uasset" 604
"E:/Unreal Projects/Catender02/Content/AI/FriendlyNPC/Archer/BT_Archer.uexp" 605
"E:/Unreal Projects/Catender02/Content/Blueprints/Character/FriendlyNPC/Archer/BP_Archer.uasset" 606
"E:/Unreal Projects/Catender02/Content/Blueprints/Character/FriendlyNPC/Archer/BP_Archer.uexp" 607
"E:/Unreal Projects/Catender02/Content/PaperAssets/Buildings/Workshop/Tools/Textures/Hammer_d.uasset" 608
"E:/Unreal Projects/Catender02/Content/PaperAssets/Buildings/Workshop/Tools/Textures/Hammer_d.uexp" 609
"../../../Engine/Plugins/2D/Paper2D/Content/MaskedLitSpriteMaterial.uasset" 610
"../../../Engine/Plugins/2D/Paper2D/Content/MaskedLitSpriteMaterial.uexp" 611
"E:/Unreal Projects/Catender02/Content/PaperAssets/Buildings/Workshop/Tools/Textures/Hammer_n.uasset" 612
"E:/Unreal Projects/Catender02/Content/PaperAssets/Buildings/Workshop/Tools/Textures/Hammer_n.uexp" 613
"E:/Unreal Projects/Catender02/Content/PaperAssets/Buildings/Workshop/Tools/Hammer_Sprite.uasset" 614
"E:/Unreal Projects/Catender02/Content/PaperAssets/Buildings/Workshop/Tools/Hammer_Sprite.uexp" 615
"E:/Unreal Projects/Catender02/Content/PaperAssets/Buildings/Workshop/Tools/Hammer_Flipbook.uasset" 616
"E:/Unreal Projects/Catender02/Content/PaperAssets/Buildings/Workshop/Tools/Hammer_Flipbook.uexp" 617
"E:/Unreal Projects/Catender02/Content/PaperAssets/Buildings/Workshop/Tools/Textures/Bow_n.uasset" 618
"E:/Unreal Projects/Catender02/Content/PaperAssets/Buildings/Workshop/Tools/Textures/Bow_n.uexp" 619
"E:/Unreal Projects/Catender02/Content/PaperAssets/Buildings/Workshop/Tools/Textures/Bow_d.uasset" 620
"E:/Unreal Projects/Catender02/Content/PaperAssets/Buildings/Workshop/Tools/Textures/Bow_d.uexp" 621
"E:/Unreal Projects/Catender02/Content/PaperAssets/Buildings/Workshop/Tools/Bow_Sprite.uasset" 622
"E:/Unreal Projects/Catender02/Content/PaperAssets/Buildings/Workshop/Tools/Bow_Sprite.uexp" 623
"E:/Unreal Projects/Catender02/Content/PaperAssets/Buildings/Workshop/Tools/Bow_Flipbook.uasset" 624
"E:/Unreal Projects/Catender02/Content/PaperAssets/Buildings/Workshop/Tools/Bow_Flipbook.uexp" 625
"E:/Unreal Projects/Catender02/Content/PaperAssets/Buildings/Workshop/Tools/Textures/flyingBroom_n.uasset" 626
"E:/Unreal Projects/Catender02/Content/PaperAssets/Buildings/Workshop/Tools/Textures/flyingBroom_n.uexp" 627
"E:/Unreal Projects/Catender02/Content/PaperAssets/Buildings/Workshop/Tools/Textures/flyingBroom_d.uasset" 628
"E:/Unreal Projects/Catender02/Content/PaperAssets/Buildings/Workshop/Tools/Textures/flyingBroom_d.uexp" 629
"E:/Unreal Projects/Catender02/Content/PaperAssets/Buildings/Workshop/Tools/flyingBroom_Sprite.uasset" 630
"E:/Unreal Projects/Catender02/Content/PaperAssets/Buildings/Workshop/Tools/flyingBroom_Sprite.uexp" 631
"E:/Unreal Projects/Catender02/Content/PaperAssets/Buildings/Workshop/Tools/flyingBroom_Flipbook.uasset" 632
"E:/Unreal Projects/Catender02/Content/PaperAssets/Buildings/Workshop/Tools/flyingBroom_Flipbook.uexp" 633
"E:/Unreal Projects/Catender02/Content/Animation/Character/FriendlyNPC/Worker/AS_Worker.uasset" 634
"E:/Unreal Projects/Catender02/Content/Animation/Character/FriendlyNPC/Worker/AS_Worker.uexp" 635
"E:/Unreal Projects/Catender02/Content/SFX/Worker/worker_footstep_cue.uasset" 636
"E:/Unreal Projects/Catender02/Content/SFX/Worker/worker_footstep_cue.uexp" 637
"E:/Unreal Projects/Catender02/Content/PaperAssets/Character/FriendlyNPC/Worker/Textures/Meow_Knight.uasset" 638
"E:/Unreal Projects/Catender02/Content/PaperAssets/Character/FriendlyNPC/Worker/Textures/Meow_Knight.uexp" 639
"E:/Unreal Projects/Catender02/Content/PaperAssets/Character/FriendlyNPC/Worker/Textures/Meow_Knigh_Normalt.uasset" 640
"E:/Unreal Projects/Catender02/Content/PaperAssets/Character/FriendlyNPC/Worker/Textures/Meow_Knigh_Normalt.uexp" 641
"E:/Unreal Projects/Catender02/Content/PaperAssets/Character/FriendlyNPC/Worker/Frames/Meow_Knight__Run_6_aseprite.uasset" 642
"E:/Unreal Projects/Catender02/Content/PaperAssets/Character/FriendlyNPC/Worker/Frames/Meow_Knight__Run_6_aseprite.uexp" 643
"E:/Unreal Projects/Catender02/Content/PaperAssets/Character/FriendlyNPC/Worker/Frames/Meow_Knight__Run_2_aseprite.uasset" 644
"E:/Unreal Projects/Catender02/Content/PaperAssets/Character/FriendlyNPC/Worker/Frames/Meow_Knight__Run_2_aseprite.uexp" 645
"E:/Unreal Projects/Catender02/Content/PaperAssets/Character/FriendlyNPC/Worker/Frames/Meow_Knight__Run_1_aseprite.uasset" 646
"E:/Unreal Projects/Catender02/Content/PaperAssets/Character/FriendlyNPC/Worker/Frames/Meow_Knight__Run_1_aseprite.uexp" 647
"E:/Unreal Projects/Catender02/Content/PaperAssets/Character/FriendlyNPC/Worker/Frames/Meow_Knight__Run_4_aseprite.uasset" 648
"E:/Unreal Projects/Catender02/Content/PaperAssets/Character/FriendlyNPC/Worker/Frames/Meow_Knight__Run_4_aseprite.uexp" 649
"E:/Unreal Projects/Catender02/Content/PaperAssets/Character/FriendlyNPC/Worker/Frames/Meow_Knight__Run_3_aseprite.uasset" 650
"E:/Unreal Projects/Catender02/Content/PaperAssets/Character/FriendlyNPC/Worker/Frames/Meow_Knight__Run_3_aseprite.uexp" 651
"E:/Unreal Projects/Catender02/Content/PaperAssets/Character/FriendlyNPC/Worker/Frames/Meow_Knight__Run_0_aseprite.uasset" 652
"E:/Unreal Projects/Catender02/Content/PaperAssets/Character/FriendlyNPC/Worker/Frames/Meow_Knight__Run_0_aseprite.uexp" 653
"E:/Unreal Projects/Catender02/Content/PaperAssets/Character/FriendlyNPC/Worker/Frames/Meow_Knight__Run_7_aseprite.uasset" 654
"E:/Unreal Projects/Catender02/Content/PaperAssets/Character/FriendlyNPC/Worker/Frames/Meow_Knight__Run_7_aseprite.uexp" 655
"E:/Unreal Projects/Catender02/Content/PaperAssets/Character/FriendlyNPC/Worker/Frames/Meow_Knight__Run_5_aseprite.uasset" 656
"E:/Unreal Projects/Catender02/Content/PaperAssets/Character/FriendlyNPC/Worker/Frames/Meow_Knight__Run_5_aseprite.uexp" 657
"E:/Unreal Projects/Catender02/Content/PaperAssets/Character/FriendlyNPC/Worker/Meow_Knight__Run.uasset" 658
"E:/Unreal Projects/Catender02/Content/PaperAssets/Character/FriendlyNPC/Worker/Meow_Knight__Run.uexp" 659
"E:/Unreal Projects/Catender02/Content/Animation/Character/FriendlyNPC/Worker/AnimSequences/Run.uasset" 660
"E:/Unreal Projects/Catender02/Content/Animation/Character/FriendlyNPC/Worker/AnimSequences/Run.uexp" 661
"E:/Unreal Projects/Catender02/Content/SFX/Worker/Hammer_Impact_7.ubulk" 662
"E:/Unreal Projects/Catender02/Content/SFX/Worker/Hammer_Impact_7.uasset" 663
"E:/Unreal Projects/Catender02/Content/SFX/Worker/Hammer_Impact_7.uexp" 664
"E:/Unreal Projects/Catender02/Content/SFX/Worker/Hammer_Impact_8.ubulk" 665
"E:/Unreal Projects/Catender02/Content/SFX/Worker/Hammer_Impact_8.uasset" 666
"E:/Unreal Projects/Catender02/Content/SFX/Worker/Hammer_Impact_8.uexp" 667
"E:/Unreal Projects/Catender02/Content/SFX/Worker/Hammer_Impact_Cue.uasset" 668
"E:/Unreal Projects/Catender02/Content/SFX/Worker/Hammer_Impact_Cue.uexp" 669
"E:/Unreal Projects/Catender02/Content/PaperAssets/Character/FriendlyNPC/Worker/Textures/Meow_Knight_work.uasset" 670
"E:/Unreal Projects/Catender02/Content/PaperAssets/Character/FriendlyNPC/Worker/Textures/Meow_Knight_work.uexp" 671
"E:/Unreal Projects/Catender02/Content/PaperAssets/Character/FriendlyNPC/Worker/Frames/Meow_Knight_work_Sprite_0.uasset" 672
"E:/Unreal Projects/Catender02/Content/PaperAssets/Character/FriendlyNPC/Worker/Frames/Meow_Knight_work_Sprite_0.uexp" 673
"E:/Unreal Projects/Catender02/Content/PaperAssets/Character/FriendlyNPC/Worker/Frames/Meow_Knight_work_Sprite_1.uasset" 674
"E:/Unreal Projects/Catender02/Content/PaperAssets/Character/FriendlyNPC/Worker/Frames/Meow_Knight_work_Sprite_1.uexp" 675
"E:/Unreal Projects/Catender02/Content/PaperAssets/Character/FriendlyNPC/Worker/Frames/Meow_Knight_work_Sprite_2.uasset" 676
"E:/Unreal Projects/Catender02/Content/PaperAssets/Character/FriendlyNPC/Worker/Frames/Meow_Knight_work_Sprite_2.uexp" 677
"E:/Unreal Projects/Catender02/Content/PaperAssets/Character/FriendlyNPC/Worker/Frames/Meow_Knight_work_Sprite_3.uasset" 678
"E:/Unreal Projects/Catender02/Content/PaperAssets/Character/FriendlyNPC/Worker/Frames/Meow_Knight_work_Sprite_3.uexp" 679
"E:/Unreal Projects/Catender02/Content/PaperAssets/Character/FriendlyNPC/Worker/Frames/Meow_Knight_work_Sprite_4.uasset" 680
"E:/Unreal Projects/Catender02/Content/PaperAssets/Character/FriendlyNPC/Worker/Frames/Meow_Knight_work_Sprite_4.uexp" 681
"E:/Unreal Projects/Catender02/Content/PaperAssets/Character/FriendlyNPC/Worker/Meow_Knight_Work.uasset" 682
"E:/Unreal Projects/Catender02/Content/PaperAssets/Character/FriendlyNPC/Worker/Meow_Knight_Work.uexp" 683
"E:/Unreal Projects/Catender02/Content/Animation/Character/FriendlyNPC/Worker/AnimSequences/Work.uasset" 684
"E:/Unreal Projects/Catender02/Content/Animation/Character/FriendlyNPC/Worker/AnimSequences/Work.uexp" 685
"E:/Unreal Projects/Catender02/Content/PaperAssets/Character/FriendlyNPC/Worker/Frames/Meow_Knight__Idle_5_aseprite.uasset" 686
"E:/Unreal Projects/Catender02/Content/PaperAssets/Character/FriendlyNPC/Worker/Frames/Meow_Knight__Idle_5_aseprite.uexp" 687
"E:/Unreal Projects/Catender02/Content/PaperAssets/Character/FriendlyNPC/Worker/Frames/Meow_Knight__Idle_2_aseprite.uasset" 688
"E:/Unreal Projects/Catender02/Content/PaperAssets/Character/FriendlyNPC/Worker/Frames/Meow_Knight__Idle_2_aseprite.uexp" 689
"E:/Unreal Projects/Catender02/Content/PaperAssets/Character/FriendlyNPC/Worker/Frames/Meow_Knight__Idle_1_aseprite.uasset" 690
"E:/Unreal Projects/Catender02/Content/PaperAssets/Character/FriendlyNPC/Worker/Frames/Meow_Knight__Idle_1_aseprite.uexp" 691
"E:/Unreal Projects/Catender02/Content/PaperAssets/Character/FriendlyNPC/Worker/Frames/Meow_Knight__Idle_4_aseprite.uasset" 692
"E:/Unreal Projects/Catender02/Content/PaperAssets/Character/FriendlyNPC/Worker/Frames/Meow_Knight__Idle_4_aseprite.uexp" 693
"E:/Unreal Projects/Catender02/Content/PaperAssets/Character/FriendlyNPC/Worker/Frames/Meow_Knight__Idle_3_aseprite.uasset" 694
"E:/Unreal Projects/Catender02/Content/PaperAssets/Character/FriendlyNPC/Worker/Frames/Meow_Knight__Idle_3_aseprite.uexp" 695
"E:/Unreal Projects/Catender02/Content/PaperAssets/Character/FriendlyNPC/Worker/Frames/Meow_Knight__Idle_0_aseprite.uasset" 696
"E:/Unreal Projects/Catender02/Content/PaperAssets/Character/FriendlyNPC/Worker/Frames/Meow_Knight__Idle_0_aseprite.uexp" 697
"E:/Unreal Projects/Catender02/Content/PaperAssets/Character/FriendlyNPC/Worker/Meow_Knight__Idle.uasset" 698
"E:/Unreal Projects/Catender02/Content/PaperAssets/Character/FriendlyNPC/Worker/Meow_Knight__Idle.uexp" 699
"E:/Unreal Projects/Catender02/Content/Animation/Character/FriendlyNPC/Worker/AnimSequences/Idle.uasset" 700
"E:/Unreal Projects/Catender02/Content/Animation/Character/FriendlyNPC/Worker/AnimSequences/Idle.uexp" 701
"E:/Unreal Projects/Catender02/Content/Animation/Character/FriendlyNPC/Worker/ABP_Worker.uasset" 702
"E:/Unreal Projects/Catender02/Content/Animation/Character/FriendlyNPC/Worker/ABP_Worker.uexp" 703
"E:/Unreal Projects/Catender02/Content/SFX/Worker/Miau_2.ubulk" 704
"E:/Unreal Projects/Catender02/Content/SFX/Worker/Miau_2.uasset" 705
"E:/Unreal Projects/Catender02/Content/SFX/Worker/Miau_2.uexp" 706
"E:/Unreal Projects/Catender02/Content/SFX/Worker/Worker_StopsWaiting.uasset" 707
"E:/Unreal Projects/Catender02/Content/SFX/Worker/Worker_StopsWaiting.uexp" 708
"E:/Unreal Projects/Catender02/Content/Blueprints/Character/FriendlyNPC/Worker/BP_Worker.uasset" 709
"E:/Unreal Projects/Catender02/Content/Blueprints/Character/FriendlyNPC/Worker/BP_Worker.uexp" 710
"E:/Unreal Projects/Catender02/Content/PaperAssets/Buildings/Workshop/Textures/ToolStand_d.uasset" 711
"E:/Unreal Projects/Catender02/Content/PaperAssets/Buildings/Workshop/Textures/ToolStand_d.uexp" 712
"E:/Unreal Projects/Catender02/Content/PaperAssets/Buildings/Workshop/Frames/ToolStand_Sprite.uasset" 713
"E:/Unreal Projects/Catender02/Content/PaperAssets/Buildings/Workshop/Frames/ToolStand_Sprite.uexp" 714
"E:/Unreal Projects/Catender02/Content/PaperAssets/Buildings/Workshop/ToolStand_Flipbook.uasset" 715
"E:/Unreal Projects/Catender02/Content/PaperAssets/Buildings/Workshop/ToolStand_Flipbook.uexp" 716
"E:/Unreal Projects/Catender02/Content/Blueprints/Buildings/Workshop/BP_Toolstand.uasset" 717
"E:/Unreal Projects/Catender02/Content/Blueprints/Buildings/Workshop/BP_Toolstand.uexp" 718
"E:/Unreal Projects/Catender02/Content/Blueprints/Buildings/Workshop/BP_Workshop_BASE.uasset" 719
"E:/Unreal Projects/Catender02/Content/Blueprints/Buildings/Workshop/BP_Workshop_BASE.uexp" 720
"E:/Unreal Projects/Catender02/Content/PaperAssets/Buildings/Wall/Textures/Wall2_Construction_n.uasset" 721
"E:/Unreal Projects/Catender02/Content/PaperAssets/Buildings/Wall/Textures/Wall2_Construction_n.uexp" 722
"E:/Unreal Projects/Catender02/Content/PaperAssets/Buildings/Wall/Textures/Wall2_Construction_d.uasset" 723
"E:/Unreal Projects/Catender02/Content/PaperAssets/Buildings/Wall/Textures/Wall2_Construction_d.uexp" 724
"E:/Unreal Projects/Catender02/Content/PaperAssets/Buildings/Wall/Frames/Wall2_Construction_d_Sprite.uasset" 725
"E:/Unreal Projects/Catender02/Content/PaperAssets/Buildings/Wall/Frames/Wall2_Construction_d_Sprite.uexp" 726
"E:/Unreal Projects/Catender02/Content/PaperAssets/Buildings/Wall/Wall2_Construction.uasset" 727
"E:/Unreal Projects/Catender02/Content/PaperAssets/Buildings/Wall/Wall2_Construction.uexp" 728
"E:/Unreal Projects/Catender02/Content/PaperAssets/Buildings/Wall/Textures/Wall1_Destroyed_d.uasset" 729
"E:/Unreal Projects/Catender02/Content/PaperAssets/Buildings/Wall/Textures/Wall1_Destroyed_d.uexp" 730
"E:/Unreal Projects/Catender02/Content/PaperAssets/Buildings/Wall/Textures/Wall1_Destroyed_n.uasset" 731
"E:/Unreal Projects/Catender02/Content/PaperAssets/Buildings/Wall/Textures/Wall1_Destroyed_n.uexp" 732
"E:/Unreal Projects/Catender02/Content/PaperAssets/Buildings/Wall/Frames/Wall1_Destroyed_Sprite.uasset" 733
"E:/Unreal Projects/Catender02/Content/PaperAssets/Buildings/Wall/Frames/Wall1_Destroyed_Sprite.uexp" 734
"E:/Unreal Projects/Catender02/Content/PaperAssets/Buildings/Wall/Wall1_Destroyed.uasset" 735
"E:/Unreal Projects/Catender02/Content/PaperAssets/Buildings/Wall/Wall1_Destroyed.uexp" 736
"E:/Unreal Projects/Catender02/Content/PaperAssets/Buildings/Wall/Textures/Wall1_Finished_n.uasset" 737
"E:/Unreal Projects/Catender02/Content/PaperAssets/Buildings/Wall/Textures/Wall1_Finished_n.uexp" 738
"E:/Unreal Projects/Catender02/Content/PaperAssets/Buildings/Wall/Textures/Wall1_Finished_d.uasset" 739
"E:/Unreal Projects/Catender02/Content/PaperAssets/Buildings/Wall/Textures/Wall1_Finished_d.uexp" 740
"E:/Unreal Projects/Catender02/Content/PaperAssets/Buildings/Wall/Frames/Wall1_Finished_d_Sprite_0.uasset" 741
"E:/Unreal Projects/Catender02/Content/PaperAssets/Buildings/Wall/Frames/Wall1_Finished_d_Sprite_0.uexp" 742
"E:/Unreal Projects/Catender02/Content/PaperAssets/Buildings/Wall/Frames/Wall1_Finished_d_Sprite_1.uasset" 743
"E:/Unreal Projects/Catender02/Content/PaperAssets/Buildings/Wall/Frames/Wall1_Finished_d_Sprite_1.uexp" 744
"E:/Unreal Projects/Catender02/Content/PaperAssets/Buildings/Wall/Frames/Wall1_Finished_d_Sprite_2.uasset" 745
"E:/Unreal Projects/Catender02/Content/PaperAssets/Buildings/Wall/Frames/Wall1_Finished_d_Sprite_2.uexp" 746
"E:/Unreal Projects/Catender02/Content/PaperAssets/Buildings/Wall/Frames/Wall1_Finished_d_Sprite_3.uasset" 747
"E:/Unreal Projects/Catender02/Content/PaperAssets/Buildings/Wall/Frames/Wall1_Finished_d_Sprite_3.uexp" 748
"E:/Unreal Projects/Catender02/Content/PaperAssets/Buildings/Wall/Frames/Wall1_Finished_d_Sprite_4.uasset" 749
"E:/Unreal Projects/Catender02/Content/PaperAssets/Buildings/Wall/Frames/Wall1_Finished_d_Sprite_4.uexp" 750
"E:/Unreal Projects/Catender02/Content/PaperAssets/Buildings/Wall/Wall1_Finished.uasset" 751
"E:/Unreal Projects/Catender02/Content/PaperAssets/Buildings/Wall/Wall1_Finished.uexp" 752
"E:/Unreal Projects/Catender02/Content/PaperAssets/UI/UI_Gold.uasset" 753
"E:/Unreal Projects/Catender02/Content/PaperAssets/UI/UI_Gold.uexp" 754
"E:/Unreal Projects/Catender02/Content/PaperAssets/UI/UI_Meat.uasset" 755
"E:/Unreal Projects/Catender02/Content/PaperAssets/UI/UI_Meat.uexp" 756
"E:/Unreal Projects/Catender02/Content/UI/WBP_Resource.uasset" 757
"E:/Unreal Projects/Catender02/Content/UI/WBP_Resource.uexp" 758
"E:/Unreal Projects/Catender02/Content/UI/WBP_ResourceBase.uasset" 759
"E:/Unreal Projects/Catender02/Content/UI/WBP_ResourceBase.uexp" 760
"E:/Unreal Projects/Catender02/Content/UI/WBP_BuildableInteraction.uasset" 761
"E:/Unreal Projects/Catender02/Content/UI/WBP_BuildableInteraction.uexp" 762
"E:/Unreal Projects/Catender02/Content/PaperAssets/Decoration/Frames/rock_1_Normal.uasset" 763
"E:/Unreal Projects/Catender02/Content/PaperAssets/Decoration/Frames/rock_1_Normal.uexp" 764
"E:/Unreal Projects/Catender02/Content/PaperAssets/Decoration/Frames/rock_1.uasset" 765
"E:/Unreal Projects/Catender02/Content/PaperAssets/Decoration/Frames/rock_1.uexp" 766
"E:/Unreal Projects/Catender02/Content/PaperAssets/Decoration/Frames/rock_1_Sprite.uasset" 767
"E:/Unreal Projects/Catender02/Content/PaperAssets/Decoration/Frames/rock_1_Sprite.uexp" 768
"E:/Unreal Projects/Catender02/Content/PaperAssets/Decoration/rock.uasset" 769
"E:/Unreal Projects/Catender02/Content/PaperAssets/Decoration/rock.uexp" 770
"E:/Unreal Projects/Catender02/Content/PaperAssets/Buildings/Wall/Textures/Wall2_Finished_n.uasset" 771
"E:/Unreal Projects/Catender02/Content/PaperAssets/Buildings/Wall/Textures/Wall2_Finished_n.uexp" 772
"E:/Unreal Projects/Catender02/Content/PaperAssets/Buildings/Wall/Textures/Wall2_Finished_d.uasset" 773
"E:/Unreal Projects/Catender02/Content/PaperAssets/Buildings/Wall/Textures/Wall2_Finished_d.uexp" 774
"E:/Unreal Projects/Catender02/Content/PaperAssets/Buildings/Wall/Frames/Wall2_Finished_d_Sprite_0.uasset" 775
"E:/Unreal Projects/Catender02/Content/PaperAssets/Buildings/Wall/Frames/Wall2_Finished_d_Sprite_0.uexp" 776
"E:/Unreal Projects/Catender02/Content/PaperAssets/Buildings/Wall/Frames/Wall2_Finished_d_Sprite_1.uasset" 777
"E:/Unreal Projects/Catender02/Content/PaperAssets/Buildings/Wall/Frames/Wall2_Finished_d_Sprite_1.uexp" 778
"E:/Unreal Projects/Catender02/Content/PaperAssets/Buildings/Wall/Frames/Wall2_Finished_d_Sprite_2.uasset" 779
"E:/Unreal Projects/Catender02/Content/PaperAssets/Buildings/Wall/Frames/Wall2_Finished_d_Sprite_2.uexp" 780
"E:/Unreal Projects/Catender02/Content/PaperAssets/Buildings/Wall/Frames/Wall2_Finished_d_Sprite_3.uasset" 781
"E:/Unreal Projects/Catender02/Content/PaperAssets/Buildings/Wall/Frames/Wall2_Finished_d_Sprite_3.uexp" 782
"E:/Unreal Projects/Catender02/Content/PaperAssets/Buildings/Wall/Frames/Wall2_Finished_d_Sprite_4.uasset" 783
"E:/Unreal Projects/Catender02/Content/PaperAssets/Buildings/Wall/Frames/Wall2_Finished_d_Sprite_4.uexp" 784
"E:/Unreal Projects/Catender02/Content/PaperAssets/Buildings/Wall/Frames/Wall2_Finished_d_Sprite_5.uasset" 785
"E:/Unreal Projects/Catender02/Content/PaperAssets/Buildings/Wall/Frames/Wall2_Finished_d_Sprite_5.uexp" 786
"E:/Unreal Projects/Catender02/Content/PaperAssets/Buildings/Wall/Wall2_Finished.uasset" 787
"E:/Unreal Projects/Catender02/Content/PaperAssets/Buildings/Wall/Wall2_Finished.uexp" 788
"E:/Unreal Projects/Catender02/Content/PaperAssets/Buildings/Wall/Textures/Wall1_Construction_d.uasset" 789
"E:/Unreal Projects/Catender02/Content/PaperAssets/Buildings/Wall/Textures/Wall1_Construction_d.uexp" 790
"E:/Unreal Projects/Catender02/Content/PaperAssets/Buildings/Wall/Textures/Wall1_Construction_n.uasset" 791
"E:/Unreal Projects/Catender02/Content/PaperAssets/Buildings/Wall/Textures/Wall1_Construction_n.uexp" 792
"E:/Unreal Projects/Catender02/Content/PaperAssets/Buildings/Wall/Frames/Wall1_Construction_Sprite.uasset" 793
"E:/Unreal Projects/Catender02/Content/PaperAssets/Buildings/Wall/Frames/Wall1_Construction_Sprite.uexp" 794
"E:/Unreal Projects/Catender02/Content/PaperAssets/Buildings/Wall/Wall1_Construction.uasset" 795
"E:/Unreal Projects/Catender02/Content/PaperAssets/Buildings/Wall/Wall1_Construction.uexp" 796
"E:/Unreal Projects/Catender02/Content/Blueprints/Buildings/Wall/BP_Wall.uasset" 797
"E:/Unreal Projects/Catender02/Content/Blueprints/Buildings/Wall/BP_Wall.uexp" 798
"E:/Unreal Projects/Catender02/Content/PaperAssets/Buildings/Workshop/Textures/Workshop2_n.uasset" 799
"E:/Unreal Projects/Catender02/Content/PaperAssets/Buildings/Workshop/Textures/Workshop2_n.uexp" 800
"E:/Unreal Projects/Catender02/Content/PaperAssets/Buildings/Workshop/Textures/Workshop2_d.uasset" 801
"E:/Unreal Projects/Catender02/Content/PaperAssets/Buildings/Workshop/Textures/Workshop2_d.uexp" 802
"E:/Unreal Projects/Catender02/Content/PaperAssets/Buildings/Workshop/Frames/Workshop2_Sprite.uasset" 803
"E:/Unreal Projects/Catender02/Content/PaperAssets/Buildings/Workshop/Frames/Workshop2_Sprite.uexp" 804
"E:/Unreal Projects/Catender02/Content/PaperAssets/Buildings/Workshop/Workshop2.uasset" 805
"E:/Unreal Projects/Catender02/Content/PaperAssets/Buildings/Workshop/Workshop2.uexp" 806
"E:/Unreal Projects/Catender02/Content/PaperAssets/Buildings/Workshop/Textures/ConstructionSite_n.uasset" 807
"E:/Unreal Projects/Catender02/Content/PaperAssets/Buildings/Workshop/Textures/ConstructionSite_n.uexp" 808
"E:/Unreal Projects/Catender02/Content/PaperAssets/Buildings/Workshop/Textures/ConstructionSite_d.uasset" 809
"E:/Unreal Projects/Catender02/Content/PaperAssets/Buildings/Workshop/Textures/ConstructionSite_d.uexp" 810
"E:/Unreal Projects/Catender02/Content/PaperAssets/Buildings/Workshop/Frames/ConstructionSite_Sprite.uasset" 811
"E:/Unreal Projects/Catender02/Content/PaperAssets/Buildings/Workshop/Frames/ConstructionSite_Sprite.uexp" 812
"E:/Unreal Projects/Catender02/Content/PaperAssets/Buildings/Workshop/ConstructionSite1_Flipbook.uasset" 813
"E:/Unreal Projects/Catender02/Content/PaperAssets/Buildings/Workshop/ConstructionSite1_Flipbook.uexp" 814
"E:/Unreal Projects/Catender02/Content/Blueprints/Buildings/Workshop/BP_Workshop_Archer.uasset" 815
"E:/Unreal Projects/Catender02/Content/Blueprints/Buildings/Workshop/BP_Workshop_Archer.uexp" 816
"E:/Unreal Projects/Catender02/Content/Blueprints/Components/BP_WorldArcher.uasset" 817
"E:/Unreal Projects/Catender02/Content/Blueprints/Components/BP_WorldArcher.uexp" 818
"E:/Unreal Projects/Catender02/Content/UI/WBP_PlayerResource.uasset" 819
"E:/Unreal Projects/Catender02/Content/UI/WBP_PlayerResource.uexp" 820
"E:/Unreal Projects/Catender02/Content/Blueprints/GameModes/GM_CatLevel.uasset" 821
"E:/Unreal Projects/Catender02/Content/Blueprints/GameModes/GM_CatLevel.uexp" 822
"E:/Unreal Projects/Catender02/Content/Blueprints/Test/BP_SortingLayerTest.uasset" 823
"E:/Unreal Projects/Catender02/Content/Blueprints/Test/BP_SortingLayerTest.uexp" 824
"../../../Engine/Plugins/Runtime/MeshModelingToolset/Content/Materials/M_DynamicMeshComponentVtxColor.uasset" 825
"../../../Engine/Plugins/Runtime/MeshModelingToolset/Content/Materials/M_DynamicMeshComponentVtxColor.uexp" 826
"../../../Engine/Plugins/Interchange/Runtime/Content/Pipelines/DefaultTexturePipeline.uasset" 827
"../../../Engine/Plugins/Interchange/Runtime/Content/Pipelines/DefaultTexturePipeline.uexp" 828
"../../../Engine/Plugins/Interchange/Runtime/Content/Pipelines/DefaultSceneLevelPipeline.uasset" 829
"../../../Engine/Plugins/Interchange/Runtime/Content/Pipelines/DefaultSceneLevelPipeline.uexp" 830
"../../../Engine/Plugins/Interchange/Runtime/Content/Pipelines/DefaultSceneAssetsPipeline.uasset" 831
"../../../Engine/Plugins/Interchange/Runtime/Content/Pipelines/DefaultSceneAssetsPipeline.uexp" 832
"../../../Engine/Plugins/Interchange/Runtime/Content/Pipelines/DefaultMaterialXPipeline.uasset" 833
"../../../Engine/Plugins/Interchange/Runtime/Content/Pipelines/DefaultMaterialXPipeline.uexp" 834
"../../../Engine/Plugins/Interchange/Runtime/Content/Pipelines/DefaultMaterialPipeline.uasset" 835
"../../../Engine/Plugins/Interchange/Runtime/Content/Pipelines/DefaultMaterialPipeline.uexp" 836
"../../../Engine/Plugins/Interchange/Runtime/Content/Pipelines/DefaultGLTFSceneAssetsPipeline.uasset" 837
"../../../Engine/Plugins/Interchange/Runtime/Content/Pipelines/DefaultGLTFSceneAssetsPipeline.uexp" 838
"../../../Engine/Plugins/Interchange/Runtime/Content/Pipelines/DefaultGLTFPipeline.uasset" 839
"../../../Engine/Plugins/Interchange/Runtime/Content/Pipelines/DefaultGLTFPipeline.uexp" 840
"../../../Engine/Plugins/Interchange/Runtime/Content/Pipelines/DefaultGLTFAssetsPipeline.uasset" 841
"../../../Engine/Plugins/Interchange/Runtime/Content/Pipelines/DefaultGLTFAssetsPipeline.uexp" 842
"../../../Engine/Plugins/Interchange/Runtime/Content/Pipelines/DefaultAssetsPipeline.uasset" 843
"../../../Engine/Plugins/Interchange/Runtime/Content/Pipelines/DefaultAssetsPipeline.uexp" 844
"../../../Engine/Plugins/Interchange/Runtime/Content/Functions/MX_UsdPreviewSurface.uasset" 845
"../../../Engine/Plugins/Interchange/Runtime/Content/Functions/MX_UsdPreviewSurface.uexp" 846
"../../../Engine/Plugins/Interchange/Runtime/Content/Functions/MX_UniformEDF.uasset" 847
"../../../Engine/Plugins/Interchange/Runtime/Content/Functions/MX_UniformEDF.uexp" 848
"../../../Engine/Plugins/Interchange/Runtime/Content/Functions/MX_TranslucentBSDF.uasset" 849
"../../../Engine/Plugins/Interchange/Runtime/Content/Functions/MX_TranslucentBSDF.uexp" 850
"../../../Engine/Plugins/Interchange/Runtime/Content/Functions/MX_ThinFilmBSDF.uasset" 851
"../../../Engine/Plugins/Interchange/Runtime/Content/Functions/MX_ThinFilmBSDF.uexp" 852
"../../../Engine/Plugins/Interchange/Runtime/Content/Functions/MX_SurfaceUnlit.uasset" 853
"../../../Engine/Plugins/Interchange/Runtime/Content/Functions/MX_SurfaceUnlit.uexp" 854
"../../../Engine/Plugins/Interchange/Runtime/Content/Functions/MX_Surface.uasset" 855
"../../../Engine/Plugins/Interchange/Runtime/Content/Functions/MX_Surface.uexp" 856
"../../../Engine/Plugins/Interchange/Runtime/Content/Functions/MX_SubsurfaceBSDF.uasset" 857
"../../../Engine/Plugins/Interchange/Runtime/Content/Functions/MX_SubsurfaceBSDF.uexp" 858
"../../../Engine/Plugins/Interchange/Runtime/Content/Functions/MX_SheenBSDF.uasset" 859
"../../../Engine/Plugins/Interchange/Runtime/Content/Functions/MX_SheenBSDF.uexp" 860
"../../../Engine/Plugins/Interchange/Runtime/Content/Functions/MX_OrenNayarBSDF.uasset" 861
"../../../Engine/Plugins/Interchange/Runtime/Content/Functions/MX_OrenNayarBSDF.uexp" 862
"../../../Engine/Content/Functions/Engine_MaterialFunctions02/Utility/CameraDirectionVector.uasset" 863
"../../../Engine/Content/Functions/Engine_MaterialFunctions02/Utility/CameraDirectionVector.uexp" 864
"../../../Engine/Content/Functions/Engine_MaterialFunctions01/Volumetrics/BeersLaw.uasset" 865
"../../../Engine/Content/Functions/Engine_MaterialFunctions01/Volumetrics/BeersLaw.uexp" 866
"../../../Engine/Content/EngineMaterials/Good64x64TilingNoiseHighFreq.uasset" 867
"../../../Engine/Content/EngineMaterials/Good64x64TilingNoiseHighFreq.uexp" 868
"../../../Engine/Content/Functions/Engine_MaterialFunctions02/Texturing/ScreenAlignedPixelToPixelUVs.uasset" 869
"../../../Engine/Content/Functions/Engine_MaterialFunctions02/Texturing/ScreenAlignedPixelToPixelUVs.uexp" 870
"../../../Engine/Plugins/Interchange/Runtime/Content/gltf/MaterialFunctions/MF_Temporal_Blur.uasset" 871
"../../../Engine/Plugins/Interchange/Runtime/Content/gltf/MaterialFunctions/MF_Temporal_Blur.uexp" 872
"../../../Engine/Plugins/Interchange/Runtime/Content/gltf/MaterialFunctions/MF_Fresnel_DS.uasset" 873
"../../../Engine/Plugins/Interchange/Runtime/Content/gltf/MaterialFunctions/MF_Fresnel_DS.uexp" 874
"../../../Engine/Content/Functions/Engine_MaterialFunctions02/Utility/BreakOutFloat3Components.uasset" 875
"../../../Engine/Content/Functions/Engine_MaterialFunctions02/Utility/BreakOutFloat3Components.uexp" 876
"../../../Engine/Plugins/Interchange/Runtime/Content/Functions/MX_Transmission.uasset" 877
"../../../Engine/Plugins/Interchange/Runtime/Content/Functions/MX_Transmission.uexp" 878
"../../../Engine/Plugins/Interchange/Runtime/Content/Functions/MF_OrenNayerView.uasset" 879
"../../../Engine/Plugins/Interchange/Runtime/Content/Functions/MF_OrenNayerView.uexp" 880
"../../../Engine/Plugins/Interchange/Runtime/Content/Functions/MF_SchlickApprox.uasset" 881
"../../../Engine/Plugins/Interchange/Runtime/Content/Functions/MF_SchlickApprox.uexp" 882
"../../../Engine/Plugins/Interchange/Runtime/Content/Utilities/New_LUT.uasset" 883
"../../../Engine/Plugins/Interchange/Runtime/Content/Utilities/New_LUT.uexp" 884
"../../../Engine/Content/Functions/Engine_MaterialFunctions03/Math/RemapValueRange.uasset" 885
"../../../Engine/Content/Functions/Engine_MaterialFunctions03/Math/RemapValueRange.uexp" 886
"../../../Engine/Plugins/Interchange/Runtime/Content/Functions/MF_Iridescence.uasset" 887
"../../../Engine/Plugins/Interchange/Runtime/Content/Functions/MF_Iridescence.uexp" 888
"../../../Engine/Plugins/Interchange/Runtime/Content/Functions/MX_StandardSurface.uasset" 889
"../../../Engine/Plugins/Interchange/Runtime/Content/Functions/MX_StandardSurface.uexp" 890
"../../../Engine/Plugins/Interchange/Runtime/Content/Functions/MX_TransmissionSurface.uasset" 891
"../../../Engine/Plugins/Interchange/Runtime/Content/Functions/MX_TransmissionSurface.uexp" 892
"../../../Engine/Plugins/Interchange/Runtime/Content/Functions/MX_OpenPBR_Translucent.uasset" 893
"../../../Engine/Plugins/Interchange/Runtime/Content/Functions/MX_OpenPBR_Translucent.uexp" 894
"../../../Engine/Plugins/Interchange/Runtime/Content/Functions/MX_OpenPBR_Opaque.uasset" 895
"../../../Engine/Plugins/Interchange/Runtime/Content/Functions/MX_OpenPBR_Opaque.uexp" 896
"../../../Engine/Plugins/Interchange/Runtime/Content/Functions/MX_MeasuredEDF.uasset" 897
"../../../Engine/Plugins/Interchange/Runtime/Content/Functions/MX_MeasuredEDF.uexp" 898
"../../../Engine/Plugins/Interchange/Runtime/Content/Functions/MX_GeneralizedSchlickBSDF.uasset" 899
"../../../Engine/Plugins/Interchange/Runtime/Content/Functions/MX_GeneralizedSchlickBSDF.uexp" 900
"../../../Engine/Plugins/Interchange/Runtime/Content/Functions/MX_DielectricBSDF.uasset" 901
"../../../Engine/Plugins/Interchange/Runtime/Content/Functions/MX_DielectricBSDF.uexp" 902
"../../../Engine/Plugins/Interchange/Runtime/Content/Functions/MX_ConicalEDF.uasset" 903
"../../../Engine/Plugins/Interchange/Runtime/Content/Functions/MX_ConicalEDF.uexp" 904
"../../../Engine/Plugins/Interchange/Runtime/Content/Functions/MX_ConductorBSDF.uasset" 905
"../../../Engine/Plugins/Interchange/Runtime/Content/Functions/MX_ConductorBSDF.uexp" 906
"../../../Engine/Plugins/Interchange/Runtime/Content/Functions/MX_BurleyDiffuseBSDF.uasset" 907
"../../../Engine/Plugins/Interchange/Runtime/Content/Functions/MX_BurleyDiffuseBSDF.uexp" 908
"../../../Engine/Plugins/Interchange/Runtime/Content/Functions/MX_AnisotropicVDF.uasset" 909
"../../../Engine/Plugins/Interchange/Runtime/Content/Functions/MX_AnisotropicVDF.uexp" 910
"../../../Engine/Plugins/Interchange/Runtime/Content/Functions/MX_AbsorptionVDF.uasset" 911
"../../../Engine/Plugins/Interchange/Runtime/Content/Functions/MX_AbsorptionVDF.uexp" 912
"../../../Engine/Plugins/Editor/SpeedTreeImporter/Content/SpeedTree9/game_wind_noise.ubulk" 913
"../../../Engine/Plugins/Editor/SpeedTreeImporter/Content/SpeedTree9/game_wind_noise.uasset" 914
"../../../Engine/Plugins/Editor/SpeedTreeImporter/Content/SpeedTree9/game_wind_noise.uexp" 915
"../../../Engine/Plugins/Editor/SpeedTreeImporter/Content/SpeedTree9/UnpackDirection.uasset" 916
"../../../Engine/Plugins/Editor/SpeedTreeImporter/Content/SpeedTree9/UnpackDirection.uexp" 917
"../../../Engine/Content/Functions/Engine_MaterialFunctions02/ObjectLocalBounds.uasset" 918
"../../../Engine/Content/Functions/Engine_MaterialFunctions02/ObjectLocalBounds.uexp" 919
"../../../Engine/Content/Functions/Engine_MaterialFunctions02/UVs/BoundingBoxBased_0-1_UVW.uasset" 920
"../../../Engine/Content/Functions/Engine_MaterialFunctions02/UVs/BoundingBoxBased_0-1_UVW.uexp" 921
"../../../Engine/Content/Functions/Engine_MaterialFunctions02/Utility/VectorLength.uasset" 922
"../../../Engine/Content/Functions/Engine_MaterialFunctions02/Utility/VectorLength.uexp" 923
"../../../Engine/Plugins/Editor/SpeedTreeImporter/Content/SpeedTree9/UnpackInteger3.uasset" 924
"../../../Engine/Plugins/Editor/SpeedTreeImporter/Content/SpeedTree9/UnpackInteger3.uexp" 925
"../../../Engine/Plugins/Editor/SpeedTreeImporter/Content/SpeedTree9/SpeedTreeCameraFacing.uasset" 926
"../../../Engine/Plugins/Editor/SpeedTreeImporter/Content/SpeedTree9/SpeedTreeCameraFacing.uexp" 927
"../../../Engine/Content/Functions/Engine_MaterialFunctions02/WorldPositionOffset/ObjectScale.uasset" 928
"../../../Engine/Content/Functions/Engine_MaterialFunctions02/WorldPositionOffset/ObjectScale.uexp" 929
"../../../Engine/Content/Functions/Engine_MaterialFunctions02/SafeNormalize.uasset" 930
"../../../Engine/Content/Functions/Engine_MaterialFunctions02/SafeNormalize.uexp" 931
"../../../Engine/Plugins/Editor/SpeedTreeImporter/Content/SpeedTree9/SpeedTreeWindMotion.uasset" 932
"../../../Engine/Plugins/Editor/SpeedTreeImporter/Content/SpeedTree9/SpeedTreeWindMotion.uexp" 933
"../../../Engine/Plugins/Editor/SpeedTreeImporter/Content/SpeedTree9/SpeedTreeBranchMotion.uasset" 934
"../../../Engine/Plugins/Editor/SpeedTreeImporter/Content/SpeedTree9/SpeedTreeBranchMotion.uexp" 935
"../../../Engine/Plugins/Editor/SpeedTreeImporter/Content/SpeedTree9/SpeedTreeWind.uasset" 936
"../../../Engine/Plugins/Editor/SpeedTreeImporter/Content/SpeedTree9/SpeedTreeWind.uexp" 937
"../../../Engine/Plugins/Editor/SpeedTreeImporter/Content/SpeedTree9/EmptyNormal.uasset" 938
"../../../Engine/Plugins/Editor/SpeedTreeImporter/Content/SpeedTree9/EmptyNormal.uexp" 939
"../../../Engine/Plugins/Editor/SpeedTreeImporter/Content/SpeedTree9/Empty.uasset" 940
"../../../Engine/Plugins/Editor/SpeedTreeImporter/Content/SpeedTree9/Empty.uexp" 941
"../../../Engine/Plugins/Editor/SpeedTreeImporter/Content/SpeedTree9/SpeedTreeMaster.uasset" 942
"../../../Engine/Plugins/Editor/SpeedTreeImporter/Content/SpeedTree9/SpeedTreeMaster.uexp" 943
"../../../Engine/Plugins/Editor/SpeedTreeImporter/Content/SpeedTree9/SpeedTreeBillboard.uasset" 944
"../../../Engine/Plugins/Editor/SpeedTreeImporter/Content/SpeedTree9/SpeedTreeBillboard.uexp" 945
"../../../Engine/Plugins/Editor/SpeedTreeImporter/Content/SpeedTree9/SpeedTreeBillboardMaster.uasset" 946
"../../../Engine/Plugins/Editor/SpeedTreeImporter/Content/SpeedTree9/SpeedTreeBillboardMaster.uexp" 947
"../../../Engine/Content/Functions/Engine_MaterialFunctions02/WorldPositionOffset/CameraOffset.uasset" 948
"../../../Engine/Content/Functions/Engine_MaterialFunctions02/WorldPositionOffset/CameraOffset.uexp" 949
"../../../Engine/Plugins/Animation/ControlRig/Content/M_Manip.uasset" 950
"../../../Engine/Plugins/Animation/ControlRig/Content/M_Manip.uexp" 951
"../../../Engine/Plugins/Animation/ControlRig/Content/Controls/DefaultGizmoLibraryNormalized.uasset" 952
"../../../Engine/Plugins/Animation/ControlRig/Content/Controls/DefaultGizmoLibraryNormalized.uexp" 953
"../../../Engine/Plugins/Animation/ControlRig/Content/Controls/ControlRig_Wedge_solid.ubulk" 954
"../../../Engine/Plugins/Animation/ControlRig/Content/Controls/ControlRig_Wedge_solid.uasset" 955
"../../../Engine/Plugins/Animation/ControlRig/Content/Controls/ControlRig_Wedge_solid.uexp" 956
"../../../Engine/Plugins/Animation/ControlRig/Content/Controls/ControlRig_Wedge_3mm.ubulk" 957
"../../../Engine/Plugins/Animation/ControlRig/Content/Controls/ControlRig_Wedge_3mm.uasset" 958
"../../../Engine/Plugins/Animation/ControlRig/Content/Controls/ControlRig_Wedge_3mm.uexp" 959
"../../../Engine/Plugins/Animation/ControlRig/Content/Controls/ControlRig_Wedge_1mm.ubulk" 960
"../../../Engine/Plugins/Animation/ControlRig/Content/Controls/ControlRig_Wedge_1mm.uasset" 961
"../../../Engine/Plugins/Animation/ControlRig/Content/Controls/ControlRig_Wedge_1mm.uexp" 962
"../../../Engine/Plugins/Animation/ControlRig/Content/Controls/ControlRig_Triangle_solid.ubulk" 963
"../../../Engine/Plugins/Animation/ControlRig/Content/Controls/ControlRig_Triangle_solid.uasset" 964
"../../../Engine/Plugins/Animation/ControlRig/Content/Controls/ControlRig_Triangle_solid.uexp" 965
"../../../Engine/Plugins/Animation/ControlRig/Content/Controls/ControlRig_Triangle_3mm.ubulk" 966
"../../../Engine/Plugins/Animation/ControlRig/Content/Controls/ControlRig_Triangle_3mm.uasset" 967
"../../../Engine/Plugins/Animation/ControlRig/Content/Controls/ControlRig_Triangle_3mm.uexp" 968
"../../../Engine/Plugins/Animation/ControlRig/Content/Controls/ControlRig_Triangle_1mm.ubulk" 969
"../../../Engine/Plugins/Animation/ControlRig/Content/Controls/ControlRig_Triangle_1mm.uasset" 970
"../../../Engine/Plugins/Animation/ControlRig/Content/Controls/ControlRig_Triangle_1mm.uexp" 971
"../../../Engine/Plugins/Animation/ControlRig/Content/Controls/ControlRig_Star4_solid.ubulk" 972
"../../../Engine/Plugins/Animation/ControlRig/Content/Controls/ControlRig_Star4_solid.uasset" 973
"../../../Engine/Plugins/Animation/ControlRig/Content/Controls/ControlRig_Star4_solid.uexp" 974
"../../../Engine/Plugins/Animation/ControlRig/Content/Controls/ControlRig_Star4_3mm.ubulk" 975
"../../../Engine/Plugins/Animation/ControlRig/Content/Controls/ControlRig_Star4_3mm.uasset" 976
"../../../Engine/Plugins/Animation/ControlRig/Content/Controls/ControlRig_Star4_3mm.uexp" 977
"../../../Engine/Plugins/Animation/ControlRig/Content/Controls/ControlRig_Star4_1mm.ubulk" 978
"../../../Engine/Plugins/Animation/ControlRig/Content/Controls/ControlRig_Star4_1mm.uasset" 979
"../../../Engine/Plugins/Animation/ControlRig/Content/Controls/ControlRig_Star4_1mm.uexp" 980
"../../../Engine/Plugins/Animation/ControlRig/Content/Controls/ControlRig_Square_solid.ubulk" 981
"../../../Engine/Plugins/Animation/ControlRig/Content/Controls/ControlRig_Square_solid.uasset" 982
"../../../Engine/Plugins/Animation/ControlRig/Content/Controls/ControlRig_Square_solid.uexp" 983
"../../../Engine/Plugins/Animation/ControlRig/Content/Controls/ControlRig_Square_3mm.ubulk" 984
"../../../Engine/Plugins/Animation/ControlRig/Content/Controls/ControlRig_Square_3mm.uasset" 985
"../../../Engine/Plugins/Animation/ControlRig/Content/Controls/ControlRig_Square_3mm.uexp" 986
"../../../Engine/Plugins/Animation/ControlRig/Content/Controls/ControlRig_Square_1mm.ubulk" 987
"../../../Engine/Plugins/Animation/ControlRig/Content/Controls/ControlRig_Square_1mm.uasset" 988
"../../../Engine/Plugins/Animation/ControlRig/Content/Controls/ControlRig_Square_1mm.uexp" 989
"../../../Engine/Plugins/Animation/ControlRig/Content/Controls/ControlRig_Sphere_solid.ubulk" 990
"../../../Engine/Plugins/Animation/ControlRig/Content/Controls/ControlRig_Sphere_solid.uasset" 991
"../../../Engine/Plugins/Animation/ControlRig/Content/Controls/ControlRig_Sphere_solid.uexp" 992
"../../../Engine/Plugins/Animation/ControlRig/Content/Controls/ControlRig_Sphere_3mm.ubulk" 993
"../../../Engine/Plugins/Animation/ControlRig/Content/Controls/ControlRig_Sphere_3mm.uasset" 994
"../../../Engine/Plugins/Animation/ControlRig/Content/Controls/ControlRig_Sphere_3mm.uexp" 995
"../../../Engine/Plugins/Animation/ControlRig/Content/Controls/ControlRig_Sphere_1mm.ubulk" 996
"../../../Engine/Plugins/Animation/ControlRig/Content/Controls/ControlRig_Sphere_1mm.uasset" 997
"../../../Engine/Plugins/Animation/ControlRig/Content/Controls/ControlRig_Sphere_1mm.uexp" 998
"../../../Engine/Plugins/Animation/ControlRig/Content/Controls/ControlRig_RoundedTriangle_solid.ubulk" 999
"../../../Engine/Plugins/Animation/ControlRig/Content/Controls/ControlRig_RoundedTriangle_solid.uasset" 1000
"../../../Engine/Plugins/Animation/ControlRig/Content/Controls/ControlRig_RoundedTriangle_solid.uexp" 1001
"../../../Engine/Plugins/Animation/ControlRig/Content/Controls/ControlRig_RoundedTriangle_3mm.ubulk" 1002
"../../../Engine/Plugins/Animation/ControlRig/Content/Controls/ControlRig_RoundedTriangle_3mm.uasset" 1003
"../../../Engine/Plugins/Animation/ControlRig/Content/Controls/ControlRig_RoundedTriangle_3mm.uexp" 1004
"../../../Engine/Plugins/Animation/ControlRig/Content/Controls/ControlRig_RoundedTriangle_1mm.ubulk" 1005
"../../../Engine/Plugins/Animation/ControlRig/Content/Controls/ControlRig_RoundedTriangle_1mm.uasset" 1006
"../../../Engine/Plugins/Animation/ControlRig/Content/Controls/ControlRig_RoundedTriangle_1mm.uexp" 1007
"../../../Engine/Plugins/Animation/ControlRig/Content/Controls/ControlRig_RoundedSquare_solid.ubulk" 1008
"../../../Engine/Plugins/Animation/ControlRig/Content/Controls/ControlRig_RoundedSquare_solid.uasset" 1009
"../../../Engine/Plugins/Animation/ControlRig/Content/Controls/ControlRig_RoundedSquare_solid.uexp" 1010
"../../../Engine/Plugins/Animation/ControlRig/Content/Controls/ControlRig_RoundedSquare_3mm.ubulk" 1011
"../../../Engine/Plugins/Animation/ControlRig/Content/Controls/ControlRig_RoundedSquare_3mm.uasset" 1012
"../../../Engine/Plugins/Animation/ControlRig/Content/Controls/ControlRig_RoundedSquare_3mm.uexp" 1013
"../../../Engine/Plugins/Animation/ControlRig/Content/Controls/ControlRig_RoundedSquare_1mm.ubulk" 1014
"../../../Engine/Plugins/Animation/ControlRig/Content/Controls/ControlRig_RoundedSquare_1mm.uasset" 1015
"../../../Engine/Plugins/Animation/ControlRig/Content/Controls/ControlRig_RoundedSquare_1mm.uexp" 1016
"../../../Engine/Plugins/Animation/ControlRig/Content/Controls/ControlRig_QuarterCircle_solid.ubulk" 1017
"../../../Engine/Plugins/Animation/ControlRig/Content/Controls/ControlRig_QuarterCircle_solid.uasset" 1018
"../../../Engine/Plugins/Animation/ControlRig/Content/Controls/ControlRig_QuarterCircle_solid.uexp" 1019
"../../../Engine/Plugins/Animation/ControlRig/Content/Controls/ControlRig_QuarterCircle_3mm.ubulk" 1020
"../../../Engine/Plugins/Animation/ControlRig/Content/Controls/ControlRig_QuarterCircle_3mm.uasset" 1021
"../../../Engine/Plugins/Animation/ControlRig/Content/Controls/ControlRig_QuarterCircle_3mm.uexp" 1022
"../../../Engine/Plugins/Animation/ControlRig/Content/Controls/ControlRig_QuarterCircle_1mm.ubulk" 1023
"../../../Engine/Plugins/Animation/ControlRig/Content/Controls/ControlRig_QuarterCircle_1mm.uasset" 1024
"../../../Engine/Plugins/Animation/ControlRig/Content/Controls/ControlRig_QuarterCircle_1mm.uexp" 1025
"../../../Engine/Plugins/Animation/ControlRig/Content/Controls/ControlRig_Pyramid_solid.ubulk" 1026
"../../../Engine/Plugins/Animation/ControlRig/Content/Controls/ControlRig_Pyramid_solid.uasset" 1027
"../../../Engine/Plugins/Animation/ControlRig/Content/Controls/ControlRig_Pyramid_solid.uexp" 1028
"../../../Engine/Plugins/Animation/ControlRig/Content/Controls/ControlRig_Pyramid_3mm.ubulk" 1029
"../../../Engine/Plugins/Animation/ControlRig/Content/Controls/ControlRig_Pyramid_3mm.uasset" 1030
"../../../Engine/Plugins/Animation/ControlRig/Content/Controls/ControlRig_Pyramid_3mm.uexp" 1031
"../../../Engine/Plugins/Animation/ControlRig/Content/Controls/ControlRig_Pyramid_1mm.ubulk" 1032
"../../../Engine/Plugins/Animation/ControlRig/Content/Controls/ControlRig_Pyramid_1mm.uasset" 1033
"../../../Engine/Plugins/Animation/ControlRig/Content/Controls/ControlRig_Pyramid_1mm.uexp" 1034
"../../../Engine/Plugins/Animation/ControlRig/Content/Controls/ControlRig_Octagon_solid.ubulk" 1035
"../../../Engine/Plugins/Animation/ControlRig/Content/Controls/ControlRig_Octagon_solid.uasset" 1036
"../../../Engine/Plugins/Animation/ControlRig/Content/Controls/ControlRig_Octagon_solid.uexp" 1037
"../../../Engine/Plugins/Animation/ControlRig/Content/Controls/ControlRig_Octagon_3mm.ubulk" 1038
"../../../Engine/Plugins/Animation/ControlRig/Content/Controls/ControlRig_Octagon_3mm.uasset" 1039
"../../../Engine/Plugins/Animation/ControlRig/Content/Controls/ControlRig_Octagon_3mm.uexp" 1040
"../../../Engine/Plugins/Animation/ControlRig/Content/Controls/ControlRig_Octagon_1mm.ubulk" 1041
"../../../Engine/Plugins/Animation/ControlRig/Content/Controls/ControlRig_Octagon_1mm.uasset" 1042
"../../../Engine/Plugins/Animation/ControlRig/Content/Controls/ControlRig_Octagon_1mm.uexp" 1043
"../../../Engine/Plugins/Animation/ControlRig/Content/Controls/ControlRig_Hexagon_solid.ubulk" 1044
"../../../Engine/Plugins/Animation/ControlRig/Content/Controls/ControlRig_Hexagon_solid.uasset" 1045
"../../../Engine/Plugins/Animation/ControlRig/Content/Controls/ControlRig_Hexagon_solid.uexp" 1046
"../../../Engine/Plugins/Animation/ControlRig/Content/Controls/ControlRig_Hexagon_3mm.ubulk" 1047
"../../../Engine/Plugins/Animation/ControlRig/Content/Controls/ControlRig_Hexagon_3mm.uasset" 1048
"../../../Engine/Plugins/Animation/ControlRig/Content/Controls/ControlRig_Hexagon_3mm.uexp" 1049
"../../../Engine/Plugins/Animation/ControlRig/Content/Controls/ControlRig_Hexagon_1mm.ubulk" 1050
"../../../Engine/Plugins/Animation/ControlRig/Content/Controls/ControlRig_Hexagon_1mm.uasset" 1051
"../../../Engine/Plugins/Animation/ControlRig/Content/Controls/ControlRig_Hexagon_1mm.uexp" 1052
"../../../Engine/Plugins/Animation/ControlRig/Content/Controls/ControlRig_HalfCircle_solid.ubulk" 1053
"../../../Engine/Plugins/Animation/ControlRig/Content/Controls/ControlRig_HalfCircle_solid.uasset" 1054
"../../../Engine/Plugins/Animation/ControlRig/Content/Controls/ControlRig_HalfCircle_solid.uexp" 1055
"../../../Engine/Plugins/Animation/ControlRig/Content/Controls/ControlRig_HalfCircle_3mm.ubulk" 1056
"../../../Engine/Plugins/Animation/ControlRig/Content/Controls/ControlRig_HalfCircle_3mm.uasset" 1057
"../../../Engine/Plugins/Animation/ControlRig/Content/Controls/ControlRig_HalfCircle_3mm.uexp" 1058
"../../../Engine/Plugins/Animation/ControlRig/Content/Controls/ControlRig_HalfCircle_1mm.ubulk" 1059
"../../../Engine/Plugins/Animation/ControlRig/Content/Controls/ControlRig_HalfCircle_1mm.uasset" 1060
"../../../Engine/Plugins/Animation/ControlRig/Content/Controls/ControlRig_HalfCircle_1mm.uexp" 1061
"../../../Engine/Plugins/Animation/ControlRig/Content/Controls/ControlRig_Diamond_solid.ubulk" 1062
"../../../Engine/Plugins/Animation/ControlRig/Content/Controls/ControlRig_Diamond_solid.uasset" 1063
"../../../Engine/Plugins/Animation/ControlRig/Content/Controls/ControlRig_Diamond_solid.uexp" 1064
"../../../Engine/Plugins/Animation/ControlRig/Content/Controls/ControlRig_Diamond_3mm.ubulk" 1065
"../../../Engine/Plugins/Animation/ControlRig/Content/Controls/ControlRig_Diamond_3mm.uasset" 1066
"../../../Engine/Plugins/Animation/ControlRig/Content/Controls/ControlRig_Diamond_3mm.uexp" 1067
"../../../Engine/Plugins/Animation/ControlRig/Content/Controls/ControlRig_Diamond_1mm.ubulk" 1068
"../../../Engine/Plugins/Animation/ControlRig/Content/Controls/ControlRig_Diamond_1mm.uasset" 1069
"../../../Engine/Plugins/Animation/ControlRig/Content/Controls/ControlRig_Diamond_1mm.uexp" 1070
"../../../Engine/Plugins/Animation/ControlRig/Content/Controls/ControlRig_Circle_solid.ubulk" 1071
"../../../Engine/Plugins/Animation/ControlRig/Content/Controls/ControlRig_Circle_solid.uasset" 1072
"../../../Engine/Plugins/Animation/ControlRig/Content/Controls/ControlRig_Circle_solid.uexp" 1073
"../../../Engine/Plugins/Animation/ControlRig/Content/Controls/ControlRig_Circle_3mm.ubulk" 1074
"../../../Engine/Plugins/Animation/ControlRig/Content/Controls/ControlRig_Circle_3mm.uasset" 1075
"../../../Engine/Plugins/Animation/ControlRig/Content/Controls/ControlRig_Circle_3mm.uexp" 1076
"../../../Engine/Plugins/Animation/ControlRig/Content/Controls/ControlRig_Circle_1mm.ubulk" 1077
"../../../Engine/Plugins/Animation/ControlRig/Content/Controls/ControlRig_Circle_1mm.uasset" 1078
"../../../Engine/Plugins/Animation/ControlRig/Content/Controls/ControlRig_Circle_1mm.uexp" 1079
"../../../Engine/Plugins/Animation/ControlRig/Content/Controls/ControlRig_Box_solid.ubulk" 1080
"../../../Engine/Plugins/Animation/ControlRig/Content/Controls/ControlRig_Box_solid.uasset" 1081
"../../../Engine/Plugins/Animation/ControlRig/Content/Controls/ControlRig_Box_solid.uexp" 1082
"../../../Engine/Plugins/Animation/ControlRig/Content/Controls/ControlRig_Box_3mm.ubulk" 1083
"../../../Engine/Plugins/Animation/ControlRig/Content/Controls/ControlRig_Box_3mm.uasset" 1084
"../../../Engine/Plugins/Animation/ControlRig/Content/Controls/ControlRig_Box_3mm.uexp" 1085
"../../../Engine/Plugins/Animation/ControlRig/Content/Controls/ControlRig_Box_1mm.ubulk" 1086
"../../../Engine/Plugins/Animation/ControlRig/Content/Controls/ControlRig_Box_1mm.uasset" 1087
"../../../Engine/Plugins/Animation/ControlRig/Content/Controls/ControlRig_Box_1mm.uexp" 1088
"../../../Engine/Plugins/Animation/ControlRig/Content/Controls/ControlRig_Arrow_solid.ubulk" 1089
"../../../Engine/Plugins/Animation/ControlRig/Content/Controls/ControlRig_Arrow_solid.uasset" 1090
"../../../Engine/Plugins/Animation/ControlRig/Content/Controls/ControlRig_Arrow_solid.uexp" 1091
"../../../Engine/Plugins/Animation/ControlRig/Content/Controls/ControlRig_Arrow_3mm.ubulk" 1092
"../../../Engine/Plugins/Animation/ControlRig/Content/Controls/ControlRig_Arrow_3mm.uasset" 1093
"../../../Engine/Plugins/Animation/ControlRig/Content/Controls/ControlRig_Arrow_3mm.uexp" 1094
"../../../Engine/Plugins/Animation/ControlRig/Content/Controls/ControlRig_Arrow_1mm.ubulk" 1095
"../../../Engine/Plugins/Animation/ControlRig/Content/Controls/ControlRig_Arrow_1mm.uasset" 1096
"../../../Engine/Plugins/Animation/ControlRig/Content/Controls/ControlRig_Arrow_1mm.uexp" 1097
"../../../Engine/Plugins/Animation/ControlRig/Content/Controls/ControlRig_Arrow4_solid.ubulk" 1098
"../../../Engine/Plugins/Animation/ControlRig/Content/Controls/ControlRig_Arrow4_solid.uasset" 1099
"../../../Engine/Plugins/Animation/ControlRig/Content/Controls/ControlRig_Arrow4_solid.uexp" 1100
"../../../Engine/Plugins/Animation/ControlRig/Content/Controls/ControlRig_Arrow4_3mm.ubulk" 1101
"../../../Engine/Plugins/Animation/ControlRig/Content/Controls/ControlRig_Arrow4_3mm.uasset" 1102
"../../../Engine/Plugins/Animation/ControlRig/Content/Controls/ControlRig_Arrow4_3mm.uexp" 1103
"../../../Engine/Plugins/Animation/ControlRig/Content/Controls/ControlRig_Arrow4_1mm.ubulk" 1104
"../../../Engine/Plugins/Animation/ControlRig/Content/Controls/ControlRig_Arrow4_1mm.uasset" 1105
"../../../Engine/Plugins/Animation/ControlRig/Content/Controls/ControlRig_Arrow4_1mm.uexp" 1106
"../../../Engine/Plugins/Animation/ControlRig/Content/Controls/ControlRig_Arrow2_solid.ubulk" 1107
"../../../Engine/Plugins/Animation/ControlRig/Content/Controls/ControlRig_Arrow2_solid.uasset" 1108
"../../../Engine/Plugins/Animation/ControlRig/Content/Controls/ControlRig_Arrow2_solid.uexp" 1109
"../../../Engine/Plugins/Animation/ControlRig/Content/Controls/ControlRig_Arrow2_3mm.ubulk" 1110
"../../../Engine/Plugins/Animation/ControlRig/Content/Controls/ControlRig_Arrow2_3mm.uasset" 1111
"../../../Engine/Plugins/Animation/ControlRig/Content/Controls/ControlRig_Arrow2_3mm.uexp" 1112
"../../../Engine/Plugins/Animation/ControlRig/Content/Controls/ControlRig_Arrow2_1mm.ubulk" 1113
"../../../Engine/Plugins/Animation/ControlRig/Content/Controls/ControlRig_Arrow2_1mm.uasset" 1114
"../../../Engine/Plugins/Animation/ControlRig/Content/Controls/ControlRig_Arrow2_1mm.uexp" 1115
"../../../Engine/Plugins/Animation/ControlRig/Content/Controls/ControlRigXRayMaterial.uasset" 1116
"../../../Engine/Plugins/Animation/ControlRig/Content/Controls/ControlRigXRayMaterial.uexp" 1117
"../../../Engine/Plugins/Animation/ControlRig/Content/Controls/ControlRigGizmoMaterial.uasset" 1118
"../../../Engine/Plugins/Animation/ControlRig/Content/Controls/ControlRigGizmoMaterial.uexp" 1119
"../../../Engine/Plugins/Animation/ACLPlugin/Content/ACLAnimCurveCompressionSettings.uasset" 1120
"../../../Engine/Plugins/Animation/ACLPlugin/Content/ACLAnimCurveCompressionSettings.uexp" 1121
"../../../Engine/Plugins/Animation/ACLPlugin/Content/ACLAnimBoneCompressionSettings.uasset" 1122
"../../../Engine/Plugins/Animation/ACLPlugin/Content/ACLAnimBoneCompressionSettings.uexp" 1123
"../../../Engine/Plugins/2D/Paper2D/Content/OpaqueUnlitSpriteMaterial.uasset" 1124
"../../../Engine/Plugins/2D/Paper2D/Content/OpaqueUnlitSpriteMaterial.uexp" 1125
"../../../Engine/Plugins/2D/Paper2D/Content/MaskedUnlitSpriteMaterial.uasset" 1126
"../../../Engine/Plugins/2D/Paper2D/Content/MaskedUnlitSpriteMaterial.uexp" 1127
"../../../Engine/Plugins/2D/Paper2D/Content/DummySprite.uasset" 1128
"../../../Engine/Plugins/2D/Paper2D/Content/DummySprite.uexp" 1129
"../../../Engine/Plugins/2D/Paper2D/Content/DefaultPaperTerrainMaterial.uasset" 1130
"../../../Engine/Plugins/2D/Paper2D/Content/DefaultPaperTerrainMaterial.uexp" 1131
"../../../Engine/Content/VREditor/TransformGizmo/StartRotationHandleIndicator.ubulk" 1132
"../../../Engine/Content/VREditor/TransformGizmo/StartRotationHandleIndicator.uasset" 1133
"../../../Engine/Content/VREditor/TransformGizmo/StartRotationHandleIndicator.uexp" 1134
"../../../Engine/Content/VREditor/Sounds/UI/Drop_Item_From_ContentBrowser.ubulk" 1135
"../../../Engine/Content/VREditor/Sounds/UI/Drop_Item_From_ContentBrowser.uasset" 1136
"../../../Engine/Content/VREditor/Sounds/UI/Drop_Item_From_ContentBrowser.uexp" 1137
"../../../Engine/Content/VREditor/TransformGizmo/PlaneTranslationHandle.ubulk" 1138
"../../../Engine/Content/VREditor/TransformGizmo/PlaneTranslationHandle.uasset" 1139
"../../../Engine/Content/VREditor/TransformGizmo/PlaneTranslationHandle.uexp" 1140
"../../../Engine/Content/VREditor/Sounds/UI/Object_Snaps_To_Grid.ubulk" 1141
"../../../Engine/Content/VREditor/Sounds/UI/Object_Snaps_To_Grid.uasset" 1142
"../../../Engine/Content/VREditor/Sounds/UI/Object_Snaps_To_Grid.uexp" 1143
"../../../Engine/Content/VREditor/Sounds/UI/Selection_Changes.ubulk" 1144
"../../../Engine/Content/VREditor/Sounds/UI/Selection_Changes.uasset" 1145
"../../../Engine/Content/VREditor/Sounds/UI/Selection_Changes.uexp" 1146
"../../../Engine/Content/VREditor/Sounds/UI/Object_Snaps_To_Another_Actor.ubulk" 1147
"../../../Engine/Content/VREditor/Sounds/UI/Object_Snaps_To_Another_Actor.uasset" 1148
"../../../Engine/Content/VREditor/Sounds/UI/Object_Snaps_To_Another_Actor.uexp" 1149
"../../../Engine/Content/VREditor/TransformGizmo/TranslucentTransformGizmoMaterial_Inst.uasset" 1150
"../../../Engine/Content/VREditor/TransformGizmo/TranslucentTransformGizmoMaterial_Inst.uexp" 1151
"../../../Engine/Content/VREditor/TransformGizmo/TransformGizmoFreeRotation.ubulk" 1152
"../../../Engine/Content/VREditor/TransformGizmo/TransformGizmoFreeRotation.uasset" 1153
"../../../Engine/Content/VREditor/TransformGizmo/TransformGizmoFreeRotation.uexp" 1154
"../../../Engine/Content/VREditor/Sounds/UI/Scaling_Down.ubulk" 1155
"../../../Engine/Content/VREditor/Sounds/UI/Scaling_Down.uasset" 1156
"../../../Engine/Content/VREditor/Sounds/UI/Scaling_Down.uexp" 1157
"../../../Engine/Content/Functions/Engine_MaterialFunctions02/Math/Transform3x3Matrix.uasset" 1158
"../../../Engine/Content/Functions/Engine_MaterialFunctions02/Math/Transform3x3Matrix.uexp" 1159
"../../../Engine/Content/Functions/Engine_MaterialFunctions02/SplitComponents.uasset" 1160
"../../../Engine/Content/Functions/Engine_MaterialFunctions02/SplitComponents.uexp" 1161
"../../../Engine/Content/Functions/Engine_MaterialFunctions02/Utility/MakeFloat3.uasset" 1162
"../../../Engine/Content/Functions/Engine_MaterialFunctions02/Utility/MakeFloat3.uexp" 1163
"../../../Engine/Content/VREditor/SnapGrid/SnapGridMaterial.uasset" 1164
"../../../Engine/Content/VREditor/SnapGrid/SnapGridMaterial.uexp" 1165
"../../../Engine/Content/VREditor/SnapGrid/SnapGridPlaneMesh.ubulk" 1166
"../../../Engine/Content/VREditor/SnapGrid/SnapGridPlaneMesh.uasset" 1167
"../../../Engine/Content/VREditor/SnapGrid/SnapGridPlaneMesh.uexp" 1168
"../../../Engine/Content/VREditor/Sounds/UI/Scaling_Up.ubulk" 1169
"../../../Engine/Content/VREditor/Sounds/UI/Scaling_Up.uasset" 1170
"../../../Engine/Content/VREditor/Sounds/UI/Scaling_Up.uexp" 1171
"../../../Engine/Content/VREditor/TransformGizmo/TransformGizmoMaterial_Inst.uasset" 1172
"../../../Engine/Content/VREditor/TransformGizmo/TransformGizmoMaterial_Inst.uexp" 1173
"../../../Engine/Content/VREditor/Sounds/UI/Gizmo_Handle_Clicked.ubulk" 1174
"../../../Engine/Content/VREditor/Sounds/UI/Gizmo_Handle_Clicked.uasset" 1175
"../../../Engine/Content/VREditor/Sounds/UI/Gizmo_Handle_Clicked.uexp" 1176
"../../../Engine/Content/VREditor/TransformGizmo/RotationHandleQuarter.ubulk" 1177
"../../../Engine/Content/VREditor/TransformGizmo/RotationHandleQuarter.uasset" 1178
"../../../Engine/Content/VREditor/TransformGizmo/RotationHandleQuarter.uexp" 1179
"../../../Engine/Content/VREditor/TransformGizmo/TranslateArrowHandle.ubulk" 1180
"../../../Engine/Content/VREditor/TransformGizmo/TranslateArrowHandle.uasset" 1181
"../../../Engine/Content/VREditor/TransformGizmo/TranslateArrowHandle.uexp" 1182
"../../../Engine/Content/VREditor/TransformGizmo/RotationHandleIndicator.ubulk" 1183
"../../../Engine/Content/VREditor/TransformGizmo/RotationHandleIndicator.uasset" 1184
"../../../Engine/Content/VREditor/TransformGizmo/RotationHandleIndicator.uexp" 1185
"../../../Engine/Content/VREditor/TransformGizmo/UniformScaleHandle.ubulk" 1186
"../../../Engine/Content/VREditor/TransformGizmo/UniformScaleHandle.uasset" 1187
"../../../Engine/Content/VREditor/TransformGizmo/UniformScaleHandle.uexp" 1188
"../../../Engine/Content/VREditor/TransformGizmo/RotationHandleFull.ubulk" 1189
"../../../Engine/Content/VREditor/TransformGizmo/RotationHandleFull.uasset" 1190
"../../../Engine/Content/VREditor/TransformGizmo/RotationHandleFull.uexp" 1191
"../../../Engine/Content/VREditor/Sounds/UI/Object_PickUp.ubulk" 1192
"../../../Engine/Content/VREditor/Sounds/UI/Object_PickUp.uasset" 1193
"../../../Engine/Content/VREditor/Sounds/UI/Object_PickUp.uexp" 1194
"../../../Engine/Content/EngineSounds/Master.uasset" 1195
"../../../Engine/Content/EngineSounds/Master.uexp" 1196
"../../../Engine/Content/EngineResources/WhiteSquareTexture.uasset" 1197
"../../../Engine/Content/EngineResources/WhiteSquareTexture.uexp" 1198
"../../../Engine/Content/EngineMaterials/Widget3DPassThrough.uasset" 1199
"../../../Engine/Content/EngineMaterials/Widget3DPassThrough.uexp" 1200
"../../../Engine/Content/EngineMaterials/Widget3DPassThrough_Opaque.uasset" 1201
"../../../Engine/Content/EngineMaterials/Widget3DPassThrough_Opaque.uexp" 1202
"../../../Engine/Content/EngineMaterials/Widget3DPassThrough_Opaque_OneSided.uasset" 1203
"../../../Engine/Content/EngineMaterials/Widget3DPassThrough_Opaque_OneSided.uexp" 1204
"../../../Engine/Content/EngineMaterials/Widget3DPassThrough_Masked_OneSided.uasset" 1205
"../../../Engine/Content/EngineMaterials/Widget3DPassThrough_Masked_OneSided.uexp" 1206
"../../../Engine/Content/EngineMaterials/Widget3DPassThrough_Masked.uasset" 1207
"../../../Engine/Content/EngineMaterials/Widget3DPassThrough_Masked.uexp" 1208
"../../../Engine/Content/EngineMaterials/STBlueNoise_vec2_128x128x64.uasset" 1209
"../../../Engine/Content/EngineMaterials/STBlueNoise_vec2_128x128x64.uexp" 1210
"../../../Engine/Content/EngineMaterials/STBlueNoise_scalar_128x128x64.uasset" 1211
"../../../Engine/Content/EngineMaterials/STBlueNoise_scalar_128x128x64.uexp" 1212
"../../../Engine/Content/EngineMaterials/RemoveSurfaceMaterial.uasset" 1213
"../../../Engine/Content/EngineMaterials/RemoveSurfaceMaterial.uexp" 1214
"../../../Engine/Content/EngineMaterials/DefaultCalibrationGrayscale.uasset" 1215
"../../../Engine/Content/EngineMaterials/DefaultCalibrationGrayscale.uexp" 1216
"../../../Engine/Content/EngineMaterials/PPM_DefaultCalibrationGrayscale.uasset" 1217
"../../../Engine/Content/EngineMaterials/PPM_DefaultCalibrationGrayscale.uexp" 1218
"../../../Engine/Content/EngineMaterials/DefaultCalibrationColor.uasset" 1219
"../../../Engine/Content/EngineMaterials/DefaultCalibrationColor.uexp" 1220
"../../../Engine/Content/EngineMaterials/PPM_DefaultCalibrationColor.uasset" 1221
"../../../Engine/Content/EngineMaterials/PPM_DefaultCalibrationColor.uexp" 1222
"../../../Engine/Content/EngineMaterials/PhAT_JointLimitMaterial.uasset" 1223
"../../../Engine/Content/EngineMaterials/PhAT_JointLimitMaterial.uexp" 1224
"../../../Engine/Content/EngineMaterials/NaniteHiddenSectionMaterial.uasset" 1225
"../../../Engine/Content/EngineMaterials/NaniteHiddenSectionMaterial.uexp" 1226
"../../../Engine/Content/EngineMaterials/InvalidLightmapSettings.ubulk" 1227
"../../../Engine/Content/EngineMaterials/InvalidLightmapSettings.uasset" 1228
"../../../Engine/Content/EngineMaterials/InvalidLightmapSettings.uexp" 1229
"../../../Engine/Content/EngineMaterials/M_InvalidLightmapSettings.uasset" 1230
"../../../Engine/Content/EngineMaterials/M_InvalidLightmapSettings.uexp" 1231
"../../../Engine/Content/EngineMaterials/GizmoMaterial.uasset" 1232
"../../../Engine/Content/EngineMaterials/GizmoMaterial.uexp" 1233
"../../../Engine/Content/EngineMaterials/BaseFlattenEmissiveMap_VT.uasset" 1234
"../../../Engine/Content/EngineMaterials/BaseFlattenEmissiveMap_VT.uexp" 1235
"../../../Engine/Content/EngineMaterials/BaseFlattenGrayscaleMap_VT.uasset" 1236
"../../../Engine/Content/EngineMaterials/BaseFlattenGrayscaleMap_VT.uexp" 1237
"../../../Engine/Content/EngineMaterials/BaseFlattenLinearColor_VT.uasset" 1238
"../../../Engine/Content/EngineMaterials/BaseFlattenLinearColor_VT.uexp" 1239
"../../../Engine/Content/EngineMaterials/Black_1x1_EXR_Texture_VT.uasset" 1240
"../../../Engine/Content/EngineMaterials/Black_1x1_EXR_Texture_VT.uexp" 1241
"../../../Engine/Content/EngineMaterials/BaseFlattenDiffuseMap_VT.uasset" 1242
"../../../Engine/Content/EngineMaterials/BaseFlattenDiffuseMap_VT.uexp" 1243
"../../../Engine/Content/EngineMaterials/BaseFlattenNormalMap_VT.uasset" 1244
"../../../Engine/Content/EngineMaterials/BaseFlattenNormalMap_VT.uexp" 1245
"../../../Engine/Content/EngineMaterials/FlattenMaterial_WS_Normal_VT.uasset" 1246
"../../../Engine/Content/EngineMaterials/FlattenMaterial_WS_Normal_VT.uexp" 1247
"../../../Engine/Content/EngineMaterials/FlattenMaterial_VT.uasset" 1248
"../../../Engine/Content/EngineMaterials/FlattenMaterial_VT.uexp" 1249
"../../../Engine/Content/EngineMaterials/BaseFlattenNormalMap.uasset" 1250
"../../../Engine/Content/EngineMaterials/BaseFlattenNormalMap.uexp" 1251
"../../../Engine/Content/EngineMaterials/BaseFlattenGrayscaleMap.uasset" 1252
"../../../Engine/Content/EngineMaterials/BaseFlattenGrayscaleMap.uexp" 1253
"../../../Engine/Content/EngineMaterials/BaseFlattenDiffuseMap.uasset" 1254
"../../../Engine/Content/EngineMaterials/BaseFlattenDiffuseMap.uexp" 1255
"../../../Engine/Content/Functions/Engine_MaterialFunctions02/PivotPainter2/Black_1x1_EXR_Texture.uasset" 1256
"../../../Engine/Content/Functions/Engine_MaterialFunctions02/PivotPainter2/Black_1x1_EXR_Texture.uexp" 1257
"../../../Engine/Content/EngineMaterials/BaseFlattenEmissiveMap.uasset" 1258
"../../../Engine/Content/EngineMaterials/BaseFlattenEmissiveMap.uexp" 1259
"../../../Engine/Content/EngineMaterials/BaseFlattenLinearColor.uasset" 1260
"../../../Engine/Content/EngineMaterials/BaseFlattenLinearColor.uexp" 1261
"../../../Engine/Content/EngineMaterials/FlattenMaterial.uasset" 1262
"../../../Engine/Content/EngineMaterials/FlattenMaterial.uexp" 1263
"../../../Engine/Content/EngineMaterials/DefaultWhiteGrid_Low.uasset" 1264
"../../../Engine/Content/EngineMaterials/DefaultWhiteGrid_Low.uexp" 1265
"../../../Engine/Content/EngineMaterials/EmissiveMeshMaterial.uasset" 1266
"../../../Engine/Content/EngineMaterials/EmissiveMeshMaterial.uexp" 1267
"../../../Engine/Content/EngineFonts/RobotoDistanceField.uasset" 1268
"../../../Engine/Content/EngineFonts/RobotoDistanceField.uexp" 1269
"../../../Engine/Content/EngineMaterials/DefaultTextMaterialOpaque.uasset" 1270
"../../../Engine/Content/EngineMaterials/DefaultTextMaterialOpaque.uexp" 1271
"../../../Engine/Content/EngineMaterials/DefaultDiffuse.ubulk" 1272
"../../../Engine/Content/EngineMaterials/DefaultDiffuse.uasset" 1273
"../../../Engine/Content/EngineMaterials/DefaultDiffuse.uexp" 1274
"../../../Engine/Content/Functions/Engine_MaterialFunctions02/Utility/BreakOutFloat2Components.uasset" 1275
"../../../Engine/Content/Functions/Engine_MaterialFunctions02/Utility/BreakOutFloat2Components.uexp" 1276
"../../../Engine/Content/EngineMaterials/DefaultPostProcessMaterial.uasset" 1277
"../../../Engine/Content/EngineMaterials/DefaultPostProcessMaterial.uexp" 1278
"../../../Engine/Content/EngineMaterials/DefaultPhysicalMaterial.uasset" 1279
"../../../Engine/Content/EngineMaterials/DefaultPhysicalMaterial.uexp" 1280
"../../../Engine/Content/EngineMaterials/DefaultLightFunctionMaterial.uasset" 1281
"../../../Engine/Content/EngineMaterials/DefaultLightFunctionMaterial.uexp" 1282
"../../../Engine/Content/EngineMaterials/DefaultDestructiblePhysicalMaterial.uasset" 1283
"../../../Engine/Content/EngineMaterials/DefaultDestructiblePhysicalMaterial.uexp" 1284
"../../../Engine/Content/EngineMaterials/DefaultDeferredDecalMaterial.uasset" 1285
"../../../Engine/Content/EngineMaterials/DefaultDeferredDecalMaterial.uexp" 1286
"../../../Engine/Content/EngineMaterials/DefaultBloomKernel.uasset" 1287
"../../../Engine/Content/EngineMaterials/DefaultBloomKernel.uexp" 1288
"../../../Engine/Content/EngineFonts/Faces/RobotoLight.uexp" 1289
"../../../Engine/Content/EngineFonts/Faces/RobotoLight.uasset" 1290
"../../../Engine/Content/EngineFonts/Faces/RobotoLight.ufont" 1291
"../../../Engine/Content/EngineFonts/Faces/RobotoBold.uexp" 1292
"../../../Engine/Content/EngineFonts/Faces/RobotoBold.uasset" 1293
"../../../Engine/Content/EngineFonts/Faces/RobotoBold.ufont" 1294
"../../../Engine/Content/EngineFonts/Faces/RobotoRegular.uexp" 1295
"../../../Engine/Content/EngineFonts/Faces/RobotoRegular.uasset" 1296
"../../../Engine/Content/EngineFonts/Faces/RobotoRegular.ufont" 1297
"../../../Engine/Content/EngineFonts/Faces/DroidSansFallback.uexp" 1298
"../../../Engine/Content/EngineFonts/Faces/DroidSansFallback.uasset" 1299
"../../../Engine/Content/EngineFonts/Faces/DroidSansFallback.ufont" 1300
"../../../Engine/Content/EngineFonts/Faces/RobotoItalic.uexp" 1301
"../../../Engine/Content/EngineFonts/Faces/RobotoItalic.uasset" 1302
"../../../Engine/Content/EngineFonts/Faces/RobotoItalic.ufont" 1303
"../../../Engine/Content/EngineFonts/Faces/RobotoBoldItalic.uexp" 1304
"../../../Engine/Content/EngineFonts/Faces/RobotoBoldItalic.uasset" 1305
"../../../Engine/Content/EngineFonts/Faces/RobotoBoldItalic.ufont" 1306
"../../../Engine/Content/EngineFonts/Roboto.uasset" 1307
"../../../Engine/Content/EngineFonts/Roboto.uexp" 1308
"../../../Engine/Content/EngineDebugMaterials/VolumeToRender.uasset" 1309
"../../../Engine/Content/EngineDebugMaterials/VolumeToRender.uexp" 1310
"../../../Engine/Content/EngineDebugMaterials/M_VolumeRenderSphereTracePP.uasset" 1311
"../../../Engine/Content/EngineDebugMaterials/M_VolumeRenderSphereTracePP.uexp" 1312
"../../../Engine/Content/EngineDebugMaterials/M_SimpleUnlitTranslucent.uasset" 1313
"../../../Engine/Content/EngineDebugMaterials/M_SimpleUnlitTranslucent.uexp" 1314
"../../../Engine/Content/EngineDebugMaterials/DebugMeshMaterial.uasset" 1315
"../../../Engine/Content/EngineDebugMaterials/DebugMeshMaterial.uexp" 1316
"../../../Engine/Content/EngineDebugMaterials/DebugEditorMaterial.uasset" 1317
"../../../Engine/Content/EngineDebugMaterials/DebugEditorMaterial.uexp" 1318
"../../../Engine/Content/EngineDamageTypes/DmgTypeBP_Environmental.uasset" 1319
"../../../Engine/Content/EngineDamageTypes/DmgTypeBP_Environmental.uexp" 1320
"../../../Engine/Content/EditorResources/S_Terrain.ubulk" 1321
"../../../Engine/Content/EditorResources/S_Terrain.uasset" 1322
"../../../Engine/Content/EditorResources/S_Terrain.uexp" 1323
"../../../Engine/Content/EditorResources/EmptyActor.uasset" 1324
"../../../Engine/Content/EditorResources/EmptyActor.uexp" 1325
"../../../Engine/Content/EditorResources/BSPVertex.uasset" 1326
"../../../Engine/Content/EditorResources/BSPVertex.uexp" 1327
"../../../Engine/Content/EditorMaterials/PreviewShadowIndicator.ubulk" 1328
"../../../Engine/Content/EditorMaterials/PreviewShadowIndicator.uasset" 1329
"../../../Engine/Content/EditorMaterials/PreviewShadowIndicator.uexp" 1330
"../../../Engine/Content/EditorMaterials/PreviewShadowIndicatorMaterial.uasset" 1331
"../../../Engine/Content/EditorMaterials/PreviewShadowIndicatorMaterial.uexp" 1332
"../../../Engine/Content/EditorMaterials/PhAT_UnselectedMaterial.uasset" 1333
"../../../Engine/Content/EditorMaterials/PhAT_UnselectedMaterial.uexp" 1334
"../../../Engine/Content/EditorMaterials/PhAT_NoCollisionMaterial.uasset" 1335
"../../../Engine/Content/EditorMaterials/PhAT_NoCollisionMaterial.uexp" 1336
"../../../Engine/Content/EditorLandscapeResources/DefaultAlphaTexture.uasset" 1337
"../../../Engine/Content/EditorLandscapeResources/DefaultAlphaTexture.uexp" 1338
"../../../Engine/Content/EditorLandscapeResources/DataLayer.uasset" 1339
"../../../Engine/Content/EditorLandscapeResources/DataLayer.uexp" 1340
"../../../Engine/Content/EngineMaterials/DefaultMaterial.uasset" 1341
"../../../Engine/Content/EngineMaterials/DefaultMaterial.uexp" 1342
"../../../Engine/Content/BasicShapes/Sphere.ubulk" 1343
"../../../Engine/Content/BasicShapes/Sphere.uasset" 1344
"../../../Engine/Content/BasicShapes/Sphere.uexp" 1345
"../../../Engine/Content/BasicShapes/Plane.ubulk" 1346
"../../../Engine/Content/BasicShapes/Plane.uasset" 1347
"../../../Engine/Content/BasicShapes/Plane.uexp" 1348
"../../../Engine/Content/BasicShapes/Cylinder.ubulk" 1349
"../../../Engine/Content/BasicShapes/Cylinder.uasset" 1350
"../../../Engine/Content/BasicShapes/Cylinder.uexp" 1351
"../../../Engine/Content/BasicShapes/Cone.ubulk" 1352
"../../../Engine/Content/BasicShapes/Cone.uasset" 1353
"../../../Engine/Content/BasicShapes/Cone.uexp" 1354
"../../../Engine/Content/Animation/DefaultVariableFrameStrippingSettings.uasset" 1355
"../../../Engine/Content/Animation/DefaultVariableFrameStrippingSettings.uexp" 1356
"../../../Engine/Content/Animation/DefaultRecorderBoneCompression.uasset" 1357
"../../../Engine/Content/Animation/DefaultRecorderBoneCompression.uexp" 1358
"E:/Unreal Projects/Catender02/Content/SFX/King/King_ConstructionSound.uasset" 1359
"E:/Unreal Projects/Catender02/Content/SFX/King/King_ConstructionSound.uexp" 1360
"E:/Unreal Projects/Catender02/Content/PaperAssets/Decoration/Frames/rock_2_Normal.uasset" 1361
"E:/Unreal Projects/Catender02/Content/PaperAssets/Decoration/Frames/rock_2_Normal.uexp" 1362
"E:/Unreal Projects/Catender02/Content/PaperAssets/Decoration/Frames/rock_2.uasset" 1363
"E:/Unreal Projects/Catender02/Content/PaperAssets/Decoration/Frames/rock_2.uexp" 1364
"E:/Unreal Projects/Catender02/Content/PaperAssets/Decoration/Frames/rock_2_Sprite.uasset" 1365
"E:/Unreal Projects/Catender02/Content/PaperAssets/Decoration/Frames/rock_2_Sprite.uexp" 1366
"E:/Unreal Projects/Catender02/Content/PaperAssets/Decoration/rock1.uasset" 1367
"E:/Unreal Projects/Catender02/Content/PaperAssets/Decoration/rock1.uexp" 1368
"E:/Unreal Projects/Catender02/Content/PaperAssets/Decoration/Frames/grass_3.uasset" 1369
"E:/Unreal Projects/Catender02/Content/PaperAssets/Decoration/Frames/grass_3.uexp" 1370
"E:/Unreal Projects/Catender02/Content/PaperAssets/Decoration/Frames/grass_3_Normal.uasset" 1371
"E:/Unreal Projects/Catender02/Content/PaperAssets/Decoration/Frames/grass_3_Normal.uexp" 1372
"E:/Unreal Projects/Catender02/Content/PaperAssets/Decoration/Frames/grass_3_Sprite.uasset" 1373
"E:/Unreal Projects/Catender02/Content/PaperAssets/Decoration/Frames/grass_3_Sprite.uexp" 1374
"E:/Unreal Projects/Catender02/Content/PaperAssets/Decoration/grass3.uasset" 1375
"E:/Unreal Projects/Catender02/Content/PaperAssets/Decoration/grass3.uexp" 1376
"E:/Unreal Projects/Catender02/Content/PaperAssets/Decoration/Frames/grass_2.uasset" 1377
"E:/Unreal Projects/Catender02/Content/PaperAssets/Decoration/Frames/grass_2.uexp" 1378
"E:/Unreal Projects/Catender02/Content/PaperAssets/Decoration/Frames/grass_2_Normal.uasset" 1379
"E:/Unreal Projects/Catender02/Content/PaperAssets/Decoration/Frames/grass_2_Normal.uexp" 1380
"E:/Unreal Projects/Catender02/Content/PaperAssets/Decoration/Frames/grass_2_Sprite.uasset" 1381
"E:/Unreal Projects/Catender02/Content/PaperAssets/Decoration/Frames/grass_2_Sprite.uexp" 1382
"E:/Unreal Projects/Catender02/Content/PaperAssets/Decoration/Frames/grass_1.uasset" 1383
"E:/Unreal Projects/Catender02/Content/PaperAssets/Decoration/Frames/grass_1.uexp" 1384
"E:/Unreal Projects/Catender02/Content/PaperAssets/Decoration/Frames/grass_1_Normal.uasset" 1385
"E:/Unreal Projects/Catender02/Content/PaperAssets/Decoration/Frames/grass_1_Normal.uexp" 1386
"E:/Unreal Projects/Catender02/Content/PaperAssets/Decoration/Frames/grass_1_Sprite.uasset" 1387
"E:/Unreal Projects/Catender02/Content/PaperAssets/Decoration/Frames/grass_1_Sprite.uexp" 1388
"E:/Unreal Projects/Catender02/Content/PaperAssets/Decoration/grass2.uasset" 1389
"E:/Unreal Projects/Catender02/Content/PaperAssets/Decoration/grass2.uexp" 1390
"E:/Unreal Projects/Catender02/Content/PaperAssets/Decoration/grass1.uasset" 1391
"E:/Unreal Projects/Catender02/Content/PaperAssets/Decoration/grass1.uexp" 1392
"E:/Unreal Projects/Catender02/Content/PaperAssets/Decoration/grass.uasset" 1393
"E:/Unreal Projects/Catender02/Content/PaperAssets/Decoration/grass.uexp" 1394
"E:/Unreal Projects/Catender02/Content/PaperAssets/Decoration/Frames/fence_2.uasset" 1395
"E:/Unreal Projects/Catender02/Content/PaperAssets/Decoration/Frames/fence_2.uexp" 1396
"E:/Unreal Projects/Catender02/Content/PaperAssets/Decoration/Frames/fence_2_Normal.uasset" 1397
"E:/Unreal Projects/Catender02/Content/PaperAssets/Decoration/Frames/fence_2_Normal.uexp" 1398
"E:/Unreal Projects/Catender02/Content/PaperAssets/Decoration/Frames/fence_2_Sprite.uasset" 1399
"E:/Unreal Projects/Catender02/Content/PaperAssets/Decoration/Frames/fence_2_Sprite.uexp" 1400
"E:/Unreal Projects/Catender02/Content/PaperAssets/Decoration/fence1.uasset" 1401
"E:/Unreal Projects/Catender02/Content/PaperAssets/Decoration/fence1.uexp" 1402
"E:/Unreal Projects/Catender02/Content/PaperAssets/Decoration/Frames/Bone1_D.uasset" 1403
"E:/Unreal Projects/Catender02/Content/PaperAssets/Decoration/Frames/Bone1_D.uexp" 1404
"E:/Unreal Projects/Catender02/Content/PaperAssets/Decoration/Frames/Bone1_N.uasset" 1405
"E:/Unreal Projects/Catender02/Content/PaperAssets/Decoration/Frames/Bone1_N.uexp" 1406
"E:/Unreal Projects/Catender02/Content/PaperAssets/Decoration/Frames/Bone1_D_Sprite.uasset" 1407
"E:/Unreal Projects/Catender02/Content/PaperAssets/Decoration/Frames/Bone1_D_Sprite.uexp" 1408
"E:/Unreal Projects/Catender02/Content/PaperAssets/Decoration/Bone.uasset" 1409
"E:/Unreal Projects/Catender02/Content/PaperAssets/Decoration/Bone.uexp" 1410
"E:/Unreal Projects/Catender02/Content/PaperAssets/Background/Frames/background_day4A.uasset" 1411
"E:/Unreal Projects/Catender02/Content/PaperAssets/Background/Frames/background_day4A.uexp" 1412
"E:/Unreal Projects/Catender02/Content/PaperAssets/Background/background_day4A_Sprite.uasset" 1413
"E:/Unreal Projects/Catender02/Content/PaperAssets/Background/background_day4A_Sprite.uexp" 1414
"E:/Unreal Projects/Catender02/Content/PaperAssets/Background/Frames/background_day3.uasset" 1415
"E:/Unreal Projects/Catender02/Content/PaperAssets/Background/Frames/background_day3.uexp" 1416
"E:/Unreal Projects/Catender02/Content/PaperAssets/Background/background_day3_Sprite.uasset" 1417
"E:/Unreal Projects/Catender02/Content/PaperAssets/Background/background_day3_Sprite.uexp" 1418
"E:/Unreal Projects/Catender02/Content/PaperAssets/Background/Frames/background_day2.uasset" 1419
"E:/Unreal Projects/Catender02/Content/PaperAssets/Background/Frames/background_day2.uexp" 1420
"E:/Unreal Projects/Catender02/Content/PaperAssets/Background/background_day2_Sprite.uasset" 1421
"E:/Unreal Projects/Catender02/Content/PaperAssets/Background/background_day2_Sprite.uexp" 1422
"E:/Unreal Projects/Catender02/Content/PaperAssets/Background/Frames/background_day1.uasset" 1423
"E:/Unreal Projects/Catender02/Content/PaperAssets/Background/Frames/background_day1.uexp" 1424
"E:/Unreal Projects/Catender02/Content/PaperAssets/Background/background_day1_Sprite.uasset" 1425
"E:/Unreal Projects/Catender02/Content/PaperAssets/Background/background_day1_Sprite.uexp" 1426
"E:/Unreal Projects/Catender02/Content/Blueprints/Test/BP_InteractableTest.uasset" 1427
"E:/Unreal Projects/Catender02/Content/Blueprints/Test/BP_InteractableTest.uexp" 1428
"E:/Unreal Projects/Catender02/Content/PaperAssets/Buildings/Workshop/Old/Textures/House_Construction.uasset" 1429
"E:/Unreal Projects/Catender02/Content/PaperAssets/Buildings/Workshop/Old/Textures/House_Construction.uexp" 1430
"E:/Unreal Projects/Catender02/Content/PaperAssets/Buildings/Workshop/Old/Textures/House_Construction_Normal.uasset" 1431
"E:/Unreal Projects/Catender02/Content/PaperAssets/Buildings/Workshop/Old/Textures/House_Construction_Normal.uexp" 1432
"E:/Unreal Projects/Catender02/Content/PaperAssets/Buildings/Workshop/Old/Frames/House_Construction_Sprite.uasset" 1433
"E:/Unreal Projects/Catender02/Content/PaperAssets/Buildings/Workshop/Old/Frames/House_Construction_Sprite.uexp" 1434
"E:/Unreal Projects/Catender02/Content/PaperAssets/Buildings/Workshop/Old/House_Construction_Flipbook.uasset" 1435
"E:/Unreal Projects/Catender02/Content/PaperAssets/Buildings/Workshop/Old/House_Construction_Flipbook.uexp" 1436
"E:/Unreal Projects/Catender02/Content/PaperAssets/Buildings/Workshop/Old/Textures/House_Destroyed.uasset" 1437
"E:/Unreal Projects/Catender02/Content/PaperAssets/Buildings/Workshop/Old/Textures/House_Destroyed.uexp" 1438
"E:/Unreal Projects/Catender02/Content/PaperAssets/Buildings/Workshop/Old/Textures/House_Destroyed_Normal.uasset" 1439
"E:/Unreal Projects/Catender02/Content/PaperAssets/Buildings/Workshop/Old/Textures/House_Destroyed_Normal.uexp" 1440
"E:/Unreal Projects/Catender02/Content/PaperAssets/Buildings/Workshop/Old/Frames/House_Destroyed_Sprite.uasset" 1441
"E:/Unreal Projects/Catender02/Content/PaperAssets/Buildings/Workshop/Old/Frames/House_Destroyed_Sprite.uexp" 1442
"E:/Unreal Projects/Catender02/Content/PaperAssets/Buildings/Workshop/Old/House_Destroyed_Flipbook.uasset" 1443
"E:/Unreal Projects/Catender02/Content/PaperAssets/Buildings/Workshop/Old/House_Destroyed_Flipbook.uexp" 1444
"E:/Unreal Projects/Catender02/Content/PaperAssets/Buildings/Workshop/Old/Textures/House_Purple_Normal.uasset" 1445
"E:/Unreal Projects/Catender02/Content/PaperAssets/Buildings/Workshop/Old/Textures/House_Purple_Normal.uexp" 1446
"E:/Unreal Projects/Catender02/Content/PaperAssets/Buildings/Workshop/Old/Textures/House_Purple.uasset" 1447
"E:/Unreal Projects/Catender02/Content/PaperAssets/Buildings/Workshop/Old/Textures/House_Purple.uexp" 1448
"E:/Unreal Projects/Catender02/Content/PaperAssets/Buildings/Workshop/Old/Frames/House_Purple_Sprite.uasset" 1449
"E:/Unreal Projects/Catender02/Content/PaperAssets/Buildings/Workshop/Old/Frames/House_Purple_Sprite.uexp" 1450
"E:/Unreal Projects/Catender02/Content/PaperAssets/Buildings/Workshop/Old/House_Purple_Flipbook.uasset" 1451
"E:/Unreal Projects/Catender02/Content/PaperAssets/Buildings/Workshop/Old/House_Purple_Flipbook.uexp" 1452
"E:/Unreal Projects/Catender02/Content/Blueprints/Test/BP_DestroyableTest.uasset" 1453
"E:/Unreal Projects/Catender02/Content/Blueprints/Test/BP_DestroyableTest.uexp" 1454
"E:/Unreal Projects/Catender02/Content/PaperAssets/Buildings/Workshop/Textures/Workshop1_n.uasset" 1455
"E:/Unreal Projects/Catender02/Content/PaperAssets/Buildings/Workshop/Textures/Workshop1_n.uexp" 1456
"E:/Unreal Projects/Catender02/Content/PaperAssets/Buildings/Workshop/Textures/Workshop1_d.uasset" 1457
"E:/Unreal Projects/Catender02/Content/PaperAssets/Buildings/Workshop/Textures/Workshop1_d.uexp" 1458
"E:/Unreal Projects/Catender02/Content/PaperAssets/Buildings/Workshop/Frames/Workshop1_Sprite.uasset" 1459
"E:/Unreal Projects/Catender02/Content/PaperAssets/Buildings/Workshop/Frames/Workshop1_Sprite.uexp" 1460
"E:/Unreal Projects/Catender02/Content/PaperAssets/Buildings/Workshop/Workshop1.uasset" 1461
"E:/Unreal Projects/Catender02/Content/PaperAssets/Buildings/Workshop/Workshop1.uexp" 1462
"E:/Unreal Projects/Catender02/Content/Blueprints/Buildings/Workshop/BP_Workshop_Worker.uasset" 1463
"E:/Unreal Projects/Catender02/Content/Blueprints/Buildings/Workshop/BP_Workshop_Worker.uexp" 1464
"../../../Engine/Plugins/Interchange/Runtime/Content/gltf/MaterialFunctions/MF_RotateV2.uasset" 1465
"../../../Engine/Plugins/Interchange/Runtime/Content/gltf/MaterialFunctions/MF_RotateV2.uexp" 1466
"../../../Engine/Plugins/Interchange/Runtime/Content/gltf/MaterialFunctions/MF_TransformUVs.uasset" 1467
"../../../Engine/Plugins/Interchange/Runtime/Content/gltf/MaterialFunctions/MF_TransformUVs.uexp" 1468
"../../../Engine/Plugins/Interchange/Runtime/Content/gltf/Textures/T_White_srgb.uasset" 1469
"../../../Engine/Plugins/Interchange/Runtime/Content/gltf/Textures/T_White_srgb.uexp" 1470
"../../../Engine/Plugins/Interchange/Runtime/Content/gltf/MaterialFunctions/MF_BaseColor.uasset" 1471
"../../../Engine/Plugins/Interchange/Runtime/Content/gltf/MaterialFunctions/MF_BaseColor.uexp" 1472
"../../../Engine/Plugins/Interchange/Runtime/Content/gltf/MaterialBodies/MF_Unlit_Body.uasset" 1473
"../../../Engine/Plugins/Interchange/Runtime/Content/gltf/MaterialBodies/MF_Unlit_Body.uexp" 1474
"../../../Engine/Plugins/Interchange/Runtime/Content/gltf/M_Unlit.uasset" 1475
"../../../Engine/Plugins/Interchange/Runtime/Content/gltf/M_Unlit.uexp" 1476
"../../../Engine/Plugins/Interchange/Runtime/Content/gltf/MaterialInstances/MI_Unlit_Opaque_DS.uasset" 1477
"../../../Engine/Plugins/Interchange/Runtime/Content/gltf/MaterialInstances/MI_Unlit_Opaque_DS.uexp" 1478
"../../../Engine/Plugins/Interchange/Runtime/Content/gltf/MaterialInstances/MI_Unlit_Opaque.uasset" 1479
"../../../Engine/Plugins/Interchange/Runtime/Content/gltf/MaterialInstances/MI_Unlit_Opaque.uexp" 1480
"../../../Engine/Plugins/Interchange/Runtime/Content/gltf/MaterialInstances/MI_Unlit_Mask_DS.uasset" 1481
"../../../Engine/Plugins/Interchange/Runtime/Content/gltf/MaterialInstances/MI_Unlit_Mask_DS.uexp" 1482
"../../../Engine/Plugins/Interchange/Runtime/Content/gltf/MaterialInstances/MI_Unlit_Mask.uasset" 1483
"../../../Engine/Plugins/Interchange/Runtime/Content/gltf/MaterialInstances/MI_Unlit_Mask.uexp" 1484
"../../../Engine/Plugins/Interchange/Runtime/Content/gltf/MaterialInstances/MI_Unlit_Blend_DS.uasset" 1485
"../../../Engine/Plugins/Interchange/Runtime/Content/gltf/MaterialInstances/MI_Unlit_Blend_DS.uexp" 1486
"../../../Engine/Plugins/Interchange/Runtime/Content/gltf/MaterialInstances/MI_Unlit_Blend.uasset" 1487
"../../../Engine/Plugins/Interchange/Runtime/Content/gltf/MaterialInstances/MI_Unlit_Blend.uexp" 1488
"../../../Engine/Plugins/Interchange/Runtime/Content/gltf/MaterialFunctions/MF_Iridescence.uasset" 1489
"../../../Engine/Plugins/Interchange/Runtime/Content/gltf/MaterialFunctions/MF_Iridescence.uexp" 1490
"../../../Engine/Plugins/Interchange/Runtime/Content/gltf/Textures/T_White_Linear.uasset" 1491
"../../../Engine/Plugins/Interchange/Runtime/Content/gltf/Textures/T_White_Linear.uexp" 1492
"../../../Engine/Plugins/Interchange/Runtime/Content/gltf/MaterialFunctions/MF_MetallicRoughness.uasset" 1493
"../../../Engine/Plugins/Interchange/Runtime/Content/gltf/MaterialFunctions/MF_MetallicRoughness.uexp" 1494
"../../../Engine/Plugins/Interchange/Runtime/Content/gltf/MaterialFunctions/MF_Transmission.uasset" 1495
"../../../Engine/Plugins/Interchange/Runtime/Content/gltf/MaterialFunctions/MF_Transmission.uexp" 1496
"../../../Engine/Plugins/Interchange/Runtime/Content/gltf/MaterialFunctions/MF_Occlusion.uasset" 1497
"../../../Engine/Plugins/Interchange/Runtime/Content/gltf/MaterialFunctions/MF_Occlusion.uexp" 1498
"../../../Engine/Plugins/Interchange/Runtime/Content/gltf/MaterialFunctions/MF_Specular.uasset" 1499
"../../../Engine/Plugins/Interchange/Runtime/Content/gltf/MaterialFunctions/MF_Specular.uexp" 1500
"../../../Engine/Plugins/Interchange/Runtime/Content/gltf/MaterialFunctions/MF_IOR.uasset" 1501
"../../../Engine/Plugins/Interchange/Runtime/Content/gltf/MaterialFunctions/MF_IOR.uexp" 1502
"../../../Engine/Plugins/Interchange/Runtime/Content/gltf/MaterialFunctions/MF_RotateNormals_TS.uasset" 1503
"../../../Engine/Plugins/Interchange/Runtime/Content/gltf/MaterialFunctions/MF_RotateNormals_TS.uexp" 1504
"../../../Engine/Plugins/Interchange/Runtime/Content/gltf/Textures/T_Generic_N.uasset" 1505
"../../../Engine/Plugins/Interchange/Runtime/Content/gltf/Textures/T_Generic_N.uexp" 1506
"../../../Engine/Plugins/Interchange/Runtime/Content/gltf/MaterialFunctions/MF_Normals.uasset" 1507
"../../../Engine/Plugins/Interchange/Runtime/Content/gltf/MaterialFunctions/MF_Normals.uexp" 1508
"../../../Engine/Plugins/Interchange/Runtime/Content/gltf/MaterialBodies/MF_Transmission_Body.uasset" 1509
"../../../Engine/Plugins/Interchange/Runtime/Content/gltf/MaterialBodies/MF_Transmission_Body.uexp" 1510
"../../../Engine/Plugins/Interchange/Runtime/Content/gltf/M_Transmission.uasset" 1511
"../../../Engine/Plugins/Interchange/Runtime/Content/gltf/M_Transmission.uexp" 1512
"../../../Engine/Plugins/Interchange/Runtime/Content/gltf/MaterialInstances/MI_Transmission_DS.uasset" 1513
"../../../Engine/Plugins/Interchange/Runtime/Content/gltf/MaterialInstances/MI_Transmission_DS.uexp" 1514
"../../../Engine/Plugins/Interchange/Runtime/Content/gltf/MaterialInstances/MI_Transmission.uasset" 1515
"../../../Engine/Plugins/Interchange/Runtime/Content/gltf/MaterialInstances/MI_Transmission.uexp" 1516
"../../../Engine/Plugins/Interchange/Runtime/Content/gltf/MaterialFunctions/MF_DiffuseSpecGloss.uasset" 1517
"../../../Engine/Plugins/Interchange/Runtime/Content/gltf/MaterialFunctions/MF_DiffuseSpecGloss.uexp" 1518
"../../../Engine/Content/Functions/Engine_MaterialFunctions02/Math/AddComponents.uasset" 1519
"../../../Engine/Content/Functions/Engine_MaterialFunctions02/Math/AddComponents.uexp" 1520
"../../../Engine/Plugins/Interchange/Runtime/Content/gltf/MaterialFunctions/MF_PerceivedBrightness.uasset" 1521
"../../../Engine/Plugins/Interchange/Runtime/Content/gltf/MaterialFunctions/MF_PerceivedBrightness.uexp" 1522
"../../../Engine/Plugins/Interchange/Runtime/Content/gltf/MaterialFunctions/MF_Emissive.uasset" 1523
"../../../Engine/Plugins/Interchange/Runtime/Content/gltf/MaterialFunctions/MF_Emissive.uexp" 1524
"../../../Engine/Plugins/Interchange/Runtime/Content/gltf/MaterialFunctions/MF_SpecGlossToMetalRoughness.uasset" 1525
"../../../Engine/Plugins/Interchange/Runtime/Content/gltf/MaterialFunctions/MF_SpecGlossToMetalRoughness.uexp" 1526
"../../../Engine/Plugins/Interchange/Runtime/Content/gltf/MaterialBodies/MF_SpecularGlossiness_Body.uasset" 1527
"../../../Engine/Plugins/Interchange/Runtime/Content/gltf/MaterialBodies/MF_SpecularGlossiness_Body.uexp" 1528
"../../../Engine/Plugins/Interchange/Runtime/Content/gltf/M_SpecularGlossiness.uasset" 1529
"../../../Engine/Plugins/Interchange/Runtime/Content/gltf/M_SpecularGlossiness.uexp" 1530
"../../../Engine/Plugins/Interchange/Runtime/Content/gltf/MaterialInstances/MI_SpecularGlossiness_Opaque_DS.uasset" 1531
"../../../Engine/Plugins/Interchange/Runtime/Content/gltf/MaterialInstances/MI_SpecularGlossiness_Opaque_DS.uexp" 1532
"../../../Engine/Plugins/Interchange/Runtime/Content/gltf/MaterialInstances/MI_SpecularGlossiness_Opaque.uasset" 1533
"../../../Engine/Plugins/Interchange/Runtime/Content/gltf/MaterialInstances/MI_SpecularGlossiness_Opaque.uexp" 1534
"../../../Engine/Plugins/Interchange/Runtime/Content/gltf/MaterialInstances/MI_SpecularGlossiness_Mask_DS.uasset" 1535
"../../../Engine/Plugins/Interchange/Runtime/Content/gltf/MaterialInstances/MI_SpecularGlossiness_Mask_DS.uexp" 1536
"../../../Engine/Plugins/Interchange/Runtime/Content/gltf/MaterialInstances/MI_SpecularGlossiness_Mask.uasset" 1537
"../../../Engine/Plugins/Interchange/Runtime/Content/gltf/MaterialInstances/MI_SpecularGlossiness_Mask.uexp" 1538
"../../../Engine/Plugins/Interchange/Runtime/Content/gltf/MaterialInstances/MI_SpecularGlossiness_Blend_DS.uasset" 1539
"../../../Engine/Plugins/Interchange/Runtime/Content/gltf/MaterialInstances/MI_SpecularGlossiness_Blend_DS.uexp" 1540
"../../../Engine/Plugins/Interchange/Runtime/Content/gltf/MaterialInstances/MI_SpecularGlossiness_Blend.uasset" 1541
"../../../Engine/Plugins/Interchange/Runtime/Content/gltf/MaterialInstances/MI_SpecularGlossiness_Blend.uexp" 1542
"../../../Engine/Plugins/Interchange/Runtime/Content/gltf/MaterialFunctions/MF_Sheen.uasset" 1543
"../../../Engine/Plugins/Interchange/Runtime/Content/gltf/MaterialFunctions/MF_Sheen.uexp" 1544
"../../../Engine/Plugins/Interchange/Runtime/Content/gltf/MaterialBodies/MF_Sheen_Body.uasset" 1545
"../../../Engine/Plugins/Interchange/Runtime/Content/gltf/MaterialBodies/MF_Sheen_Body.uexp" 1546
"../../../Engine/Plugins/Interchange/Runtime/Content/gltf/M_Sheen.uasset" 1547
"../../../Engine/Plugins/Interchange/Runtime/Content/gltf/M_Sheen.uexp" 1548
"../../../Engine/Plugins/Interchange/Runtime/Content/gltf/MaterialInstances/MI_Sheen_Opaque_DS.uasset" 1549
"../../../Engine/Plugins/Interchange/Runtime/Content/gltf/MaterialInstances/MI_Sheen_Opaque_DS.uexp" 1550
"../../../Engine/Plugins/Interchange/Runtime/Content/gltf/MaterialInstances/MI_Sheen_Opaque.uasset" 1551
"../../../Engine/Plugins/Interchange/Runtime/Content/gltf/MaterialInstances/MI_Sheen_Opaque.uexp" 1552
"../../../Engine/Plugins/Interchange/Runtime/Content/gltf/MaterialInstances/MI_Sheen_Mask_DS.uasset" 1553
"../../../Engine/Plugins/Interchange/Runtime/Content/gltf/MaterialInstances/MI_Sheen_Mask_DS.uexp" 1554
"../../../Engine/Plugins/Interchange/Runtime/Content/gltf/MaterialInstances/MI_Sheen_Mask.uasset" 1555
"../../../Engine/Plugins/Interchange/Runtime/Content/gltf/MaterialInstances/MI_Sheen_Mask.uexp" 1556
"../../../Engine/Plugins/Interchange/Runtime/Content/gltf/MaterialInstances/MI_Sheen_Blend_DS.uasset" 1557
"../../../Engine/Plugins/Interchange/Runtime/Content/gltf/MaterialInstances/MI_Sheen_Blend_DS.uexp" 1558
"../../../Engine/Plugins/Interchange/Runtime/Content/gltf/MaterialInstances/MI_Sheen_Blend.uasset" 1559
"../../../Engine/Plugins/Interchange/Runtime/Content/gltf/MaterialInstances/MI_Sheen_Blend.uexp" 1560
"../../../Engine/Plugins/Interchange/Runtime/Content/gltf/MaterialBodies/MF_Default_Body.uasset" 1561
"../../../Engine/Plugins/Interchange/Runtime/Content/gltf/MaterialBodies/MF_Default_Body.uexp" 1562
"../../../Engine/Plugins/Interchange/Runtime/Content/gltf/M_Default.uasset" 1563
"../../../Engine/Plugins/Interchange/Runtime/Content/gltf/M_Default.uexp" 1564
"../../../Engine/Plugins/Interchange/Runtime/Content/gltf/MaterialInstances/MI_Default_Opaque_DS.uasset" 1565
"../../../Engine/Plugins/Interchange/Runtime/Content/gltf/MaterialInstances/MI_Default_Opaque_DS.uexp" 1566
"../../../Engine/Plugins/Interchange/Runtime/Content/gltf/MaterialInstances/MI_Default_Opaque.uasset" 1567
"../../../Engine/Plugins/Interchange/Runtime/Content/gltf/MaterialInstances/MI_Default_Opaque.uexp" 1568
"../../../Engine/Plugins/Interchange/Runtime/Content/gltf/MaterialInstances/MI_Default_Mask_DS.uasset" 1569
"../../../Engine/Plugins/Interchange/Runtime/Content/gltf/MaterialInstances/MI_Default_Mask_DS.uexp" 1570
"../../../Engine/Plugins/Interchange/Runtime/Content/gltf/MaterialInstances/MI_Default_Mask.uasset" 1571
"../../../Engine/Plugins/Interchange/Runtime/Content/gltf/MaterialInstances/MI_Default_Mask.uexp" 1572
"../../../Engine/Plugins/Interchange/Runtime/Content/gltf/MaterialInstances/MI_Default_Blend_DS.uasset" 1573
"../../../Engine/Plugins/Interchange/Runtime/Content/gltf/MaterialInstances/MI_Default_Blend_DS.uexp" 1574
"../../../Engine/Plugins/Interchange/Runtime/Content/gltf/MaterialInstances/MI_Default_Blend.uasset" 1575
"../../../Engine/Plugins/Interchange/Runtime/Content/gltf/MaterialInstances/MI_Default_Blend.uexp" 1576
"../../../Engine/Content/Functions/Engine_MaterialFunctions01/Texturing/FlattenNormal.uasset" 1577
"../../../Engine/Content/Functions/Engine_MaterialFunctions01/Texturing/FlattenNormal.uexp" 1578
"../../../Engine/Plugins/Interchange/Runtime/Content/gltf/MaterialFunctions/MF_Clearcoat.uasset" 1579
"../../../Engine/Plugins/Interchange/Runtime/Content/gltf/MaterialFunctions/MF_Clearcoat.uexp" 1580
"../../../Engine/Plugins/Interchange/Runtime/Content/gltf/MaterialBodies/MF_ClearCoat_Body.uasset" 1581
"../../../Engine/Plugins/Interchange/Runtime/Content/gltf/MaterialBodies/MF_ClearCoat_Body.uexp" 1582
"../../../Engine/Plugins/Interchange/Runtime/Content/gltf/M_ClearCoat.uasset" 1583
"../../../Engine/Plugins/Interchange/Runtime/Content/gltf/M_ClearCoat.uexp" 1584
"../../../Engine/Plugins/Interchange/Runtime/Content/gltf/MaterialInstances/MI_ClearCoat_Opaque_DS.uasset" 1585
"../../../Engine/Plugins/Interchange/Runtime/Content/gltf/MaterialInstances/MI_ClearCoat_Opaque_DS.uexp" 1586
"../../../Engine/Plugins/Interchange/Runtime/Content/gltf/MaterialInstances/MI_ClearCoat_Opaque.uasset" 1587
"../../../Engine/Plugins/Interchange/Runtime/Content/gltf/MaterialInstances/MI_ClearCoat_Opaque.uexp" 1588
"../../../Engine/Plugins/Interchange/Runtime/Content/gltf/MaterialInstances/MI_ClearCoat_Mask_DS.uasset" 1589
"../../../Engine/Plugins/Interchange/Runtime/Content/gltf/MaterialInstances/MI_ClearCoat_Mask_DS.uexp" 1590
"../../../Engine/Plugins/Interchange/Runtime/Content/gltf/MaterialInstances/MI_ClearCoat_Mask.uasset" 1591
"../../../Engine/Plugins/Interchange/Runtime/Content/gltf/MaterialInstances/MI_ClearCoat_Mask.uexp" 1592
"../../../Engine/Plugins/Interchange/Runtime/Content/gltf/MaterialInstances/MI_ClearCoat_Blend_DS.uasset" 1593
"../../../Engine/Plugins/Interchange/Runtime/Content/gltf/MaterialInstances/MI_ClearCoat_Blend_DS.uexp" 1594
"../../../Engine/Plugins/Interchange/Runtime/Content/gltf/MaterialInstances/MI_ClearCoat_Blend.uasset" 1595
"../../../Engine/Plugins/Interchange/Runtime/Content/gltf/MaterialInstances/MI_ClearCoat_Blend.uexp" 1596
"../../../Engine/Content/MobileResources/HUD/VirtualJoystick_Background.uasset" 1597
"../../../Engine/Content/MobileResources/HUD/VirtualJoystick_Background.uexp" 1598
"../../../Engine/Content/MobileResources/HUD/VirtualJoystick_Thumb.uasset" 1599
"../../../Engine/Content/MobileResources/HUD/VirtualJoystick_Thumb.uexp" 1600
"../../../Engine/Content/MobileResources/HUD/DefaultVirtualJoysticks.uasset" 1601
"../../../Engine/Content/MobileResources/HUD/DefaultVirtualJoysticks.uexp" 1602
"../../../Engine/Content/EngineSky/VolumetricClouds/CloudWeatherTexture.uasset" 1603
"../../../Engine/Content/EngineSky/VolumetricClouds/CloudWeatherTexture.uexp" 1604
"../../../Engine/Content/Functions/Engine_MaterialFunctions02/Utility/MakeFloat2.uasset" 1605
"../../../Engine/Content/Functions/Engine_MaterialFunctions02/Utility/MakeFloat2.uexp" 1606
"../../../Engine/Content/EngineSky/VolumetricClouds/CloudGradientTexture.uasset" 1607
"../../../Engine/Content/EngineSky/VolumetricClouds/CloudGradientTexture.uexp" 1608
"../../../Engine/Content/EngineSky/VolumetricClouds/T_NoiseShape64.ubulk" 1609
"../../../Engine/Content/EngineSky/VolumetricClouds/T_NoiseShape64.uasset" 1610
"../../../Engine/Content/EngineSky/VolumetricClouds/T_NoiseShape64.uexp" 1611
"../../../Engine/Content/EngineSky/VolumetricClouds/T_VolumeNoiseShape64.uasset" 1612
"../../../Engine/Content/EngineSky/VolumetricClouds/T_VolumeNoiseShape64.uexp" 1613
"../../../Engine/Content/EngineSky/VolumetricClouds/T_NoiseErosion.ubulk" 1614
"../../../Engine/Content/EngineSky/VolumetricClouds/T_NoiseErosion.uasset" 1615
"../../../Engine/Content/EngineSky/VolumetricClouds/T_NoiseErosion.uexp" 1616
"../../../Engine/Content/EngineSky/VolumetricClouds/T_VolumeNoiseErosion32.uasset" 1617
"../../../Engine/Content/EngineSky/VolumetricClouds/T_VolumeNoiseErosion32.uexp" 1618
"../../../Engine/Content/EngineSky/VolumetricClouds/m_SimpleVolumetricCloud.uasset" 1619
"../../../Engine/Content/EngineSky/VolumetricClouds/m_SimpleVolumetricCloud.uexp" 1620
"../../../Engine/Content/EngineSky/VolumetricClouds/m_SimpleVolumetricCloud_Inst.uasset" 1621
"../../../Engine/Content/EngineSky/VolumetricClouds/m_SimpleVolumetricCloud_Inst.uexp" 1622
"../../../Engine/Content/EngineResources/FilmGrains/Marcie_Grain_v3_128_M2_000.uasset" 1623
"../../../Engine/Content/EngineResources/FilmGrains/Marcie_Grain_v3_128_M2_000.uexp" 1624
"../../../Engine/Content/EditorResources/SequenceRecorder/RecordingIndicator.uasset" 1625
"../../../Engine/Content/EditorResources/SequenceRecorder/RecordingIndicator.uexp" 1626
"../../../Engine/Content/EditorResources/SequenceRecorder/Countdown.uasset" 1627
"../../../Engine/Content/EditorResources/SequenceRecorder/Countdown.uexp" 1628
"../../../Engine/Content/EditorMaterials/Dataflow/DataflowVertexMaterial.uasset" 1629
"../../../Engine/Content/EditorMaterials/Dataflow/DataflowVertexMaterial.uexp" 1630
"E:/Unreal Projects/Catender02/Content/PaperAssets/Wildlife/Rabbit/Textures/Hurt.uasset" 1631
"E:/Unreal Projects/Catender02/Content/PaperAssets/Wildlife/Rabbit/Textures/Hurt.uexp" 1632
"E:/Unreal Projects/Catender02/Content/PaperAssets/Wildlife/Rabbit/Frames/Hurt_Sprite_0.uasset" 1633
"E:/Unreal Projects/Catender02/Content/PaperAssets/Wildlife/Rabbit/Frames/Hurt_Sprite_0.uexp" 1634
"E:/Unreal Projects/Catender02/Content/PaperAssets/Wildlife/Rabbit/Frames/Hurt_Sprite_1.uasset" 1635
"E:/Unreal Projects/Catender02/Content/PaperAssets/Wildlife/Rabbit/Frames/Hurt_Sprite_1.uexp" 1636
"E:/Unreal Projects/Catender02/Content/PaperAssets/Wildlife/Rabbit/Rabbit_Hurt.uasset" 1637
"E:/Unreal Projects/Catender02/Content/PaperAssets/Wildlife/Rabbit/Rabbit_Hurt.uexp" 1638
"E:/Unreal Projects/Catender02/Content/UI/Menues/WBP_MainMenue.uasset" 1639
"E:/Unreal Projects/Catender02/Content/UI/Menues/WBP_MainMenue.uexp" 1640
"E:/Unreal Projects/Catender02/Content/PaperAssets/Pickups/Wood/W_Spawn_Normal.uasset" 1641
"E:/Unreal Projects/Catender02/Content/PaperAssets/Pickups/Wood/W_Spawn_Normal.uexp" 1642
"E:/Unreal Projects/Catender02/Content/PaperAssets/Pickups/Wood/W_Spawn.uasset" 1643
"E:/Unreal Projects/Catender02/Content/PaperAssets/Pickups/Wood/W_Spawn.uexp" 1644
"E:/Unreal Projects/Catender02/Content/PaperAssets/Pickups/Wood/W_Spawn_Sprite_0.uasset" 1645
"E:/Unreal Projects/Catender02/Content/PaperAssets/Pickups/Wood/W_Spawn_Sprite_0.uexp" 1646
"E:/Unreal Projects/Catender02/Content/PaperAssets/Pickups/Wood/W_Spawn_Sprite_1.uasset" 1647
"E:/Unreal Projects/Catender02/Content/PaperAssets/Pickups/Wood/W_Spawn_Sprite_1.uexp" 1648
"E:/Unreal Projects/Catender02/Content/PaperAssets/Pickups/Wood/W_Spawn_Sprite_2.uasset" 1649
"E:/Unreal Projects/Catender02/Content/PaperAssets/Pickups/Wood/W_Spawn_Sprite_2.uexp" 1650
"E:/Unreal Projects/Catender02/Content/PaperAssets/Pickups/Wood/W_Spawn_Sprite_3.uasset" 1651
"E:/Unreal Projects/Catender02/Content/PaperAssets/Pickups/Wood/W_Spawn_Sprite_3.uexp" 1652
"E:/Unreal Projects/Catender02/Content/PaperAssets/Pickups/Wood/W_Spawn_Sprite_4.uasset" 1653
"E:/Unreal Projects/Catender02/Content/PaperAssets/Pickups/Wood/W_Spawn_Sprite_4.uexp" 1654
"E:/Unreal Projects/Catender02/Content/PaperAssets/Pickups/Wood/W_Spawn_Sprite_5.uasset" 1655
"E:/Unreal Projects/Catender02/Content/PaperAssets/Pickups/Wood/W_Spawn_Sprite_5.uexp" 1656
"E:/Unreal Projects/Catender02/Content/PaperAssets/Pickups/Wood/W_Spawn_Sprite_6.uasset" 1657
"E:/Unreal Projects/Catender02/Content/PaperAssets/Pickups/Wood/W_Spawn_Sprite_6.uexp" 1658
"E:/Unreal Projects/Catender02/Content/PaperAssets/Pickups/Wood/W_Spawn1.uasset" 1659
"E:/Unreal Projects/Catender02/Content/PaperAssets/Pickups/Wood/W_Spawn1.uexp" 1660
"E:/Unreal Projects/Catender02/Content/PaperAssets/Decoration/SSWorld/Textures/plant3_d.ubulk" 1661
"E:/Unreal Projects/Catender02/Content/PaperAssets/Decoration/SSWorld/Textures/plant3_d.uasset" 1662
"E:/Unreal Projects/Catender02/Content/PaperAssets/Decoration/SSWorld/Textures/plant3_d.uexp" 1663
"E:/Unreal Projects/Catender02/Content/PaperAssets/Decoration/SSWorld/Textures/plant3_n.ubulk" 1664
"E:/Unreal Projects/Catender02/Content/PaperAssets/Decoration/SSWorld/Textures/plant3_n.uasset" 1665
"E:/Unreal Projects/Catender02/Content/PaperAssets/Decoration/SSWorld/Textures/plant3_n.uexp" 1666
"E:/Unreal Projects/Catender02/Content/PaperAssets/Decoration/SSWorld/Frames/plant3_d_Sprite_0.uasset" 1667
"E:/Unreal Projects/Catender02/Content/PaperAssets/Decoration/SSWorld/Frames/plant3_d_Sprite_0.uexp" 1668
"E:/Unreal Projects/Catender02/Content/PaperAssets/Decoration/SSWorld/Frames/plant3_d_Sprite_1.uasset" 1669
"E:/Unreal Projects/Catender02/Content/PaperAssets/Decoration/SSWorld/Frames/plant3_d_Sprite_1.uexp" 1670
"E:/Unreal Projects/Catender02/Content/PaperAssets/Decoration/SSWorld/Frames/plant3_d_Sprite_2.uasset" 1671
"E:/Unreal Projects/Catender02/Content/PaperAssets/Decoration/SSWorld/Frames/plant3_d_Sprite_2.uexp" 1672
"E:/Unreal Projects/Catender02/Content/PaperAssets/Decoration/SSWorld/Frames/plant3_d_Sprite_3.uasset" 1673
"E:/Unreal Projects/Catender02/Content/PaperAssets/Decoration/SSWorld/Frames/plant3_d_Sprite_3.uexp" 1674
"E:/Unreal Projects/Catender02/Content/PaperAssets/Decoration/SSWorld/Frames/plant3_d_Sprite_4.uasset" 1675
"E:/Unreal Projects/Catender02/Content/PaperAssets/Decoration/SSWorld/Frames/plant3_d_Sprite_4.uexp" 1676
"E:/Unreal Projects/Catender02/Content/PaperAssets/Decoration/SSWorld/Frames/plant3_d_Sprite_5.uasset" 1677
"E:/Unreal Projects/Catender02/Content/PaperAssets/Decoration/SSWorld/Frames/plant3_d_Sprite_5.uexp" 1678
"E:/Unreal Projects/Catender02/Content/PaperAssets/Decoration/SSWorld/plant3_d1.uasset" 1679
"E:/Unreal Projects/Catender02/Content/PaperAssets/Decoration/SSWorld/plant3_d1.uexp" 1680
"E:/Unreal Projects/Catender02/Content/PaperAssets/Decoration/SSWorld/Textures/plant2_n.ubulk" 1681
"E:/Unreal Projects/Catender02/Content/PaperAssets/Decoration/SSWorld/Textures/plant2_n.uasset" 1682
"E:/Unreal Projects/Catender02/Content/PaperAssets/Decoration/SSWorld/Textures/plant2_n.uexp" 1683
"E:/Unreal Projects/Catender02/Content/PaperAssets/Decoration/SSWorld/Textures/plant2_d.ubulk" 1684
"E:/Unreal Projects/Catender02/Content/PaperAssets/Decoration/SSWorld/Textures/plant2_d.uasset" 1685
"E:/Unreal Projects/Catender02/Content/PaperAssets/Decoration/SSWorld/Textures/plant2_d.uexp" 1686
"E:/Unreal Projects/Catender02/Content/PaperAssets/Decoration/SSWorld/Frames/plant2_d_Sprite_0.uasset" 1687
"E:/Unreal Projects/Catender02/Content/PaperAssets/Decoration/SSWorld/Frames/plant2_d_Sprite_0.uexp" 1688
"E:/Unreal Projects/Catender02/Content/PaperAssets/Decoration/SSWorld/Frames/plant2_d_Sprite_1.uasset" 1689
"E:/Unreal Projects/Catender02/Content/PaperAssets/Decoration/SSWorld/Frames/plant2_d_Sprite_1.uexp" 1690
"E:/Unreal Projects/Catender02/Content/PaperAssets/Decoration/SSWorld/Frames/plant2_d_Sprite_2.uasset" 1691
"E:/Unreal Projects/Catender02/Content/PaperAssets/Decoration/SSWorld/Frames/plant2_d_Sprite_2.uexp" 1692
"E:/Unreal Projects/Catender02/Content/PaperAssets/Decoration/SSWorld/Frames/plant2_d_Sprite_3.uasset" 1693
"E:/Unreal Projects/Catender02/Content/PaperAssets/Decoration/SSWorld/Frames/plant2_d_Sprite_3.uexp" 1694
"E:/Unreal Projects/Catender02/Content/PaperAssets/Decoration/SSWorld/Frames/plant2_d_Sprite_4.uasset" 1695
"E:/Unreal Projects/Catender02/Content/PaperAssets/Decoration/SSWorld/Frames/plant2_d_Sprite_4.uexp" 1696
"E:/Unreal Projects/Catender02/Content/PaperAssets/Decoration/SSWorld/Frames/plant2_d_Sprite_5.uasset" 1697
"E:/Unreal Projects/Catender02/Content/PaperAssets/Decoration/SSWorld/Frames/plant2_d_Sprite_5.uexp" 1698
"E:/Unreal Projects/Catender02/Content/PaperAssets/Decoration/SSWorld/plant2_d1.uasset" 1699
"E:/Unreal Projects/Catender02/Content/PaperAssets/Decoration/SSWorld/plant2_d1.uexp" 1700
"E:/Unreal Projects/Catender02/Content/PaperAssets/Decoration/SSWorld/Textures/plant1_n.ubulk" 1701
"E:/Unreal Projects/Catender02/Content/PaperAssets/Decoration/SSWorld/Textures/plant1_n.uasset" 1702
"E:/Unreal Projects/Catender02/Content/PaperAssets/Decoration/SSWorld/Textures/plant1_n.uexp" 1703
"E:/Unreal Projects/Catender02/Content/PaperAssets/Decoration/SSWorld/Textures/plant1_d.ubulk" 1704
"E:/Unreal Projects/Catender02/Content/PaperAssets/Decoration/SSWorld/Textures/plant1_d.uasset" 1705
"E:/Unreal Projects/Catender02/Content/PaperAssets/Decoration/SSWorld/Textures/plant1_d.uexp" 1706
"E:/Unreal Projects/Catender02/Content/PaperAssets/Decoration/SSWorld/Frames/plant1_d_Sprite_0.uasset" 1707
"E:/Unreal Projects/Catender02/Content/PaperAssets/Decoration/SSWorld/Frames/plant1_d_Sprite_0.uexp" 1708
"E:/Unreal Projects/Catender02/Content/PaperAssets/Decoration/SSWorld/Frames/plant1_d_Sprite_1.uasset" 1709
"E:/Unreal Projects/Catender02/Content/PaperAssets/Decoration/SSWorld/Frames/plant1_d_Sprite_1.uexp" 1710
"E:/Unreal Projects/Catender02/Content/PaperAssets/Decoration/SSWorld/Frames/plant1_d_Sprite_2.uasset" 1711
"E:/Unreal Projects/Catender02/Content/PaperAssets/Decoration/SSWorld/Frames/plant1_d_Sprite_2.uexp" 1712
"E:/Unreal Projects/Catender02/Content/PaperAssets/Decoration/SSWorld/Frames/plant1_d_Sprite_3.uasset" 1713
"E:/Unreal Projects/Catender02/Content/PaperAssets/Decoration/SSWorld/Frames/plant1_d_Sprite_3.uexp" 1714
"E:/Unreal Projects/Catender02/Content/PaperAssets/Decoration/SSWorld/Frames/plant1_d_Sprite_4.uasset" 1715
"E:/Unreal Projects/Catender02/Content/PaperAssets/Decoration/SSWorld/Frames/plant1_d_Sprite_4.uexp" 1716
"E:/Unreal Projects/Catender02/Content/PaperAssets/Decoration/SSWorld/Frames/plant1_d_Sprite_5.uasset" 1717
"E:/Unreal Projects/Catender02/Content/PaperAssets/Decoration/SSWorld/Frames/plant1_d_Sprite_5.uexp" 1718
"E:/Unreal Projects/Catender02/Content/PaperAssets/Decoration/SSWorld/plant1_d1.uasset" 1719
"E:/Unreal Projects/Catender02/Content/PaperAssets/Decoration/SSWorld/plant1_d1.uexp" 1720
"E:/Unreal Projects/Catender02/Content/PaperAssets/Decoration/SSWorld/Textures/grass3_d.ubulk" 1721
"E:/Unreal Projects/Catender02/Content/PaperAssets/Decoration/SSWorld/Textures/grass3_d.uasset" 1722
"E:/Unreal Projects/Catender02/Content/PaperAssets/Decoration/SSWorld/Textures/grass3_d.uexp" 1723
"E:/Unreal Projects/Catender02/Content/PaperAssets/Decoration/SSWorld/Textures/grass3_n.ubulk" 1724
"E:/Unreal Projects/Catender02/Content/PaperAssets/Decoration/SSWorld/Textures/grass3_n.uasset" 1725
"E:/Unreal Projects/Catender02/Content/PaperAssets/Decoration/SSWorld/Textures/grass3_n.uexp" 1726
"E:/Unreal Projects/Catender02/Content/PaperAssets/Decoration/SSWorld/Frames/grass3_d_Sprite_0.uasset" 1727
"E:/Unreal Projects/Catender02/Content/PaperAssets/Decoration/SSWorld/Frames/grass3_d_Sprite_0.uexp" 1728
"E:/Unreal Projects/Catender02/Content/PaperAssets/Decoration/SSWorld/Frames/grass3_d_Sprite_1.uasset" 1729
"E:/Unreal Projects/Catender02/Content/PaperAssets/Decoration/SSWorld/Frames/grass3_d_Sprite_1.uexp" 1730
"E:/Unreal Projects/Catender02/Content/PaperAssets/Decoration/SSWorld/Frames/grass3_d_Sprite_2.uasset" 1731
"E:/Unreal Projects/Catender02/Content/PaperAssets/Decoration/SSWorld/Frames/grass3_d_Sprite_2.uexp" 1732
"E:/Unreal Projects/Catender02/Content/PaperAssets/Decoration/SSWorld/Frames/grass3_d_Sprite_3.uasset" 1733
"E:/Unreal Projects/Catender02/Content/PaperAssets/Decoration/SSWorld/Frames/grass3_d_Sprite_3.uexp" 1734
"E:/Unreal Projects/Catender02/Content/PaperAssets/Decoration/SSWorld/Frames/grass3_d_Sprite_4.uasset" 1735
"E:/Unreal Projects/Catender02/Content/PaperAssets/Decoration/SSWorld/Frames/grass3_d_Sprite_4.uexp" 1736
"E:/Unreal Projects/Catender02/Content/PaperAssets/Decoration/SSWorld/Frames/grass3_d_Sprite_5.uasset" 1737
"E:/Unreal Projects/Catender02/Content/PaperAssets/Decoration/SSWorld/Frames/grass3_d_Sprite_5.uexp" 1738
"E:/Unreal Projects/Catender02/Content/PaperAssets/Decoration/SSWorld/grass3_d1.uasset" 1739
"E:/Unreal Projects/Catender02/Content/PaperAssets/Decoration/SSWorld/grass3_d1.uexp" 1740
"E:/Unreal Projects/Catender02/Content/PaperAssets/Decoration/SSWorld/Textures/grass2_n.ubulk" 1741
"E:/Unreal Projects/Catender02/Content/PaperAssets/Decoration/SSWorld/Textures/grass2_n.uasset" 1742
"E:/Unreal Projects/Catender02/Content/PaperAssets/Decoration/SSWorld/Textures/grass2_n.uexp" 1743
"E:/Unreal Projects/Catender02/Content/PaperAssets/Decoration/SSWorld/Textures/grass2_d.ubulk" 1744
"E:/Unreal Projects/Catender02/Content/PaperAssets/Decoration/SSWorld/Textures/grass2_d.uasset" 1745
"E:/Unreal Projects/Catender02/Content/PaperAssets/Decoration/SSWorld/Textures/grass2_d.uexp" 1746
"E:/Unreal Projects/Catender02/Content/PaperAssets/Decoration/SSWorld/Frames/grass2_d_Sprite_0.uasset" 1747
"E:/Unreal Projects/Catender02/Content/PaperAssets/Decoration/SSWorld/Frames/grass2_d_Sprite_0.uexp" 1748
"E:/Unreal Projects/Catender02/Content/PaperAssets/Decoration/SSWorld/Frames/grass2_d_Sprite_1.uasset" 1749
"E:/Unreal Projects/Catender02/Content/PaperAssets/Decoration/SSWorld/Frames/grass2_d_Sprite_1.uexp" 1750
"E:/Unreal Projects/Catender02/Content/PaperAssets/Decoration/SSWorld/Frames/grass2_d_Sprite_2.uasset" 1751
"E:/Unreal Projects/Catender02/Content/PaperAssets/Decoration/SSWorld/Frames/grass2_d_Sprite_2.uexp" 1752
"E:/Unreal Projects/Catender02/Content/PaperAssets/Decoration/SSWorld/Frames/grass2_d_Sprite_3.uasset" 1753
"E:/Unreal Projects/Catender02/Content/PaperAssets/Decoration/SSWorld/Frames/grass2_d_Sprite_3.uexp" 1754
"E:/Unreal Projects/Catender02/Content/PaperAssets/Decoration/SSWorld/Frames/grass2_d_Sprite_4.uasset" 1755
"E:/Unreal Projects/Catender02/Content/PaperAssets/Decoration/SSWorld/Frames/grass2_d_Sprite_4.uexp" 1756
"E:/Unreal Projects/Catender02/Content/PaperAssets/Decoration/SSWorld/Frames/grass2_d_Sprite_5.uasset" 1757
"E:/Unreal Projects/Catender02/Content/PaperAssets/Decoration/SSWorld/Frames/grass2_d_Sprite_5.uexp" 1758
"E:/Unreal Projects/Catender02/Content/PaperAssets/Decoration/SSWorld/grass2_d.uasset" 1759
"E:/Unreal Projects/Catender02/Content/PaperAssets/Decoration/SSWorld/grass2_d.uexp" 1760
"E:/Unreal Projects/Catender02/Content/PaperAssets/Decoration/Frames/Rock3_D.uasset" 1761
"E:/Unreal Projects/Catender02/Content/PaperAssets/Decoration/Frames/Rock3_D.uexp" 1762
"E:/Unreal Projects/Catender02/Content/PaperAssets/Decoration/Frames/Rock3_N.uasset" 1763
"E:/Unreal Projects/Catender02/Content/PaperAssets/Decoration/Frames/Rock3_N.uexp" 1764
"E:/Unreal Projects/Catender02/Content/PaperAssets/Decoration/Frames/Rock3_D_Sprite.uasset" 1765
"E:/Unreal Projects/Catender02/Content/PaperAssets/Decoration/Frames/Rock3_D_Sprite.uexp" 1766
"E:/Unreal Projects/Catender02/Content/PaperAssets/Decoration/Frames/Rock5.uasset" 1767
"E:/Unreal Projects/Catender02/Content/PaperAssets/Decoration/Frames/Rock5.uexp" 1768
"E:/Unreal Projects/Catender02/Content/PaperAssets/Decoration/Frames/Rock2_D.uasset" 1769
"E:/Unreal Projects/Catender02/Content/PaperAssets/Decoration/Frames/Rock2_D.uexp" 1770
"E:/Unreal Projects/Catender02/Content/PaperAssets/Decoration/Frames/Rock2_N.uasset" 1771
"E:/Unreal Projects/Catender02/Content/PaperAssets/Decoration/Frames/Rock2_N.uexp" 1772
"E:/Unreal Projects/Catender02/Content/PaperAssets/Decoration/Frames/Rock2_D_Sprite.uasset" 1773
"E:/Unreal Projects/Catender02/Content/PaperAssets/Decoration/Frames/Rock2_D_Sprite.uexp" 1774
"E:/Unreal Projects/Catender02/Content/PaperAssets/Decoration/Frames/Rock4.uasset" 1775
"E:/Unreal Projects/Catender02/Content/PaperAssets/Decoration/Frames/Rock4.uexp" 1776
"E:/Unreal Projects/Catender02/Content/PaperAssets/Decoration/Frames/Rock1_N.uasset" 1777
"E:/Unreal Projects/Catender02/Content/PaperAssets/Decoration/Frames/Rock1_N.uexp" 1778
"E:/Unreal Projects/Catender02/Content/PaperAssets/Decoration/Frames/Rock1_D.uasset" 1779
"E:/Unreal Projects/Catender02/Content/PaperAssets/Decoration/Frames/Rock1_D.uexp" 1780
"E:/Unreal Projects/Catender02/Content/PaperAssets/Decoration/Frames/Rock1_D_Sprite.uasset" 1781
"E:/Unreal Projects/Catender02/Content/PaperAssets/Decoration/Frames/Rock1_D_Sprite.uexp" 1782
"E:/Unreal Projects/Catender02/Content/PaperAssets/Decoration/Frames/Rock3.uasset" 1783
"E:/Unreal Projects/Catender02/Content/PaperAssets/Decoration/Frames/Rock3.uexp" 1784
"E:/Unreal Projects/Catender02/Content/PaperAssets/Character/KingMeowthur/King_Mewrthur_Death_Normalt.uasset" 1785
"E:/Unreal Projects/Catender02/Content/PaperAssets/Character/KingMeowthur/King_Mewrthur_Death_Normalt.uexp" 1786
"E:/Unreal Projects/Catender02/Content/PaperAssets/Character/KingMeowthur/King_Mewrthur_Death.uasset" 1787
"E:/Unreal Projects/Catender02/Content/PaperAssets/Character/KingMeowthur/King_Mewrthur_Death.uexp" 1788
"E:/Unreal Projects/Catender02/Content/PaperAssets/Character/KingMeowthur/King_Mewrthur_Death_Sprite_0.uasset" 1789
"E:/Unreal Projects/Catender02/Content/PaperAssets/Character/KingMeowthur/King_Mewrthur_Death_Sprite_0.uexp" 1790
"E:/Unreal Projects/Catender02/Content/PaperAssets/Character/KingMeowthur/King_Mewrthur_Death_Sprite_1.uasset" 1791
"E:/Unreal Projects/Catender02/Content/PaperAssets/Character/KingMeowthur/King_Mewrthur_Death_Sprite_1.uexp" 1792
"E:/Unreal Projects/Catender02/Content/PaperAssets/Character/KingMeowthur/King_Mewrthur_Death_Sprite_2.uasset" 1793
"E:/Unreal Projects/Catender02/Content/PaperAssets/Character/KingMeowthur/King_Mewrthur_Death_Sprite_2.uexp" 1794
"E:/Unreal Projects/Catender02/Content/PaperAssets/Character/KingMeowthur/King_Mewrthur_Death_Sprite_3.uasset" 1795
"E:/Unreal Projects/Catender02/Content/PaperAssets/Character/KingMeowthur/King_Mewrthur_Death_Sprite_3.uexp" 1796
"E:/Unreal Projects/Catender02/Content/PaperAssets/Character/KingMeowthur/King_Mewrthur_Death_Sprite_4.uasset" 1797
"E:/Unreal Projects/Catender02/Content/PaperAssets/Character/KingMeowthur/King_Mewrthur_Death_Sprite_4.uexp" 1798
"E:/Unreal Projects/Catender02/Content/PaperAssets/Character/KingMeowthur/King_Mewrthur_Death1.uasset" 1799
"E:/Unreal Projects/Catender02/Content/PaperAssets/Character/KingMeowthur/King_Mewrthur_Death1.uexp" 1800
"E:/Unreal Projects/Catender02/Content/PaperAssets/Character/FriendlyNPC/Worker/Frames/Meow_Knight__Take_Damage_1_aseprite.uasset" 1801
"E:/Unreal Projects/Catender02/Content/PaperAssets/Character/FriendlyNPC/Worker/Frames/Meow_Knight__Take_Damage_1_aseprite.uexp" 1802
"E:/Unreal Projects/Catender02/Content/PaperAssets/Character/FriendlyNPC/Worker/Frames/Meow_Knight__Take_Damage_2_aseprite.uasset" 1803
"E:/Unreal Projects/Catender02/Content/PaperAssets/Character/FriendlyNPC/Worker/Frames/Meow_Knight__Take_Damage_2_aseprite.uexp" 1804
"E:/Unreal Projects/Catender02/Content/PaperAssets/Character/FriendlyNPC/Worker/Frames/Meow_Knight__Take_Damage_0_aseprite.uasset" 1805
"E:/Unreal Projects/Catender02/Content/PaperAssets/Character/FriendlyNPC/Worker/Frames/Meow_Knight__Take_Damage_0_aseprite.uexp" 1806
"E:/Unreal Projects/Catender02/Content/PaperAssets/Character/FriendlyNPC/Worker/Meow_Knight__Take_Damage.uasset" 1807
"E:/Unreal Projects/Catender02/Content/PaperAssets/Character/FriendlyNPC/Worker/Meow_Knight__Take_Damage.uexp" 1808
"E:/Unreal Projects/Catender02/Content/PaperAssets/Character/FriendlyNPC/Worker/Frames/Meow_Knight__Land_1_aseprite.uasset" 1809
"E:/Unreal Projects/Catender02/Content/PaperAssets/Character/FriendlyNPC/Worker/Frames/Meow_Knight__Land_1_aseprite.uexp" 1810
"E:/Unreal Projects/Catender02/Content/PaperAssets/Character/FriendlyNPC/Worker/Frames/Meow_Knight__Land_2_aseprite.uasset" 1811
"E:/Unreal Projects/Catender02/Content/PaperAssets/Character/FriendlyNPC/Worker/Frames/Meow_Knight__Land_2_aseprite.uexp" 1812
"E:/Unreal Projects/Catender02/Content/PaperAssets/Character/FriendlyNPC/Worker/Frames/Meow_Knight__Land_0_aseprite.uasset" 1813
"E:/Unreal Projects/Catender02/Content/PaperAssets/Character/FriendlyNPC/Worker/Frames/Meow_Knight__Land_0_aseprite.uexp" 1814
"E:/Unreal Projects/Catender02/Content/PaperAssets/Character/FriendlyNPC/Worker/Meow_Knight__Land.uasset" 1815
"E:/Unreal Projects/Catender02/Content/PaperAssets/Character/FriendlyNPC/Worker/Meow_Knight__Land.uexp" 1816
"E:/Unreal Projects/Catender02/Content/PaperAssets/Character/FriendlyNPC/Worker/Frames/Meow_Knight__Jump_Start_5_aseprite.uasset" 1817
"E:/Unreal Projects/Catender02/Content/PaperAssets/Character/FriendlyNPC/Worker/Frames/Meow_Knight__Jump_Start_5_aseprite.uexp" 1818
"E:/Unreal Projects/Catender02/Content/PaperAssets/Character/FriendlyNPC/Worker/Frames/Meow_Knight__Jump_Start_0_aseprite.uasset" 1819
"E:/Unreal Projects/Catender02/Content/PaperAssets/Character/FriendlyNPC/Worker/Frames/Meow_Knight__Jump_Start_0_aseprite.uexp" 1820
"E:/Unreal Projects/Catender02/Content/PaperAssets/Character/FriendlyNPC/Worker/Frames/Meow_Knight__Jump_Start_3_aseprite.uasset" 1821
"E:/Unreal Projects/Catender02/Content/PaperAssets/Character/FriendlyNPC/Worker/Frames/Meow_Knight__Jump_Start_3_aseprite.uexp" 1822
"E:/Unreal Projects/Catender02/Content/PaperAssets/Character/FriendlyNPC/Worker/Frames/Meow_Knight__Jump_Start_1_aseprite.uasset" 1823
"E:/Unreal Projects/Catender02/Content/PaperAssets/Character/FriendlyNPC/Worker/Frames/Meow_Knight__Jump_Start_1_aseprite.uexp" 1824
"E:/Unreal Projects/Catender02/Content/PaperAssets/Character/FriendlyNPC/Worker/Frames/Meow_Knight__Jump_Start_2_aseprite.uasset" 1825
"E:/Unreal Projects/Catender02/Content/PaperAssets/Character/FriendlyNPC/Worker/Frames/Meow_Knight__Jump_Start_2_aseprite.uexp" 1826
"E:/Unreal Projects/Catender02/Content/PaperAssets/Character/FriendlyNPC/Worker/Frames/Meow_Knight__Jump_Start_4_aseprite.uasset" 1827
"E:/Unreal Projects/Catender02/Content/PaperAssets/Character/FriendlyNPC/Worker/Frames/Meow_Knight__Jump_Start_4_aseprite.uexp" 1828
"E:/Unreal Projects/Catender02/Content/PaperAssets/Character/FriendlyNPC/Worker/Meow_Knight__Jump_Start.uasset" 1829
"E:/Unreal Projects/Catender02/Content/PaperAssets/Character/FriendlyNPC/Worker/Meow_Knight__Jump_Start.uexp" 1830
"E:/Unreal Projects/Catender02/Content/PaperAssets/Character/FriendlyNPC/Worker/Frames/Meow_Knight__Fall_2_aseprite.uasset" 1831
"E:/Unreal Projects/Catender02/Content/PaperAssets/Character/FriendlyNPC/Worker/Frames/Meow_Knight__Fall_2_aseprite.uexp" 1832
"E:/Unreal Projects/Catender02/Content/PaperAssets/Character/FriendlyNPC/Worker/Frames/Meow_Knight__Fall_1_aseprite.uasset" 1833
"E:/Unreal Projects/Catender02/Content/PaperAssets/Character/FriendlyNPC/Worker/Frames/Meow_Knight__Fall_1_aseprite.uexp" 1834
"E:/Unreal Projects/Catender02/Content/PaperAssets/Character/FriendlyNPC/Worker/Frames/Meow_Knight__Fall_0_aseprite.uasset" 1835
"E:/Unreal Projects/Catender02/Content/PaperAssets/Character/FriendlyNPC/Worker/Frames/Meow_Knight__Fall_0_aseprite.uexp" 1836
"E:/Unreal Projects/Catender02/Content/PaperAssets/Character/FriendlyNPC/Worker/Meow_Knight__Fall.uasset" 1837
"E:/Unreal Projects/Catender02/Content/PaperAssets/Character/FriendlyNPC/Worker/Meow_Knight__Fall.uexp" 1838
"E:/Unreal Projects/Catender02/Content/PaperAssets/Character/FriendlyNPC/Worker/Frames/Meow_Knight__Dodge_2_aseprite.uasset" 1839
"E:/Unreal Projects/Catender02/Content/PaperAssets/Character/FriendlyNPC/Worker/Frames/Meow_Knight__Dodge_2_aseprite.uexp" 1840
"E:/Unreal Projects/Catender02/Content/PaperAssets/Character/FriendlyNPC/Worker/Frames/Meow_Knight__Dodge_0_aseprite.uasset" 1841
"E:/Unreal Projects/Catender02/Content/PaperAssets/Character/FriendlyNPC/Worker/Frames/Meow_Knight__Dodge_0_aseprite.uexp" 1842
"E:/Unreal Projects/Catender02/Content/PaperAssets/Character/FriendlyNPC/Worker/Frames/Meow_Knight__Dodge_4_aseprite.uasset" 1843
"E:/Unreal Projects/Catender02/Content/PaperAssets/Character/FriendlyNPC/Worker/Frames/Meow_Knight__Dodge_4_aseprite.uexp" 1844
"E:/Unreal Projects/Catender02/Content/PaperAssets/Character/FriendlyNPC/Worker/Frames/Meow_Knight__Dodge_5_aseprite.uasset" 1845
"E:/Unreal Projects/Catender02/Content/PaperAssets/Character/FriendlyNPC/Worker/Frames/Meow_Knight__Dodge_5_aseprite.uexp" 1846
"E:/Unreal Projects/Catender02/Content/PaperAssets/Character/FriendlyNPC/Worker/Frames/Meow_Knight__Dodge_6_aseprite.uasset" 1847
"E:/Unreal Projects/Catender02/Content/PaperAssets/Character/FriendlyNPC/Worker/Frames/Meow_Knight__Dodge_6_aseprite.uexp" 1848
"E:/Unreal Projects/Catender02/Content/PaperAssets/Character/FriendlyNPC/Worker/Frames/Meow_Knight__Dodge_3_aseprite.uasset" 1849
"E:/Unreal Projects/Catender02/Content/PaperAssets/Character/FriendlyNPC/Worker/Frames/Meow_Knight__Dodge_3_aseprite.uexp" 1850
"E:/Unreal Projects/Catender02/Content/PaperAssets/Character/FriendlyNPC/Worker/Frames/Meow_Knight__Dodge_1_aseprite.uasset" 1851
"E:/Unreal Projects/Catender02/Content/PaperAssets/Character/FriendlyNPC/Worker/Frames/Meow_Knight__Dodge_1_aseprite.uexp" 1852
"E:/Unreal Projects/Catender02/Content/PaperAssets/Character/FriendlyNPC/Worker/Frames/Meow_Knight__Dodge_7_aseprite.uasset" 1853
"E:/Unreal Projects/Catender02/Content/PaperAssets/Character/FriendlyNPC/Worker/Frames/Meow_Knight__Dodge_7_aseprite.uexp" 1854
"E:/Unreal Projects/Catender02/Content/PaperAssets/Character/FriendlyNPC/Worker/Meow_Knight__Dodge.uasset" 1855
"E:/Unreal Projects/Catender02/Content/PaperAssets/Character/FriendlyNPC/Worker/Meow_Knight__Dodge.uexp" 1856
"E:/Unreal Projects/Catender02/Content/PaperAssets/Character/FriendlyNPC/Worker/Frames/Meow_Knight__Death_3_aseprite.uasset" 1857
"E:/Unreal Projects/Catender02/Content/PaperAssets/Character/FriendlyNPC/Worker/Frames/Meow_Knight__Death_3_aseprite.uexp" 1858
"E:/Unreal Projects/Catender02/Content/PaperAssets/Character/FriendlyNPC/Worker/Frames/Meow_Knight__Death_4_aseprite.uasset" 1859
"E:/Unreal Projects/Catender02/Content/PaperAssets/Character/FriendlyNPC/Worker/Frames/Meow_Knight__Death_4_aseprite.uexp" 1860
"E:/Unreal Projects/Catender02/Content/PaperAssets/Character/FriendlyNPC/Worker/Frames/Meow_Knight__Death_5_aseprite.uasset" 1861
"E:/Unreal Projects/Catender02/Content/PaperAssets/Character/FriendlyNPC/Worker/Frames/Meow_Knight__Death_5_aseprite.uexp" 1862
"E:/Unreal Projects/Catender02/Content/PaperAssets/Character/FriendlyNPC/Worker/Frames/Meow_Knight__Death_2_aseprite.uasset" 1863
"E:/Unreal Projects/Catender02/Content/PaperAssets/Character/FriendlyNPC/Worker/Frames/Meow_Knight__Death_2_aseprite.uexp" 1864
"E:/Unreal Projects/Catender02/Content/PaperAssets/Character/FriendlyNPC/Worker/Frames/Meow_Knight__Death_1_aseprite.uasset" 1865
"E:/Unreal Projects/Catender02/Content/PaperAssets/Character/FriendlyNPC/Worker/Frames/Meow_Knight__Death_1_aseprite.uexp" 1866
"E:/Unreal Projects/Catender02/Content/PaperAssets/Character/FriendlyNPC/Worker/Frames/Meow_Knight__Death_0_aseprite.uasset" 1867
"E:/Unreal Projects/Catender02/Content/PaperAssets/Character/FriendlyNPC/Worker/Frames/Meow_Knight__Death_0_aseprite.uexp" 1868
"E:/Unreal Projects/Catender02/Content/PaperAssets/Character/FriendlyNPC/Worker/Meow_Knight__Death.uasset" 1869
"E:/Unreal Projects/Catender02/Content/PaperAssets/Character/FriendlyNPC/Worker/Meow_Knight__Death.uexp" 1870
"E:/Unreal Projects/Catender02/Content/PaperAssets/Character/FriendlyNPC/Worker/Frames/Meow_Knight__Attack_4_3_aseprite.uasset" 1871
"E:/Unreal Projects/Catender02/Content/PaperAssets/Character/FriendlyNPC/Worker/Frames/Meow_Knight__Attack_4_3_aseprite.uexp" 1872
"E:/Unreal Projects/Catender02/Content/PaperAssets/Character/FriendlyNPC/Worker/Frames/Meow_Knight__Attack_4_1_aseprite.uasset" 1873
"E:/Unreal Projects/Catender02/Content/PaperAssets/Character/FriendlyNPC/Worker/Frames/Meow_Knight__Attack_4_1_aseprite.uexp" 1874
"E:/Unreal Projects/Catender02/Content/PaperAssets/Character/FriendlyNPC/Worker/Frames/Meow_Knight__Attack_4_5_aseprite.uasset" 1875
"E:/Unreal Projects/Catender02/Content/PaperAssets/Character/FriendlyNPC/Worker/Frames/Meow_Knight__Attack_4_5_aseprite.uexp" 1876
"E:/Unreal Projects/Catender02/Content/PaperAssets/Character/FriendlyNPC/Worker/Frames/Meow_Knight__Attack_4_6_aseprite.uasset" 1877
"E:/Unreal Projects/Catender02/Content/PaperAssets/Character/FriendlyNPC/Worker/Frames/Meow_Knight__Attack_4_6_aseprite.uexp" 1878
"E:/Unreal Projects/Catender02/Content/PaperAssets/Character/FriendlyNPC/Worker/Frames/Meow_Knight__Attack_4_0_aseprite.uasset" 1879
"E:/Unreal Projects/Catender02/Content/PaperAssets/Character/FriendlyNPC/Worker/Frames/Meow_Knight__Attack_4_0_aseprite.uexp" 1880
"E:/Unreal Projects/Catender02/Content/PaperAssets/Character/FriendlyNPC/Worker/Frames/Meow_Knight__Attack_4_2_aseprite.uasset" 1881
"E:/Unreal Projects/Catender02/Content/PaperAssets/Character/FriendlyNPC/Worker/Frames/Meow_Knight__Attack_4_2_aseprite.uexp" 1882
"E:/Unreal Projects/Catender02/Content/PaperAssets/Character/FriendlyNPC/Worker/Frames/Meow_Knight__Attack_4_7_aseprite.uasset" 1883
"E:/Unreal Projects/Catender02/Content/PaperAssets/Character/FriendlyNPC/Worker/Frames/Meow_Knight__Attack_4_7_aseprite.uexp" 1884
"E:/Unreal Projects/Catender02/Content/PaperAssets/Character/FriendlyNPC/Worker/Frames/Meow_Knight__Attack_4_4_aseprite.uasset" 1885
"E:/Unreal Projects/Catender02/Content/PaperAssets/Character/FriendlyNPC/Worker/Frames/Meow_Knight__Attack_4_4_aseprite.uexp" 1886
"E:/Unreal Projects/Catender02/Content/PaperAssets/Character/FriendlyNPC/Worker/Meow_Knight__Attack_4.uasset" 1887
"E:/Unreal Projects/Catender02/Content/PaperAssets/Character/FriendlyNPC/Worker/Meow_Knight__Attack_4.uexp" 1888
"E:/Unreal Projects/Catender02/Content/PaperAssets/Character/FriendlyNPC/Worker/Frames/Meow_Knight__Attack_3_2_aseprite.uasset" 1889
"E:/Unreal Projects/Catender02/Content/PaperAssets/Character/FriendlyNPC/Worker/Frames/Meow_Knight__Attack_3_2_aseprite.uexp" 1890
"E:/Unreal Projects/Catender02/Content/PaperAssets/Character/FriendlyNPC/Worker/Frames/Meow_Knight__Attack_3_1_aseprite.uasset" 1891
"E:/Unreal Projects/Catender02/Content/PaperAssets/Character/FriendlyNPC/Worker/Frames/Meow_Knight__Attack_3_1_aseprite.uexp" 1892
"E:/Unreal Projects/Catender02/Content/PaperAssets/Character/FriendlyNPC/Worker/Frames/Meow_Knight__Attack_3_0_aseprite.uasset" 1893
"E:/Unreal Projects/Catender02/Content/PaperAssets/Character/FriendlyNPC/Worker/Frames/Meow_Knight__Attack_3_0_aseprite.uexp" 1894
"E:/Unreal Projects/Catender02/Content/PaperAssets/Character/FriendlyNPC/Worker/Frames/Meow_Knight__Attack_3_3_aseprite.uasset" 1895
"E:/Unreal Projects/Catender02/Content/PaperAssets/Character/FriendlyNPC/Worker/Frames/Meow_Knight__Attack_3_3_aseprite.uexp" 1896
"E:/Unreal Projects/Catender02/Content/PaperAssets/Character/FriendlyNPC/Worker/Meow_Knight__Attack_3.uasset" 1897
"E:/Unreal Projects/Catender02/Content/PaperAssets/Character/FriendlyNPC/Worker/Meow_Knight__Attack_3.uexp" 1898
"E:/Unreal Projects/Catender02/Content/PaperAssets/Character/FriendlyNPC/Worker/Frames/Meow_Knight__Attack_2_0_aseprite.uasset" 1899
"E:/Unreal Projects/Catender02/Content/PaperAssets/Character/FriendlyNPC/Worker/Frames/Meow_Knight__Attack_2_0_aseprite.uexp" 1900
"E:/Unreal Projects/Catender02/Content/PaperAssets/Character/FriendlyNPC/Worker/Frames/Meow_Knight__Attack_2_2_aseprite.uasset" 1901
"E:/Unreal Projects/Catender02/Content/PaperAssets/Character/FriendlyNPC/Worker/Frames/Meow_Knight__Attack_2_2_aseprite.uexp" 1902
"E:/Unreal Projects/Catender02/Content/PaperAssets/Character/FriendlyNPC/Worker/Frames/Meow_Knight__Attack_2_1_aseprite.uasset" 1903
"E:/Unreal Projects/Catender02/Content/PaperAssets/Character/FriendlyNPC/Worker/Frames/Meow_Knight__Attack_2_1_aseprite.uexp" 1904
"E:/Unreal Projects/Catender02/Content/PaperAssets/Character/FriendlyNPC/Worker/Frames/Meow_Knight__Attack_2_3_aseprite.uasset" 1905
"E:/Unreal Projects/Catender02/Content/PaperAssets/Character/FriendlyNPC/Worker/Frames/Meow_Knight__Attack_2_3_aseprite.uexp" 1906
"E:/Unreal Projects/Catender02/Content/PaperAssets/Character/FriendlyNPC/Worker/Meow_Knight__Attack_2.uasset" 1907
"E:/Unreal Projects/Catender02/Content/PaperAssets/Character/FriendlyNPC/Worker/Meow_Knight__Attack_2.uexp" 1908
"E:/Unreal Projects/Catender02/Content/PaperAssets/Character/FriendlyNPC/Worker/Frames/Meow_Knight__Attack_1_8_aseprite.uasset" 1909
"E:/Unreal Projects/Catender02/Content/PaperAssets/Character/FriendlyNPC/Worker/Frames/Meow_Knight__Attack_1_8_aseprite.uexp" 1910
"E:/Unreal Projects/Catender02/Content/PaperAssets/Character/FriendlyNPC/Worker/Frames/Meow_Knight__Attack_1_7_aseprite.uasset" 1911
"E:/Unreal Projects/Catender02/Content/PaperAssets/Character/FriendlyNPC/Worker/Frames/Meow_Knight__Attack_1_7_aseprite.uexp" 1912
"E:/Unreal Projects/Catender02/Content/PaperAssets/Character/FriendlyNPC/Worker/Frames/Meow_Knight__Attack_1_4_aseprite.uasset" 1913
"E:/Unreal Projects/Catender02/Content/PaperAssets/Character/FriendlyNPC/Worker/Frames/Meow_Knight__Attack_1_4_aseprite.uexp" 1914
"E:/Unreal Projects/Catender02/Content/PaperAssets/Character/FriendlyNPC/Worker/Frames/Meow_Knight__Attack_1_0_aseprite.uasset" 1915
"E:/Unreal Projects/Catender02/Content/PaperAssets/Character/FriendlyNPC/Worker/Frames/Meow_Knight__Attack_1_0_aseprite.uexp" 1916
"E:/Unreal Projects/Catender02/Content/PaperAssets/Character/FriendlyNPC/Worker/Frames/Meow_Knight__Attack_1_2_aseprite.uasset" 1917
"E:/Unreal Projects/Catender02/Content/PaperAssets/Character/FriendlyNPC/Worker/Frames/Meow_Knight__Attack_1_2_aseprite.uexp" 1918
"E:/Unreal Projects/Catender02/Content/PaperAssets/Character/FriendlyNPC/Worker/Frames/Meow_Knight__Attack_1_6_aseprite.uasset" 1919
"E:/Unreal Projects/Catender02/Content/PaperAssets/Character/FriendlyNPC/Worker/Frames/Meow_Knight__Attack_1_6_aseprite.uexp" 1920
"E:/Unreal Projects/Catender02/Content/PaperAssets/Character/FriendlyNPC/Worker/Frames/Meow_Knight__Attack_1_9_aseprite.uasset" 1921
"E:/Unreal Projects/Catender02/Content/PaperAssets/Character/FriendlyNPC/Worker/Frames/Meow_Knight__Attack_1_9_aseprite.uexp" 1922
"E:/Unreal Projects/Catender02/Content/PaperAssets/Character/FriendlyNPC/Worker/Frames/Meow_Knight__Attack_1_3_aseprite.uasset" 1923
"E:/Unreal Projects/Catender02/Content/PaperAssets/Character/FriendlyNPC/Worker/Frames/Meow_Knight__Attack_1_3_aseprite.uexp" 1924
"E:/Unreal Projects/Catender02/Content/PaperAssets/Character/FriendlyNPC/Worker/Frames/Meow_Knight__Attack_1_5_aseprite.uasset" 1925
"E:/Unreal Projects/Catender02/Content/PaperAssets/Character/FriendlyNPC/Worker/Frames/Meow_Knight__Attack_1_5_aseprite.uexp" 1926
"E:/Unreal Projects/Catender02/Content/PaperAssets/Character/FriendlyNPC/Worker/Frames/Meow_Knight__Attack_1_1_aseprite.uasset" 1927
"E:/Unreal Projects/Catender02/Content/PaperAssets/Character/FriendlyNPC/Worker/Frames/Meow_Knight__Attack_1_1_aseprite.uexp" 1928
"E:/Unreal Projects/Catender02/Content/PaperAssets/Character/FriendlyNPC/Worker/Meow_Knight__Attack_1.uasset" 1929
"E:/Unreal Projects/Catender02/Content/PaperAssets/Character/FriendlyNPC/Worker/Meow_Knight__Attack_1.uexp" 1930
"E:/Unreal Projects/Catender02/Content/PaperAssets/Character/FriendlyNPC/Farmer/Frames/MEOWTAR_THE_BLUE__Take_Damage_1_aseprite.uasset" 1931
"E:/Unreal Projects/Catender02/Content/PaperAssets/Character/FriendlyNPC/Farmer/Frames/MEOWTAR_THE_BLUE__Take_Damage_1_aseprite.uexp" 1932
"E:/Unreal Projects/Catender02/Content/PaperAssets/Character/FriendlyNPC/Farmer/Frames/MEOWTAR_THE_BLUE__Take_Damage_2_aseprite.uasset" 1933
"E:/Unreal Projects/Catender02/Content/PaperAssets/Character/FriendlyNPC/Farmer/Frames/MEOWTAR_THE_BLUE__Take_Damage_2_aseprite.uexp" 1934
"E:/Unreal Projects/Catender02/Content/PaperAssets/Character/FriendlyNPC/Farmer/Frames/MEOWTAR_THE_BLUE__Take_Damage_0_aseprite.uasset" 1935
"E:/Unreal Projects/Catender02/Content/PaperAssets/Character/FriendlyNPC/Farmer/Frames/MEOWTAR_THE_BLUE__Take_Damage_0_aseprite.uexp" 1936
"E:/Unreal Projects/Catender02/Content/PaperAssets/Character/FriendlyNPC/Farmer/MEOWTAR_THE_BLUE__Take_Damage.uasset" 1937
"E:/Unreal Projects/Catender02/Content/PaperAssets/Character/FriendlyNPC/Farmer/MEOWTAR_THE_BLUE__Take_Damage.uexp" 1938
"E:/Unreal Projects/Catender02/Content/PaperAssets/Character/FriendlyNPC/Farmer/Frames/MEOWTAR_THE_BLUE__Loop_3_aseprite.uasset" 1939
"E:/Unreal Projects/Catender02/Content/PaperAssets/Character/FriendlyNPC/Farmer/Frames/MEOWTAR_THE_BLUE__Loop_3_aseprite.uexp" 1940
"E:/Unreal Projects/Catender02/Content/PaperAssets/Character/FriendlyNPC/Farmer/Frames/MEOWTAR_THE_BLUE__Loop_4_aseprite.uasset" 1941
"E:/Unreal Projects/Catender02/Content/PaperAssets/Character/FriendlyNPC/Farmer/Frames/MEOWTAR_THE_BLUE__Loop_4_aseprite.uexp" 1942
"E:/Unreal Projects/Catender02/Content/PaperAssets/Character/FriendlyNPC/Farmer/Frames/MEOWTAR_THE_BLUE__Loop_2_aseprite.uasset" 1943
"E:/Unreal Projects/Catender02/Content/PaperAssets/Character/FriendlyNPC/Farmer/Frames/MEOWTAR_THE_BLUE__Loop_2_aseprite.uexp" 1944
"E:/Unreal Projects/Catender02/Content/PaperAssets/Character/FriendlyNPC/Farmer/Frames/MEOWTAR_THE_BLUE__Loop_1_aseprite.uasset" 1945
"E:/Unreal Projects/Catender02/Content/PaperAssets/Character/FriendlyNPC/Farmer/Frames/MEOWTAR_THE_BLUE__Loop_1_aseprite.uexp" 1946
"E:/Unreal Projects/Catender02/Content/PaperAssets/Character/FriendlyNPC/Farmer/Frames/MEOWTAR_THE_BLUE__Loop_0_aseprite.uasset" 1947
"E:/Unreal Projects/Catender02/Content/PaperAssets/Character/FriendlyNPC/Farmer/Frames/MEOWTAR_THE_BLUE__Loop_0_aseprite.uexp" 1948
"E:/Unreal Projects/Catender02/Content/PaperAssets/Character/FriendlyNPC/Farmer/Frames/MEOWTAR_THE_BLUE__Loop_5_aseprite.uasset" 1949
"E:/Unreal Projects/Catender02/Content/PaperAssets/Character/FriendlyNPC/Farmer/Frames/MEOWTAR_THE_BLUE__Loop_5_aseprite.uexp" 1950
"E:/Unreal Projects/Catender02/Content/PaperAssets/Character/FriendlyNPC/Farmer/MEOWTAR_THE_BLUE__Loop.uasset" 1951
"E:/Unreal Projects/Catender02/Content/PaperAssets/Character/FriendlyNPC/Farmer/MEOWTAR_THE_BLUE__Loop.uexp" 1952
"E:/Unreal Projects/Catender02/Content/PaperAssets/Character/FriendlyNPC/Farmer/Frames/MEOWTAR_THE_BLUE__Land_0_aseprite.uasset" 1953
"E:/Unreal Projects/Catender02/Content/PaperAssets/Character/FriendlyNPC/Farmer/Frames/MEOWTAR_THE_BLUE__Land_0_aseprite.uexp" 1954
"E:/Unreal Projects/Catender02/Content/PaperAssets/Character/FriendlyNPC/Farmer/Frames/MEOWTAR_THE_BLUE__Land_1_aseprite.uasset" 1955
"E:/Unreal Projects/Catender02/Content/PaperAssets/Character/FriendlyNPC/Farmer/Frames/MEOWTAR_THE_BLUE__Land_1_aseprite.uexp" 1956
"E:/Unreal Projects/Catender02/Content/PaperAssets/Character/FriendlyNPC/Farmer/Frames/MEOWTAR_THE_BLUE__Land_2_aseprite.uasset" 1957
"E:/Unreal Projects/Catender02/Content/PaperAssets/Character/FriendlyNPC/Farmer/Frames/MEOWTAR_THE_BLUE__Land_2_aseprite.uexp" 1958
"E:/Unreal Projects/Catender02/Content/PaperAssets/Character/FriendlyNPC/Farmer/MEOWTAR_THE_BLUE__Land.uasset" 1959
"E:/Unreal Projects/Catender02/Content/PaperAssets/Character/FriendlyNPC/Farmer/MEOWTAR_THE_BLUE__Land.uexp" 1960
"E:/Unreal Projects/Catender02/Content/PaperAssets/Character/FriendlyNPC/Farmer/Frames/MEOWTAR_THE_BLUE__JumpRise_0_aseprite.uasset" 1961
"E:/Unreal Projects/Catender02/Content/PaperAssets/Character/FriendlyNPC/Farmer/Frames/MEOWTAR_THE_BLUE__JumpRise_0_aseprite.uexp" 1962
"E:/Unreal Projects/Catender02/Content/PaperAssets/Character/FriendlyNPC/Farmer/Frames/MEOWTAR_THE_BLUE__JumpRise_6_aseprite.uasset" 1963
"E:/Unreal Projects/Catender02/Content/PaperAssets/Character/FriendlyNPC/Farmer/Frames/MEOWTAR_THE_BLUE__JumpRise_6_aseprite.uexp" 1964
"E:/Unreal Projects/Catender02/Content/PaperAssets/Character/FriendlyNPC/Farmer/Frames/MEOWTAR_THE_BLUE__JumpRise_1_aseprite.uasset" 1965
"E:/Unreal Projects/Catender02/Content/PaperAssets/Character/FriendlyNPC/Farmer/Frames/MEOWTAR_THE_BLUE__JumpRise_1_aseprite.uexp" 1966
"E:/Unreal Projects/Catender02/Content/PaperAssets/Character/FriendlyNPC/Farmer/Frames/MEOWTAR_THE_BLUE__JumpRise_4_aseprite.uasset" 1967
"E:/Unreal Projects/Catender02/Content/PaperAssets/Character/FriendlyNPC/Farmer/Frames/MEOWTAR_THE_BLUE__JumpRise_4_aseprite.uexp" 1968
"E:/Unreal Projects/Catender02/Content/PaperAssets/Character/FriendlyNPC/Farmer/Frames/MEOWTAR_THE_BLUE__JumpRise_3_aseprite.uasset" 1969
"E:/Unreal Projects/Catender02/Content/PaperAssets/Character/FriendlyNPC/Farmer/Frames/MEOWTAR_THE_BLUE__JumpRise_3_aseprite.uexp" 1970
"E:/Unreal Projects/Catender02/Content/PaperAssets/Character/FriendlyNPC/Farmer/Frames/MEOWTAR_THE_BLUE__JumpRise_2_aseprite.uasset" 1971
"E:/Unreal Projects/Catender02/Content/PaperAssets/Character/FriendlyNPC/Farmer/Frames/MEOWTAR_THE_BLUE__JumpRise_2_aseprite.uexp" 1972
"E:/Unreal Projects/Catender02/Content/PaperAssets/Character/FriendlyNPC/Farmer/Frames/MEOWTAR_THE_BLUE__JumpRise_5_aseprite.uasset" 1973
"E:/Unreal Projects/Catender02/Content/PaperAssets/Character/FriendlyNPC/Farmer/Frames/MEOWTAR_THE_BLUE__JumpRise_5_aseprite.uexp" 1974
"E:/Unreal Projects/Catender02/Content/PaperAssets/Character/FriendlyNPC/Farmer/MEOWTAR_THE_BLUE__JumpRise.uasset" 1975
"E:/Unreal Projects/Catender02/Content/PaperAssets/Character/FriendlyNPC/Farmer/MEOWTAR_THE_BLUE__JumpRise.uexp" 1976
"E:/Unreal Projects/Catender02/Content/PaperAssets/Character/FriendlyNPC/Farmer/Frames/MEOWTAR_THE_BLUE__FireBall_3_aseprite.uasset" 1977
"E:/Unreal Projects/Catender02/Content/PaperAssets/Character/FriendlyNPC/Farmer/Frames/MEOWTAR_THE_BLUE__FireBall_3_aseprite.uexp" 1978
"E:/Unreal Projects/Catender02/Content/PaperAssets/Character/FriendlyNPC/Farmer/Frames/MEOWTAR_THE_BLUE__FireBall_4_aseprite.uasset" 1979
"E:/Unreal Projects/Catender02/Content/PaperAssets/Character/FriendlyNPC/Farmer/Frames/MEOWTAR_THE_BLUE__FireBall_4_aseprite.uexp" 1980
"E:/Unreal Projects/Catender02/Content/PaperAssets/Character/FriendlyNPC/Farmer/Frames/MEOWTAR_THE_BLUE__FireBall_1_aseprite.uasset" 1981
"E:/Unreal Projects/Catender02/Content/PaperAssets/Character/FriendlyNPC/Farmer/Frames/MEOWTAR_THE_BLUE__FireBall_1_aseprite.uexp" 1982
"E:/Unreal Projects/Catender02/Content/PaperAssets/Character/FriendlyNPC/Farmer/Frames/MEOWTAR_THE_BLUE__FireBall_0_aseprite.uasset" 1983
"E:/Unreal Projects/Catender02/Content/PaperAssets/Character/FriendlyNPC/Farmer/Frames/MEOWTAR_THE_BLUE__FireBall_0_aseprite.uexp" 1984
"E:/Unreal Projects/Catender02/Content/PaperAssets/Character/FriendlyNPC/Farmer/Frames/MEOWTAR_THE_BLUE__FireBall_2_aseprite.uasset" 1985
"E:/Unreal Projects/Catender02/Content/PaperAssets/Character/FriendlyNPC/Farmer/Frames/MEOWTAR_THE_BLUE__FireBall_2_aseprite.uexp" 1986
"E:/Unreal Projects/Catender02/Content/PaperAssets/Character/FriendlyNPC/Farmer/MEOWTAR_THE_BLUE__FireBall.uasset" 1987
"E:/Unreal Projects/Catender02/Content/PaperAssets/Character/FriendlyNPC/Farmer/MEOWTAR_THE_BLUE__FireBall.uexp" 1988
"E:/Unreal Projects/Catender02/Content/PaperAssets/Character/FriendlyNPC/Farmer/Frames/MEOWTAR_THE_BLUE__Fall_0_aseprite.uasset" 1989
"E:/Unreal Projects/Catender02/Content/PaperAssets/Character/FriendlyNPC/Farmer/Frames/MEOWTAR_THE_BLUE__Fall_0_aseprite.uexp" 1990
"E:/Unreal Projects/Catender02/Content/PaperAssets/Character/FriendlyNPC/Farmer/Frames/MEOWTAR_THE_BLUE__Fall_1_aseprite.uasset" 1991
"E:/Unreal Projects/Catender02/Content/PaperAssets/Character/FriendlyNPC/Farmer/Frames/MEOWTAR_THE_BLUE__Fall_1_aseprite.uexp" 1992
"E:/Unreal Projects/Catender02/Content/PaperAssets/Character/FriendlyNPC/Farmer/Frames/MEOWTAR_THE_BLUE__Fall_2_aseprite.uasset" 1993
"E:/Unreal Projects/Catender02/Content/PaperAssets/Character/FriendlyNPC/Farmer/Frames/MEOWTAR_THE_BLUE__Fall_2_aseprite.uexp" 1994
"E:/Unreal Projects/Catender02/Content/PaperAssets/Character/FriendlyNPC/Farmer/MEOWTAR_THE_BLUE__Fall.uasset" 1995
"E:/Unreal Projects/Catender02/Content/PaperAssets/Character/FriendlyNPC/Farmer/MEOWTAR_THE_BLUE__Fall.uexp" 1996
"E:/Unreal Projects/Catender02/Content/PaperAssets/Character/FriendlyNPC/Farmer/Frames/MEOWTAR_THE_BLUE__Dodge_3_aseprite.uasset" 1997
"E:/Unreal Projects/Catender02/Content/PaperAssets/Character/FriendlyNPC/Farmer/Frames/MEOWTAR_THE_BLUE__Dodge_3_aseprite.uexp" 1998
"E:/Unreal Projects/Catender02/Content/PaperAssets/Character/FriendlyNPC/Farmer/Frames/MEOWTAR_THE_BLUE__Dodge_7_aseprite.uasset" 1999
"E:/Unreal Projects/Catender02/Content/PaperAssets/Character/FriendlyNPC/Farmer/Frames/MEOWTAR_THE_BLUE__Dodge_7_aseprite.uexp" 2000
"E:/Unreal Projects/Catender02/Content/PaperAssets/Character/FriendlyNPC/Farmer/Frames/MEOWTAR_THE_BLUE__Dodge_12_aseprite.uasset" 2001
"E:/Unreal Projects/Catender02/Content/PaperAssets/Character/FriendlyNPC/Farmer/Frames/MEOWTAR_THE_BLUE__Dodge_12_aseprite.uexp" 2002
"E:/Unreal Projects/Catender02/Content/PaperAssets/Character/FriendlyNPC/Farmer/Frames/MEOWTAR_THE_BLUE__Dodge_4_aseprite.uasset" 2003
"E:/Unreal Projects/Catender02/Content/PaperAssets/Character/FriendlyNPC/Farmer/Frames/MEOWTAR_THE_BLUE__Dodge_4_aseprite.uexp" 2004
"E:/Unreal Projects/Catender02/Content/PaperAssets/Character/FriendlyNPC/Farmer/Frames/MEOWTAR_THE_BLUE__Dodge_10_aseprite.uasset" 2005
"E:/Unreal Projects/Catender02/Content/PaperAssets/Character/FriendlyNPC/Farmer/Frames/MEOWTAR_THE_BLUE__Dodge_10_aseprite.uexp" 2006
"E:/Unreal Projects/Catender02/Content/PaperAssets/Character/FriendlyNPC/Farmer/Frames/MEOWTAR_THE_BLUE__Dodge_0_aseprite.uasset" 2007
"E:/Unreal Projects/Catender02/Content/PaperAssets/Character/FriendlyNPC/Farmer/Frames/MEOWTAR_THE_BLUE__Dodge_0_aseprite.uexp" 2008
"E:/Unreal Projects/Catender02/Content/PaperAssets/Character/FriendlyNPC/Farmer/Frames/MEOWTAR_THE_BLUE__Dodge_5_aseprite.uasset" 2009
"E:/Unreal Projects/Catender02/Content/PaperAssets/Character/FriendlyNPC/Farmer/Frames/MEOWTAR_THE_BLUE__Dodge_5_aseprite.uexp" 2010
"E:/Unreal Projects/Catender02/Content/PaperAssets/Character/FriendlyNPC/Farmer/Frames/MEOWTAR_THE_BLUE__Dodge_11_aseprite.uasset" 2011
"E:/Unreal Projects/Catender02/Content/PaperAssets/Character/FriendlyNPC/Farmer/Frames/MEOWTAR_THE_BLUE__Dodge_11_aseprite.uexp" 2012
"E:/Unreal Projects/Catender02/Content/PaperAssets/Character/FriendlyNPC/Farmer/Frames/MEOWTAR_THE_BLUE__Dodge_1_aseprite.uasset" 2013
"E:/Unreal Projects/Catender02/Content/PaperAssets/Character/FriendlyNPC/Farmer/Frames/MEOWTAR_THE_BLUE__Dodge_1_aseprite.uexp" 2014
"E:/Unreal Projects/Catender02/Content/PaperAssets/Character/FriendlyNPC/Farmer/Frames/MEOWTAR_THE_BLUE__Dodge_9_aseprite.uasset" 2015
"E:/Unreal Projects/Catender02/Content/PaperAssets/Character/FriendlyNPC/Farmer/Frames/MEOWTAR_THE_BLUE__Dodge_9_aseprite.uexp" 2016
"E:/Unreal Projects/Catender02/Content/PaperAssets/Character/FriendlyNPC/Farmer/Frames/MEOWTAR_THE_BLUE__Dodge_13_aseprite.uasset" 2017
"E:/Unreal Projects/Catender02/Content/PaperAssets/Character/FriendlyNPC/Farmer/Frames/MEOWTAR_THE_BLUE__Dodge_13_aseprite.uexp" 2018
"E:/Unreal Projects/Catender02/Content/PaperAssets/Character/FriendlyNPC/Farmer/Frames/MEOWTAR_THE_BLUE__Dodge_2_aseprite.uasset" 2019
"E:/Unreal Projects/Catender02/Content/PaperAssets/Character/FriendlyNPC/Farmer/Frames/MEOWTAR_THE_BLUE__Dodge_2_aseprite.uexp" 2020
"E:/Unreal Projects/Catender02/Content/PaperAssets/Character/FriendlyNPC/Farmer/Frames/MEOWTAR_THE_BLUE__Dodge_6_aseprite.uasset" 2021
"E:/Unreal Projects/Catender02/Content/PaperAssets/Character/FriendlyNPC/Farmer/Frames/MEOWTAR_THE_BLUE__Dodge_6_aseprite.uexp" 2022
"E:/Unreal Projects/Catender02/Content/PaperAssets/Character/FriendlyNPC/Farmer/Frames/MEOWTAR_THE_BLUE__Dodge_8_aseprite.uasset" 2023
"E:/Unreal Projects/Catender02/Content/PaperAssets/Character/FriendlyNPC/Farmer/Frames/MEOWTAR_THE_BLUE__Dodge_8_aseprite.uexp" 2024
"E:/Unreal Projects/Catender02/Content/PaperAssets/Character/FriendlyNPC/Farmer/MEOWTAR_THE_BLUE__Dodge.uasset" 2025
"E:/Unreal Projects/Catender02/Content/PaperAssets/Character/FriendlyNPC/Farmer/MEOWTAR_THE_BLUE__Dodge.uexp" 2026
"E:/Unreal Projects/Catender02/Content/PaperAssets/Character/FriendlyNPC/Farmer/Frames/MEOWTAR_THE_BLUE__Death_5_aseprite.uasset" 2027
"E:/Unreal Projects/Catender02/Content/PaperAssets/Character/FriendlyNPC/Farmer/Frames/MEOWTAR_THE_BLUE__Death_5_aseprite.uexp" 2028
"E:/Unreal Projects/Catender02/Content/PaperAssets/Character/FriendlyNPC/Farmer/Frames/MEOWTAR_THE_BLUE__Death_1_aseprite.uasset" 2029
"E:/Unreal Projects/Catender02/Content/PaperAssets/Character/FriendlyNPC/Farmer/Frames/MEOWTAR_THE_BLUE__Death_1_aseprite.uexp" 2030
"E:/Unreal Projects/Catender02/Content/PaperAssets/Character/FriendlyNPC/Farmer/Frames/MEOWTAR_THE_BLUE__Death_7_aseprite.uasset" 2031
"E:/Unreal Projects/Catender02/Content/PaperAssets/Character/FriendlyNPC/Farmer/Frames/MEOWTAR_THE_BLUE__Death_7_aseprite.uexp" 2032
"E:/Unreal Projects/Catender02/Content/PaperAssets/Character/FriendlyNPC/Farmer/Frames/MEOWTAR_THE_BLUE__Death_8_aseprite.uasset" 2033
"E:/Unreal Projects/Catender02/Content/PaperAssets/Character/FriendlyNPC/Farmer/Frames/MEOWTAR_THE_BLUE__Death_8_aseprite.uexp" 2034
"E:/Unreal Projects/Catender02/Content/PaperAssets/Character/FriendlyNPC/Farmer/Frames/MEOWTAR_THE_BLUE__Death_2_aseprite.uasset" 2035
"E:/Unreal Projects/Catender02/Content/PaperAssets/Character/FriendlyNPC/Farmer/Frames/MEOWTAR_THE_BLUE__Death_2_aseprite.uexp" 2036
"E:/Unreal Projects/Catender02/Content/PaperAssets/Character/FriendlyNPC/Farmer/Frames/MEOWTAR_THE_BLUE__Death_0_aseprite.uasset" 2037
"E:/Unreal Projects/Catender02/Content/PaperAssets/Character/FriendlyNPC/Farmer/Frames/MEOWTAR_THE_BLUE__Death_0_aseprite.uexp" 2038
"E:/Unreal Projects/Catender02/Content/PaperAssets/Character/FriendlyNPC/Farmer/Frames/MEOWTAR_THE_BLUE__Death_9_aseprite.uasset" 2039
"E:/Unreal Projects/Catender02/Content/PaperAssets/Character/FriendlyNPC/Farmer/Frames/MEOWTAR_THE_BLUE__Death_9_aseprite.uexp" 2040
"E:/Unreal Projects/Catender02/Content/PaperAssets/Character/FriendlyNPC/Farmer/Frames/MEOWTAR_THE_BLUE__Death_3_aseprite.uasset" 2041
"E:/Unreal Projects/Catender02/Content/PaperAssets/Character/FriendlyNPC/Farmer/Frames/MEOWTAR_THE_BLUE__Death_3_aseprite.uexp" 2042
"E:/Unreal Projects/Catender02/Content/PaperAssets/Character/FriendlyNPC/Farmer/Frames/MEOWTAR_THE_BLUE__Death_6_aseprite.uasset" 2043
"E:/Unreal Projects/Catender02/Content/PaperAssets/Character/FriendlyNPC/Farmer/Frames/MEOWTAR_THE_BLUE__Death_6_aseprite.uexp" 2044
"E:/Unreal Projects/Catender02/Content/PaperAssets/Character/FriendlyNPC/Farmer/Frames/MEOWTAR_THE_BLUE__Death_4_aseprite.uasset" 2045
"E:/Unreal Projects/Catender02/Content/PaperAssets/Character/FriendlyNPC/Farmer/Frames/MEOWTAR_THE_BLUE__Death_4_aseprite.uexp" 2046
"E:/Unreal Projects/Catender02/Content/PaperAssets/Character/FriendlyNPC/Farmer/MEOWTAR_THE_BLUE__Death.uasset" 2047
"E:/Unreal Projects/Catender02/Content/PaperAssets/Character/FriendlyNPC/Farmer/MEOWTAR_THE_BLUE__Death.uexp" 2048
"E:/Unreal Projects/Catender02/Content/PaperAssets/Character/FriendlyNPC/Farmer/Frames/MEOWTAR_THE_BLUE__Attack_4_8_aseprite.uasset" 2049
"E:/Unreal Projects/Catender02/Content/PaperAssets/Character/FriendlyNPC/Farmer/Frames/MEOWTAR_THE_BLUE__Attack_4_8_aseprite.uexp" 2050
"E:/Unreal Projects/Catender02/Content/PaperAssets/Character/FriendlyNPC/Farmer/Frames/MEOWTAR_THE_BLUE__Attack_4_4_aseprite.uasset" 2051
"E:/Unreal Projects/Catender02/Content/PaperAssets/Character/FriendlyNPC/Farmer/Frames/MEOWTAR_THE_BLUE__Attack_4_4_aseprite.uexp" 2052
"E:/Unreal Projects/Catender02/Content/PaperAssets/Character/FriendlyNPC/Farmer/Frames/MEOWTAR_THE_BLUE__Attack_4_6_aseprite.uasset" 2053
"E:/Unreal Projects/Catender02/Content/PaperAssets/Character/FriendlyNPC/Farmer/Frames/MEOWTAR_THE_BLUE__Attack_4_6_aseprite.uexp" 2054
"E:/Unreal Projects/Catender02/Content/PaperAssets/Character/FriendlyNPC/Farmer/Frames/MEOWTAR_THE_BLUE__Attack_4_0_aseprite.uasset" 2055
"E:/Unreal Projects/Catender02/Content/PaperAssets/Character/FriendlyNPC/Farmer/Frames/MEOWTAR_THE_BLUE__Attack_4_0_aseprite.uexp" 2056
"E:/Unreal Projects/Catender02/Content/PaperAssets/Character/FriendlyNPC/Farmer/Frames/MEOWTAR_THE_BLUE__Attack_4_9_aseprite.uasset" 2057
"E:/Unreal Projects/Catender02/Content/PaperAssets/Character/FriendlyNPC/Farmer/Frames/MEOWTAR_THE_BLUE__Attack_4_9_aseprite.uexp" 2058
"E:/Unreal Projects/Catender02/Content/PaperAssets/Character/FriendlyNPC/Farmer/Frames/MEOWTAR_THE_BLUE__Attack_4_5_aseprite.uasset" 2059
"E:/Unreal Projects/Catender02/Content/PaperAssets/Character/FriendlyNPC/Farmer/Frames/MEOWTAR_THE_BLUE__Attack_4_5_aseprite.uexp" 2060
"E:/Unreal Projects/Catender02/Content/PaperAssets/Character/FriendlyNPC/Farmer/Frames/MEOWTAR_THE_BLUE__Attack_4_2_aseprite.uasset" 2061
"E:/Unreal Projects/Catender02/Content/PaperAssets/Character/FriendlyNPC/Farmer/Frames/MEOWTAR_THE_BLUE__Attack_4_2_aseprite.uexp" 2062
"E:/Unreal Projects/Catender02/Content/PaperAssets/Character/FriendlyNPC/Farmer/Frames/MEOWTAR_THE_BLUE__Attack_4_1_aseprite.uasset" 2063
"E:/Unreal Projects/Catender02/Content/PaperAssets/Character/FriendlyNPC/Farmer/Frames/MEOWTAR_THE_BLUE__Attack_4_1_aseprite.uexp" 2064
"E:/Unreal Projects/Catender02/Content/PaperAssets/Character/FriendlyNPC/Farmer/Frames/MEOWTAR_THE_BLUE__Attack_4_3_aseprite.uasset" 2065
"E:/Unreal Projects/Catender02/Content/PaperAssets/Character/FriendlyNPC/Farmer/Frames/MEOWTAR_THE_BLUE__Attack_4_3_aseprite.uexp" 2066
"E:/Unreal Projects/Catender02/Content/PaperAssets/Character/FriendlyNPC/Farmer/Frames/MEOWTAR_THE_BLUE__Attack_4_7_aseprite.uasset" 2067
"E:/Unreal Projects/Catender02/Content/PaperAssets/Character/FriendlyNPC/Farmer/Frames/MEOWTAR_THE_BLUE__Attack_4_7_aseprite.uexp" 2068
"E:/Unreal Projects/Catender02/Content/PaperAssets/Character/FriendlyNPC/Farmer/MEOWTAR_THE_BLUE__Attack_4.uasset" 2069
"E:/Unreal Projects/Catender02/Content/PaperAssets/Character/FriendlyNPC/Farmer/MEOWTAR_THE_BLUE__Attack_4.uexp" 2070
"E:/Unreal Projects/Catender02/Content/PaperAssets/Character/FriendlyNPC/Farmer/Frames/MEOWTAR_THE_BLUE__Attack_2_5_aseprite.uasset" 2071
"E:/Unreal Projects/Catender02/Content/PaperAssets/Character/FriendlyNPC/Farmer/Frames/MEOWTAR_THE_BLUE__Attack_2_5_aseprite.uexp" 2072
"E:/Unreal Projects/Catender02/Content/PaperAssets/Character/FriendlyNPC/Farmer/Frames/MEOWTAR_THE_BLUE__Attack_2_8_aseprite.uasset" 2073
"E:/Unreal Projects/Catender02/Content/PaperAssets/Character/FriendlyNPC/Farmer/Frames/MEOWTAR_THE_BLUE__Attack_2_8_aseprite.uexp" 2074
"E:/Unreal Projects/Catender02/Content/PaperAssets/Character/FriendlyNPC/Farmer/Frames/MEOWTAR_THE_BLUE__Attack_2_3_aseprite.uasset" 2075
"E:/Unreal Projects/Catender02/Content/PaperAssets/Character/FriendlyNPC/Farmer/Frames/MEOWTAR_THE_BLUE__Attack_2_3_aseprite.uexp" 2076
"E:/Unreal Projects/Catender02/Content/PaperAssets/Character/FriendlyNPC/Farmer/Frames/MEOWTAR_THE_BLUE__Attack_2_1_aseprite.uasset" 2077
"E:/Unreal Projects/Catender02/Content/PaperAssets/Character/FriendlyNPC/Farmer/Frames/MEOWTAR_THE_BLUE__Attack_2_1_aseprite.uexp" 2078
"E:/Unreal Projects/Catender02/Content/PaperAssets/Character/FriendlyNPC/Farmer/Frames/MEOWTAR_THE_BLUE__Attack_2_7_aseprite.uasset" 2079
"E:/Unreal Projects/Catender02/Content/PaperAssets/Character/FriendlyNPC/Farmer/Frames/MEOWTAR_THE_BLUE__Attack_2_7_aseprite.uexp" 2080
"E:/Unreal Projects/Catender02/Content/PaperAssets/Character/FriendlyNPC/Farmer/Frames/MEOWTAR_THE_BLUE__Attack_2_6_aseprite.uasset" 2081
"E:/Unreal Projects/Catender02/Content/PaperAssets/Character/FriendlyNPC/Farmer/Frames/MEOWTAR_THE_BLUE__Attack_2_6_aseprite.uexp" 2082
"E:/Unreal Projects/Catender02/Content/PaperAssets/Character/FriendlyNPC/Farmer/Frames/MEOWTAR_THE_BLUE__Attack_2_0_aseprite.uasset" 2083
"E:/Unreal Projects/Catender02/Content/PaperAssets/Character/FriendlyNPC/Farmer/Frames/MEOWTAR_THE_BLUE__Attack_2_0_aseprite.uexp" 2084
"E:/Unreal Projects/Catender02/Content/PaperAssets/Character/FriendlyNPC/Farmer/Frames/MEOWTAR_THE_BLUE__Attack_2_2_aseprite.uasset" 2085
"E:/Unreal Projects/Catender02/Content/PaperAssets/Character/FriendlyNPC/Farmer/Frames/MEOWTAR_THE_BLUE__Attack_2_2_aseprite.uexp" 2086
"E:/Unreal Projects/Catender02/Content/PaperAssets/Character/FriendlyNPC/Farmer/Frames/MEOWTAR_THE_BLUE__Attack_2_4_aseprite.uasset" 2087
"E:/Unreal Projects/Catender02/Content/PaperAssets/Character/FriendlyNPC/Farmer/Frames/MEOWTAR_THE_BLUE__Attack_2_4_aseprite.uexp" 2088
"E:/Unreal Projects/Catender02/Content/PaperAssets/Character/FriendlyNPC/Farmer/MEOWTAR_THE_BLUE__Attack_2.uasset" 2089
"E:/Unreal Projects/Catender02/Content/PaperAssets/Character/FriendlyNPC/Farmer/MEOWTAR_THE_BLUE__Attack_2.uexp" 2090
"E:/Unreal Projects/Catender02/Content/PaperAssets/Character/FriendlyNPC/Farmer/Frames/MEOWTAR_THE_BLUE__Attack_1_4_aseprite.uasset" 2091
"E:/Unreal Projects/Catender02/Content/PaperAssets/Character/FriendlyNPC/Farmer/Frames/MEOWTAR_THE_BLUE__Attack_1_4_aseprite.uexp" 2092
"E:/Unreal Projects/Catender02/Content/PaperAssets/Character/FriendlyNPC/Farmer/Frames/MEOWTAR_THE_BLUE__Attack_1_0_aseprite.uasset" 2093
"E:/Unreal Projects/Catender02/Content/PaperAssets/Character/FriendlyNPC/Farmer/Frames/MEOWTAR_THE_BLUE__Attack_1_0_aseprite.uexp" 2094
"E:/Unreal Projects/Catender02/Content/PaperAssets/Character/FriendlyNPC/Farmer/Frames/MEOWTAR_THE_BLUE__Attack_1_1_aseprite.uasset" 2095
"E:/Unreal Projects/Catender02/Content/PaperAssets/Character/FriendlyNPC/Farmer/Frames/MEOWTAR_THE_BLUE__Attack_1_1_aseprite.uexp" 2096
"E:/Unreal Projects/Catender02/Content/PaperAssets/Character/FriendlyNPC/Farmer/Frames/MEOWTAR_THE_BLUE__Attack_1_2_aseprite.uasset" 2097
"E:/Unreal Projects/Catender02/Content/PaperAssets/Character/FriendlyNPC/Farmer/Frames/MEOWTAR_THE_BLUE__Attack_1_2_aseprite.uexp" 2098
"E:/Unreal Projects/Catender02/Content/PaperAssets/Character/FriendlyNPC/Farmer/Frames/MEOWTAR_THE_BLUE__Attack_1_3_aseprite.uasset" 2099
"E:/Unreal Projects/Catender02/Content/PaperAssets/Character/FriendlyNPC/Farmer/Frames/MEOWTAR_THE_BLUE__Attack_1_3_aseprite.uexp" 2100
"E:/Unreal Projects/Catender02/Content/PaperAssets/Character/FriendlyNPC/Farmer/MEOWTAR_THE_BLUE__Attack_1.uasset" 2101
"E:/Unreal Projects/Catender02/Content/PaperAssets/Character/FriendlyNPC/Farmer/MEOWTAR_THE_BLUE__Attack_1.uexp" 2102
"E:/Unreal Projects/Catender02/Content/PaperAssets/Character/FriendlyNPC/Archer/Frames/MEOWOLAS__Take_damage_0_aseprite.uasset" 2103
"E:/Unreal Projects/Catender02/Content/PaperAssets/Character/FriendlyNPC/Archer/Frames/MEOWOLAS__Take_damage_0_aseprite.uexp" 2104
"E:/Unreal Projects/Catender02/Content/PaperAssets/Character/FriendlyNPC/Archer/Frames/MEOWOLAS__Take_damage_2_aseprite.uasset" 2105
"E:/Unreal Projects/Catender02/Content/PaperAssets/Character/FriendlyNPC/Archer/Frames/MEOWOLAS__Take_damage_2_aseprite.uexp" 2106
"E:/Unreal Projects/Catender02/Content/PaperAssets/Character/FriendlyNPC/Archer/Frames/MEOWOLAS__Take_damage_1_aseprite.uasset" 2107
"E:/Unreal Projects/Catender02/Content/PaperAssets/Character/FriendlyNPC/Archer/Frames/MEOWOLAS__Take_damage_1_aseprite.uexp" 2108
"E:/Unreal Projects/Catender02/Content/PaperAssets/Character/FriendlyNPC/Archer/MEOWOLAS__Take_damage.uasset" 2109
"E:/Unreal Projects/Catender02/Content/PaperAssets/Character/FriendlyNPC/Archer/MEOWOLAS__Take_damage.uexp" 2110
"E:/Unreal Projects/Catender02/Content/PaperAssets/Character/FriendlyNPC/Archer/Frames/MEOWOLAS__Land_1_aseprite.uasset" 2111
"E:/Unreal Projects/Catender02/Content/PaperAssets/Character/FriendlyNPC/Archer/Frames/MEOWOLAS__Land_1_aseprite.uexp" 2112
"E:/Unreal Projects/Catender02/Content/PaperAssets/Character/FriendlyNPC/Archer/Frames/MEOWOLAS__Land_0_aseprite.uasset" 2113
"E:/Unreal Projects/Catender02/Content/PaperAssets/Character/FriendlyNPC/Archer/Frames/MEOWOLAS__Land_0_aseprite.uexp" 2114
"E:/Unreal Projects/Catender02/Content/PaperAssets/Character/FriendlyNPC/Archer/Frames/MEOWOLAS__Land_2_aseprite.uasset" 2115
"E:/Unreal Projects/Catender02/Content/PaperAssets/Character/FriendlyNPC/Archer/Frames/MEOWOLAS__Land_2_aseprite.uexp" 2116
"E:/Unreal Projects/Catender02/Content/PaperAssets/Character/FriendlyNPC/Archer/MEOWOLAS__Land.uasset" 2117
"E:/Unreal Projects/Catender02/Content/PaperAssets/Character/FriendlyNPC/Archer/MEOWOLAS__Land.uexp" 2118
"E:/Unreal Projects/Catender02/Content/PaperAssets/Character/FriendlyNPC/Archer/Frames/MEOWOLAS__Jump_Start_1_aseprite.uasset" 2119
"E:/Unreal Projects/Catender02/Content/PaperAssets/Character/FriendlyNPC/Archer/Frames/MEOWOLAS__Jump_Start_1_aseprite.uexp" 2120
"E:/Unreal Projects/Catender02/Content/PaperAssets/Character/FriendlyNPC/Archer/Frames/MEOWOLAS__Jump_Start_4_aseprite.uasset" 2121
"E:/Unreal Projects/Catender02/Content/PaperAssets/Character/FriendlyNPC/Archer/Frames/MEOWOLAS__Jump_Start_4_aseprite.uexp" 2122
"E:/Unreal Projects/Catender02/Content/PaperAssets/Character/FriendlyNPC/Archer/Frames/MEOWOLAS__Jump_Start_0_aseprite.uasset" 2123
"E:/Unreal Projects/Catender02/Content/PaperAssets/Character/FriendlyNPC/Archer/Frames/MEOWOLAS__Jump_Start_0_aseprite.uexp" 2124
"E:/Unreal Projects/Catender02/Content/PaperAssets/Character/FriendlyNPC/Archer/Frames/MEOWOLAS__Jump_Start_2_aseprite.uasset" 2125
"E:/Unreal Projects/Catender02/Content/PaperAssets/Character/FriendlyNPC/Archer/Frames/MEOWOLAS__Jump_Start_2_aseprite.uexp" 2126
"E:/Unreal Projects/Catender02/Content/PaperAssets/Character/FriendlyNPC/Archer/Frames/MEOWOLAS__Jump_Start_3_aseprite.uasset" 2127
"E:/Unreal Projects/Catender02/Content/PaperAssets/Character/FriendlyNPC/Archer/Frames/MEOWOLAS__Jump_Start_3_aseprite.uexp" 2128
"E:/Unreal Projects/Catender02/Content/PaperAssets/Character/FriendlyNPC/Archer/Frames/MEOWOLAS__Jump_Start_5_aseprite.uasset" 2129
"E:/Unreal Projects/Catender02/Content/PaperAssets/Character/FriendlyNPC/Archer/Frames/MEOWOLAS__Jump_Start_5_aseprite.uexp" 2130
"E:/Unreal Projects/Catender02/Content/PaperAssets/Character/FriendlyNPC/Archer/MEOWOLAS__Jump_Start.uasset" 2131
"E:/Unreal Projects/Catender02/Content/PaperAssets/Character/FriendlyNPC/Archer/MEOWOLAS__Jump_Start.uexp" 2132
"E:/Unreal Projects/Catender02/Content/PaperAssets/Character/FriendlyNPC/Archer/Frames/MEOWOLAS__Fall_2_aseprite.uasset" 2133
"E:/Unreal Projects/Catender02/Content/PaperAssets/Character/FriendlyNPC/Archer/Frames/MEOWOLAS__Fall_2_aseprite.uexp" 2134
"E:/Unreal Projects/Catender02/Content/PaperAssets/Character/FriendlyNPC/Archer/Frames/MEOWOLAS__Fall_1_aseprite.uasset" 2135
"E:/Unreal Projects/Catender02/Content/PaperAssets/Character/FriendlyNPC/Archer/Frames/MEOWOLAS__Fall_1_aseprite.uexp" 2136
"E:/Unreal Projects/Catender02/Content/PaperAssets/Character/FriendlyNPC/Archer/Frames/MEOWOLAS__Fall_0_aseprite.uasset" 2137
"E:/Unreal Projects/Catender02/Content/PaperAssets/Character/FriendlyNPC/Archer/Frames/MEOWOLAS__Fall_0_aseprite.uexp" 2138
"E:/Unreal Projects/Catender02/Content/PaperAssets/Character/FriendlyNPC/Archer/MEOWOLAS__Fall.uasset" 2139
"E:/Unreal Projects/Catender02/Content/PaperAssets/Character/FriendlyNPC/Archer/MEOWOLAS__Fall.uexp" 2140
"E:/Unreal Projects/Catender02/Content/PaperAssets/Character/FriendlyNPC/Archer/Frames/MEOWOLAS__Electro_Arrow_2_aseprite.uasset" 2141
"E:/Unreal Projects/Catender02/Content/PaperAssets/Character/FriendlyNPC/Archer/Frames/MEOWOLAS__Electro_Arrow_2_aseprite.uexp" 2142
"E:/Unreal Projects/Catender02/Content/PaperAssets/Character/FriendlyNPC/Archer/Frames/MEOWOLAS__Electro_Arrow_1_aseprite.uasset" 2143
"E:/Unreal Projects/Catender02/Content/PaperAssets/Character/FriendlyNPC/Archer/Frames/MEOWOLAS__Electro_Arrow_1_aseprite.uexp" 2144
"E:/Unreal Projects/Catender02/Content/PaperAssets/Character/FriendlyNPC/Archer/Frames/MEOWOLAS__Electro_Arrow_0_aseprite.uasset" 2145
"E:/Unreal Projects/Catender02/Content/PaperAssets/Character/FriendlyNPC/Archer/Frames/MEOWOLAS__Electro_Arrow_0_aseprite.uexp" 2146
"E:/Unreal Projects/Catender02/Content/PaperAssets/Character/FriendlyNPC/Archer/MEOWOLAS__Electro_Arrow.uasset" 2147
"E:/Unreal Projects/Catender02/Content/PaperAssets/Character/FriendlyNPC/Archer/MEOWOLAS__Electro_Arrow.uexp" 2148
"E:/Unreal Projects/Catender02/Content/PaperAssets/Character/FriendlyNPC/Archer/Frames/MEOWOLAS__Dodge_8_aseprite.uasset" 2149
"E:/Unreal Projects/Catender02/Content/PaperAssets/Character/FriendlyNPC/Archer/Frames/MEOWOLAS__Dodge_8_aseprite.uexp" 2150
"E:/Unreal Projects/Catender02/Content/PaperAssets/Character/FriendlyNPC/Archer/Frames/MEOWOLAS__Dodge_5_aseprite.uasset" 2151
"E:/Unreal Projects/Catender02/Content/PaperAssets/Character/FriendlyNPC/Archer/Frames/MEOWOLAS__Dodge_5_aseprite.uexp" 2152
"E:/Unreal Projects/Catender02/Content/PaperAssets/Character/FriendlyNPC/Archer/Frames/MEOWOLAS__Dodge_4_aseprite.uasset" 2153
"E:/Unreal Projects/Catender02/Content/PaperAssets/Character/FriendlyNPC/Archer/Frames/MEOWOLAS__Dodge_4_aseprite.uexp" 2154
"E:/Unreal Projects/Catender02/Content/PaperAssets/Character/FriendlyNPC/Archer/Frames/MEOWOLAS__Dodge_0_aseprite.uasset" 2155
"E:/Unreal Projects/Catender02/Content/PaperAssets/Character/FriendlyNPC/Archer/Frames/MEOWOLAS__Dodge_0_aseprite.uexp" 2156
"E:/Unreal Projects/Catender02/Content/PaperAssets/Character/FriendlyNPC/Archer/Frames/MEOWOLAS__Dodge_7_aseprite.uasset" 2157
"E:/Unreal Projects/Catender02/Content/PaperAssets/Character/FriendlyNPC/Archer/Frames/MEOWOLAS__Dodge_7_aseprite.uexp" 2158
"E:/Unreal Projects/Catender02/Content/PaperAssets/Character/FriendlyNPC/Archer/Frames/MEOWOLAS__Dodge_3_aseprite.uasset" 2159
"E:/Unreal Projects/Catender02/Content/PaperAssets/Character/FriendlyNPC/Archer/Frames/MEOWOLAS__Dodge_3_aseprite.uexp" 2160
"E:/Unreal Projects/Catender02/Content/PaperAssets/Character/FriendlyNPC/Archer/Frames/MEOWOLAS__Dodge_2_aseprite.uasset" 2161
"E:/Unreal Projects/Catender02/Content/PaperAssets/Character/FriendlyNPC/Archer/Frames/MEOWOLAS__Dodge_2_aseprite.uexp" 2162
"E:/Unreal Projects/Catender02/Content/PaperAssets/Character/FriendlyNPC/Archer/Frames/MEOWOLAS__Dodge_6_aseprite.uasset" 2163
"E:/Unreal Projects/Catender02/Content/PaperAssets/Character/FriendlyNPC/Archer/Frames/MEOWOLAS__Dodge_6_aseprite.uexp" 2164
"E:/Unreal Projects/Catender02/Content/PaperAssets/Character/FriendlyNPC/Archer/Frames/MEOWOLAS__Dodge_1_aseprite.uasset" 2165
"E:/Unreal Projects/Catender02/Content/PaperAssets/Character/FriendlyNPC/Archer/Frames/MEOWOLAS__Dodge_1_aseprite.uexp" 2166
"E:/Unreal Projects/Catender02/Content/PaperAssets/Character/FriendlyNPC/Archer/MEOWOLAS__Dodge.uasset" 2167
"E:/Unreal Projects/Catender02/Content/PaperAssets/Character/FriendlyNPC/Archer/MEOWOLAS__Dodge.uexp" 2168
"E:/Unreal Projects/Catender02/Content/PaperAssets/Character/FriendlyNPC/Archer/Frames/MEOWOLAS__Death_3_aseprite.uasset" 2169
"E:/Unreal Projects/Catender02/Content/PaperAssets/Character/FriendlyNPC/Archer/Frames/MEOWOLAS__Death_3_aseprite.uexp" 2170
"E:/Unreal Projects/Catender02/Content/PaperAssets/Character/FriendlyNPC/Archer/Frames/MEOWOLAS__Death_4_aseprite.uasset" 2171
"E:/Unreal Projects/Catender02/Content/PaperAssets/Character/FriendlyNPC/Archer/Frames/MEOWOLAS__Death_4_aseprite.uexp" 2172
"E:/Unreal Projects/Catender02/Content/PaperAssets/Character/FriendlyNPC/Archer/Frames/MEOWOLAS__Death_0_aseprite.uasset" 2173
"E:/Unreal Projects/Catender02/Content/PaperAssets/Character/FriendlyNPC/Archer/Frames/MEOWOLAS__Death_0_aseprite.uexp" 2174
"E:/Unreal Projects/Catender02/Content/PaperAssets/Character/FriendlyNPC/Archer/Frames/MEOWOLAS__Death_1_aseprite.uasset" 2175
"E:/Unreal Projects/Catender02/Content/PaperAssets/Character/FriendlyNPC/Archer/Frames/MEOWOLAS__Death_1_aseprite.uexp" 2176
"E:/Unreal Projects/Catender02/Content/PaperAssets/Character/FriendlyNPC/Archer/Frames/MEOWOLAS__Death_5_aseprite.uasset" 2177
"E:/Unreal Projects/Catender02/Content/PaperAssets/Character/FriendlyNPC/Archer/Frames/MEOWOLAS__Death_5_aseprite.uexp" 2178
"E:/Unreal Projects/Catender02/Content/PaperAssets/Character/FriendlyNPC/Archer/Frames/MEOWOLAS__Death_2_aseprite.uasset" 2179
"E:/Unreal Projects/Catender02/Content/PaperAssets/Character/FriendlyNPC/Archer/Frames/MEOWOLAS__Death_2_aseprite.uexp" 2180
"E:/Unreal Projects/Catender02/Content/PaperAssets/Character/FriendlyNPC/Archer/MEOWOLAS__Death.uasset" 2181
"E:/Unreal Projects/Catender02/Content/PaperAssets/Character/FriendlyNPC/Archer/MEOWOLAS__Death.uexp" 2182
"E:/Unreal Projects/Catender02/Content/PaperAssets/Character/FriendlyNPC/Archer/Frames/MEOWOLAS__Attack_4_3_aseprite.uasset" 2183
"E:/Unreal Projects/Catender02/Content/PaperAssets/Character/FriendlyNPC/Archer/Frames/MEOWOLAS__Attack_4_3_aseprite.uexp" 2184
"E:/Unreal Projects/Catender02/Content/PaperAssets/Character/FriendlyNPC/Archer/Frames/MEOWOLAS__Attack_4_7_aseprite.uasset" 2185
"E:/Unreal Projects/Catender02/Content/PaperAssets/Character/FriendlyNPC/Archer/Frames/MEOWOLAS__Attack_4_7_aseprite.uexp" 2186
"E:/Unreal Projects/Catender02/Content/PaperAssets/Character/FriendlyNPC/Archer/Frames/MEOWOLAS__Attack_4_6_aseprite.uasset" 2187
"E:/Unreal Projects/Catender02/Content/PaperAssets/Character/FriendlyNPC/Archer/Frames/MEOWOLAS__Attack_4_6_aseprite.uexp" 2188
"E:/Unreal Projects/Catender02/Content/PaperAssets/Character/FriendlyNPC/Archer/Frames/MEOWOLAS__Attack_4_5_aseprite.uasset" 2189
"E:/Unreal Projects/Catender02/Content/PaperAssets/Character/FriendlyNPC/Archer/Frames/MEOWOLAS__Attack_4_5_aseprite.uexp" 2190
"E:/Unreal Projects/Catender02/Content/PaperAssets/Character/FriendlyNPC/Archer/Frames/MEOWOLAS__Attack_4_10_aseprite.uasset" 2191
"E:/Unreal Projects/Catender02/Content/PaperAssets/Character/FriendlyNPC/Archer/Frames/MEOWOLAS__Attack_4_10_aseprite.uexp" 2192
"E:/Unreal Projects/Catender02/Content/PaperAssets/Character/FriendlyNPC/Archer/Frames/MEOWOLAS__Attack_4_0_aseprite.uasset" 2193
"E:/Unreal Projects/Catender02/Content/PaperAssets/Character/FriendlyNPC/Archer/Frames/MEOWOLAS__Attack_4_0_aseprite.uexp" 2194
"E:/Unreal Projects/Catender02/Content/PaperAssets/Character/FriendlyNPC/Archer/Frames/MEOWOLAS__Attack_4_8_aseprite.uasset" 2195
"E:/Unreal Projects/Catender02/Content/PaperAssets/Character/FriendlyNPC/Archer/Frames/MEOWOLAS__Attack_4_8_aseprite.uexp" 2196
"E:/Unreal Projects/Catender02/Content/PaperAssets/Character/FriendlyNPC/Archer/Frames/MEOWOLAS__Attack_4_9_aseprite.uasset" 2197
"E:/Unreal Projects/Catender02/Content/PaperAssets/Character/FriendlyNPC/Archer/Frames/MEOWOLAS__Attack_4_9_aseprite.uexp" 2198
"E:/Unreal Projects/Catender02/Content/PaperAssets/Character/FriendlyNPC/Archer/Frames/MEOWOLAS__Attack_4_4_aseprite.uasset" 2199
"E:/Unreal Projects/Catender02/Content/PaperAssets/Character/FriendlyNPC/Archer/Frames/MEOWOLAS__Attack_4_4_aseprite.uexp" 2200
"E:/Unreal Projects/Catender02/Content/PaperAssets/Character/FriendlyNPC/Archer/Frames/MEOWOLAS__Attack_4_1_aseprite.uasset" 2201
"E:/Unreal Projects/Catender02/Content/PaperAssets/Character/FriendlyNPC/Archer/Frames/MEOWOLAS__Attack_4_1_aseprite.uexp" 2202
"E:/Unreal Projects/Catender02/Content/PaperAssets/Character/FriendlyNPC/Archer/Frames/MEOWOLAS__Attack_4_2_aseprite.uasset" 2203
"E:/Unreal Projects/Catender02/Content/PaperAssets/Character/FriendlyNPC/Archer/Frames/MEOWOLAS__Attack_4_2_aseprite.uexp" 2204
"E:/Unreal Projects/Catender02/Content/PaperAssets/Character/FriendlyNPC/Archer/MEOWOLAS__Attack_4.uasset" 2205
"E:/Unreal Projects/Catender02/Content/PaperAssets/Character/FriendlyNPC/Archer/MEOWOLAS__Attack_4.uexp" 2206
"E:/Unreal Projects/Catender02/Content/PaperAssets/Character/FriendlyNPC/Archer/Frames/MEOWOLAS__Attack_3_5_aseprite.uasset" 2207
"E:/Unreal Projects/Catender02/Content/PaperAssets/Character/FriendlyNPC/Archer/Frames/MEOWOLAS__Attack_3_5_aseprite.uexp" 2208
"E:/Unreal Projects/Catender02/Content/PaperAssets/Character/FriendlyNPC/Archer/Frames/MEOWOLAS__Attack_3_0_aseprite.uasset" 2209
"E:/Unreal Projects/Catender02/Content/PaperAssets/Character/FriendlyNPC/Archer/Frames/MEOWOLAS__Attack_3_0_aseprite.uexp" 2210
"E:/Unreal Projects/Catender02/Content/PaperAssets/Character/FriendlyNPC/Archer/Frames/MEOWOLAS__Attack_3_4_aseprite.uasset" 2211
"E:/Unreal Projects/Catender02/Content/PaperAssets/Character/FriendlyNPC/Archer/Frames/MEOWOLAS__Attack_3_4_aseprite.uexp" 2212
"E:/Unreal Projects/Catender02/Content/PaperAssets/Character/FriendlyNPC/Archer/Frames/MEOWOLAS__Attack_3_2_aseprite.uasset" 2213
"E:/Unreal Projects/Catender02/Content/PaperAssets/Character/FriendlyNPC/Archer/Frames/MEOWOLAS__Attack_3_2_aseprite.uexp" 2214
"E:/Unreal Projects/Catender02/Content/PaperAssets/Character/FriendlyNPC/Archer/Frames/MEOWOLAS__Attack_3_7_aseprite.uasset" 2215
"E:/Unreal Projects/Catender02/Content/PaperAssets/Character/FriendlyNPC/Archer/Frames/MEOWOLAS__Attack_3_7_aseprite.uexp" 2216
"E:/Unreal Projects/Catender02/Content/PaperAssets/Character/FriendlyNPC/Archer/Frames/MEOWOLAS__Attack_3_1_aseprite.uasset" 2217
"E:/Unreal Projects/Catender02/Content/PaperAssets/Character/FriendlyNPC/Archer/Frames/MEOWOLAS__Attack_3_1_aseprite.uexp" 2218
"E:/Unreal Projects/Catender02/Content/PaperAssets/Character/FriendlyNPC/Archer/Frames/MEOWOLAS__Attack_3_3_aseprite.uasset" 2219
"E:/Unreal Projects/Catender02/Content/PaperAssets/Character/FriendlyNPC/Archer/Frames/MEOWOLAS__Attack_3_3_aseprite.uexp" 2220
"E:/Unreal Projects/Catender02/Content/PaperAssets/Character/FriendlyNPC/Archer/Frames/MEOWOLAS__Attack_3_6_aseprite.uasset" 2221
"E:/Unreal Projects/Catender02/Content/PaperAssets/Character/FriendlyNPC/Archer/Frames/MEOWOLAS__Attack_3_6_aseprite.uexp" 2222
"E:/Unreal Projects/Catender02/Content/PaperAssets/Character/FriendlyNPC/Archer/MEOWOLAS__Attack_3.uasset" 2223
"E:/Unreal Projects/Catender02/Content/PaperAssets/Character/FriendlyNPC/Archer/MEOWOLAS__Attack_3.uexp" 2224
"E:/Unreal Projects/Catender02/Content/PaperAssets/Character/FriendlyNPC/Archer/Frames/MEOWOLAS__Attack_2_5_aseprite.uasset" 2225
"E:/Unreal Projects/Catender02/Content/PaperAssets/Character/FriendlyNPC/Archer/Frames/MEOWOLAS__Attack_2_5_aseprite.uexp" 2226
"E:/Unreal Projects/Catender02/Content/PaperAssets/Character/FriendlyNPC/Archer/Frames/MEOWOLAS__Attack_2_2_aseprite.uasset" 2227
"E:/Unreal Projects/Catender02/Content/PaperAssets/Character/FriendlyNPC/Archer/Frames/MEOWOLAS__Attack_2_2_aseprite.uexp" 2228
"E:/Unreal Projects/Catender02/Content/PaperAssets/Character/FriendlyNPC/Archer/Frames/MEOWOLAS__Attack_2_0_aseprite.uasset" 2229
"E:/Unreal Projects/Catender02/Content/PaperAssets/Character/FriendlyNPC/Archer/Frames/MEOWOLAS__Attack_2_0_aseprite.uexp" 2230
"E:/Unreal Projects/Catender02/Content/PaperAssets/Character/FriendlyNPC/Archer/Frames/MEOWOLAS__Attack_2_4_aseprite.uasset" 2231
"E:/Unreal Projects/Catender02/Content/PaperAssets/Character/FriendlyNPC/Archer/Frames/MEOWOLAS__Attack_2_4_aseprite.uexp" 2232
"E:/Unreal Projects/Catender02/Content/PaperAssets/Character/FriendlyNPC/Archer/Frames/MEOWOLAS__Attack_2_7_aseprite.uasset" 2233
"E:/Unreal Projects/Catender02/Content/PaperAssets/Character/FriendlyNPC/Archer/Frames/MEOWOLAS__Attack_2_7_aseprite.uexp" 2234
"E:/Unreal Projects/Catender02/Content/PaperAssets/Character/FriendlyNPC/Archer/Frames/MEOWOLAS__Attack_2_6_aseprite.uasset" 2235
"E:/Unreal Projects/Catender02/Content/PaperAssets/Character/FriendlyNPC/Archer/Frames/MEOWOLAS__Attack_2_6_aseprite.uexp" 2236
"E:/Unreal Projects/Catender02/Content/PaperAssets/Character/FriendlyNPC/Archer/Frames/MEOWOLAS__Attack_2_1_aseprite.uasset" 2237
"E:/Unreal Projects/Catender02/Content/PaperAssets/Character/FriendlyNPC/Archer/Frames/MEOWOLAS__Attack_2_1_aseprite.uexp" 2238
"E:/Unreal Projects/Catender02/Content/PaperAssets/Character/FriendlyNPC/Archer/Frames/MEOWOLAS__Attack_2_3_aseprite.uasset" 2239
"E:/Unreal Projects/Catender02/Content/PaperAssets/Character/FriendlyNPC/Archer/Frames/MEOWOLAS__Attack_2_3_aseprite.uexp" 2240
"E:/Unreal Projects/Catender02/Content/PaperAssets/Character/FriendlyNPC/Archer/MEOWOLAS__Attack_2.uasset" 2241
"E:/Unreal Projects/Catender02/Content/PaperAssets/Character/FriendlyNPC/Archer/MEOWOLAS__Attack_2.uexp" 2242
"E:/Unreal Projects/Catender02/Content/PaperAssets/Buildings/Workshop/Textures/ToolStand_nt.uasset" 2243
"E:/Unreal Projects/Catender02/Content/PaperAssets/Buildings/Workshop/Textures/ToolStand_nt.uexp" 2244
"E:/Unreal Projects/Catender02/Content/PaperAssets/Buildings/Workshop/Old/Textures/House_Yellow_Normal.uasset" 2245
"E:/Unreal Projects/Catender02/Content/PaperAssets/Buildings/Workshop/Old/Textures/House_Yellow_Normal.uexp" 2246
"E:/Unreal Projects/Catender02/Content/PaperAssets/Buildings/Workshop/Old/Textures/House_Yellow.uasset" 2247
"E:/Unreal Projects/Catender02/Content/PaperAssets/Buildings/Workshop/Old/Textures/House_Yellow.uexp" 2248
"E:/Unreal Projects/Catender02/Content/PaperAssets/Buildings/Workshop/Old/Frames/House_Yellow_Sprite.uasset" 2249
"E:/Unreal Projects/Catender02/Content/PaperAssets/Buildings/Workshop/Old/Frames/House_Yellow_Sprite.uexp" 2250
"E:/Unreal Projects/Catender02/Content/PaperAssets/Buildings/Workshop/Old/House_Yellow_Flipbook.uasset" 2251
"E:/Unreal Projects/Catender02/Content/PaperAssets/Buildings/Workshop/Old/House_Yellow_Flipbook.uexp" 2252
"E:/Unreal Projects/Catender02/Content/PaperAssets/Buildings/Workshop/Old/Textures/House_Red.uasset" 2253
"E:/Unreal Projects/Catender02/Content/PaperAssets/Buildings/Workshop/Old/Textures/House_Red.uexp" 2254
"E:/Unreal Projects/Catender02/Content/PaperAssets/Buildings/Workshop/Old/Textures/House_Red_Normal.uasset" 2255
"E:/Unreal Projects/Catender02/Content/PaperAssets/Buildings/Workshop/Old/Textures/House_Red_Normal.uexp" 2256
"E:/Unreal Projects/Catender02/Content/PaperAssets/Buildings/Workshop/Old/Frames/House_Red_Sprite.uasset" 2257
"E:/Unreal Projects/Catender02/Content/PaperAssets/Buildings/Workshop/Old/Frames/House_Red_Sprite.uexp" 2258
"E:/Unreal Projects/Catender02/Content/PaperAssets/Buildings/Workshop/Old/House_Red_Flipbook.uasset" 2259
"E:/Unreal Projects/Catender02/Content/PaperAssets/Buildings/Workshop/Old/House_Red_Flipbook.uexp" 2260
"E:/Unreal Projects/Catender02/Content/PaperAssets/Buildings/Workshop/Old/Textures/House_Blue_Normal.uasset" 2261
"E:/Unreal Projects/Catender02/Content/PaperAssets/Buildings/Workshop/Old/Textures/House_Blue_Normal.uexp" 2262
"E:/Unreal Projects/Catender02/Content/PaperAssets/Buildings/Workshop/Old/Textures/House_Blue.uasset" 2263
"E:/Unreal Projects/Catender02/Content/PaperAssets/Buildings/Workshop/Old/Textures/House_Blue.uexp" 2264
"E:/Unreal Projects/Catender02/Content/PaperAssets/Buildings/Workshop/Old/Frames/House_Blue_Sprite.uasset" 2265
"E:/Unreal Projects/Catender02/Content/PaperAssets/Buildings/Workshop/Old/Frames/House_Blue_Sprite.uexp" 2266
"E:/Unreal Projects/Catender02/Content/PaperAssets/Buildings/Workshop/Old/House_Blue_Flipbook.uasset" 2267
"E:/Unreal Projects/Catender02/Content/PaperAssets/Buildings/Workshop/Old/House_Blue_Flipbook.uexp" 2268
"E:/Unreal Projects/Catender02/Content/PaperAssets/Buildings/Trees/Textures/Tree_Normal.uasset" 2269
"E:/Unreal Projects/Catender02/Content/PaperAssets/Buildings/Trees/Textures/Tree_Normal.uexp" 2270
"E:/Unreal Projects/Catender02/Content/PaperAssets/Buildings/Trees/Textures/Tree.uasset" 2271
"E:/Unreal Projects/Catender02/Content/PaperAssets/Buildings/Trees/Textures/Tree.uexp" 2272
"E:/Unreal Projects/Catender02/Content/PaperAssets/Buildings/Trees/Tree_Sprite_5.uasset" 2273
"E:/Unreal Projects/Catender02/Content/PaperAssets/Buildings/Trees/Tree_Sprite_5.uexp" 2274
"E:/Unreal Projects/Catender02/Content/PaperAssets/Buildings/Trees/Tree_Sprite_4.uasset" 2275
"E:/Unreal Projects/Catender02/Content/PaperAssets/Buildings/Trees/Tree_Sprite_4.uexp" 2276
"E:/Unreal Projects/Catender02/Content/PaperAssets/Buildings/Trees/Tree_Sprite_3.uasset" 2277
"E:/Unreal Projects/Catender02/Content/PaperAssets/Buildings/Trees/Tree_Sprite_3.uexp" 2278
"E:/Unreal Projects/Catender02/Content/PaperAssets/Buildings/Trees/Tree_Sprite_2.uasset" 2279
"E:/Unreal Projects/Catender02/Content/PaperAssets/Buildings/Trees/Tree_Sprite_2.uexp" 2280
"E:/Unreal Projects/Catender02/Content/PaperAssets/Buildings/Trees/Tree_Sprite_1.uasset" 2281
"E:/Unreal Projects/Catender02/Content/PaperAssets/Buildings/Trees/Tree_Sprite_1.uexp" 2282
"E:/Unreal Projects/Catender02/Content/PaperAssets/Buildings/Trees/Textures/Tree-003.uasset" 2283
"E:/Unreal Projects/Catender02/Content/PaperAssets/Buildings/Trees/Textures/Tree-003.uexp" 2284
"E:/Unreal Projects/Catender02/Content/PaperAssets/Buildings/Trees/Frames/Tree-003_Sprite.uasset" 2285
"E:/Unreal Projects/Catender02/Content/PaperAssets/Buildings/Trees/Frames/Tree-003_Sprite.uexp" 2286
"E:/Unreal Projects/Catender02/Content/PaperAssets/Buildings/Trees/Tree7.uasset" 2287
"E:/Unreal Projects/Catender02/Content/PaperAssets/Buildings/Trees/Tree7.uexp" 2288
"E:/Unreal Projects/Catender02/Content/PaperAssets/Buildings/Trees/Textures/Tree-007.uasset" 2289
"E:/Unreal Projects/Catender02/Content/PaperAssets/Buildings/Trees/Textures/Tree-007.uexp" 2290
"E:/Unreal Projects/Catender02/Content/PaperAssets/Buildings/Trees/Frames/Tree-0007_Sprite.uasset" 2291
"E:/Unreal Projects/Catender02/Content/PaperAssets/Buildings/Trees/Frames/Tree-0007_Sprite.uexp" 2292
"E:/Unreal Projects/Catender02/Content/PaperAssets/Buildings/Trees/Tree6.uasset" 2293
"E:/Unreal Projects/Catender02/Content/PaperAssets/Buildings/Trees/Tree6.uexp" 2294
"E:/Unreal Projects/Catender02/Content/PaperAssets/Buildings/Trees/Textures/Tree-006.uasset" 2295
"E:/Unreal Projects/Catender02/Content/PaperAssets/Buildings/Trees/Textures/Tree-006.uexp" 2296
"E:/Unreal Projects/Catender02/Content/PaperAssets/Buildings/Trees/Frames/Tree-0006_Sprite.uasset" 2297
"E:/Unreal Projects/Catender02/Content/PaperAssets/Buildings/Trees/Frames/Tree-0006_Sprite.uexp" 2298
"E:/Unreal Projects/Catender02/Content/PaperAssets/Buildings/Trees/Tree5.uasset" 2299
"E:/Unreal Projects/Catender02/Content/PaperAssets/Buildings/Trees/Tree5.uexp" 2300
"E:/Unreal Projects/Catender02/Content/PaperAssets/Buildings/Trees/Textures/Tree-005.uasset" 2301
"E:/Unreal Projects/Catender02/Content/PaperAssets/Buildings/Trees/Textures/Tree-005.uexp" 2302
"E:/Unreal Projects/Catender02/Content/PaperAssets/Buildings/Trees/Frames/Tree-0005_Sprite.uasset" 2303
"E:/Unreal Projects/Catender02/Content/PaperAssets/Buildings/Trees/Frames/Tree-0005_Sprite.uexp" 2304
"E:/Unreal Projects/Catender02/Content/PaperAssets/Buildings/Trees/Tree4.uasset" 2305
"E:/Unreal Projects/Catender02/Content/PaperAssets/Buildings/Trees/Tree4.uexp" 2306
"E:/Unreal Projects/Catender02/Content/PaperAssets/Buildings/Trees/Textures/Tree-0004.uasset" 2307
"E:/Unreal Projects/Catender02/Content/PaperAssets/Buildings/Trees/Textures/Tree-0004.uexp" 2308
"E:/Unreal Projects/Catender02/Content/PaperAssets/Buildings/Trees/Frames/Tree-0004_Sprite.uasset" 2309
"E:/Unreal Projects/Catender02/Content/PaperAssets/Buildings/Trees/Frames/Tree-0004_Sprite.uexp" 2310
"E:/Unreal Projects/Catender02/Content/PaperAssets/Buildings/Trees/Tree3.uasset" 2311
"E:/Unreal Projects/Catender02/Content/PaperAssets/Buildings/Trees/Tree3.uexp" 2312
"E:/Unreal Projects/Catender02/Content/PaperAssets/Buildings/Trees/Textures/Tree-002.uasset" 2313
"E:/Unreal Projects/Catender02/Content/PaperAssets/Buildings/Trees/Textures/Tree-002.uexp" 2314
"E:/Unreal Projects/Catender02/Content/PaperAssets/Buildings/Trees/Frames/Tree_002_Sprite.uasset" 2315
"E:/Unreal Projects/Catender02/Content/PaperAssets/Buildings/Trees/Frames/Tree_002_Sprite.uexp" 2316
"E:/Unreal Projects/Catender02/Content/PaperAssets/Buildings/Trees/Tree2.uasset" 2317
"E:/Unreal Projects/Catender02/Content/PaperAssets/Buildings/Trees/Tree2.uexp" 2318
"E:/Unreal Projects/Catender02/Content/PaperAssets/Buildings/Trees/Tree_Sprite_0.uasset" 2319
"E:/Unreal Projects/Catender02/Content/PaperAssets/Buildings/Trees/Tree_Sprite_0.uexp" 2320
"E:/Unreal Projects/Catender02/Content/PaperAssets/Buildings/Trees/Tree11.uasset" 2321
"E:/Unreal Projects/Catender02/Content/PaperAssets/Buildings/Trees/Tree11.uexp" 2322
"E:/Unreal Projects/Catender02/Content/PaperAssets/Buildings/Trees/Tree_Sprite_6.uasset" 2323
"E:/Unreal Projects/Catender02/Content/PaperAssets/Buildings/Trees/Tree_Sprite_6.uexp" 2324
"E:/Unreal Projects/Catender02/Content/PaperAssets/Buildings/Trees/Tree10.uasset" 2325
"E:/Unreal Projects/Catender02/Content/PaperAssets/Buildings/Trees/Tree10.uexp" 2326
"E:/Unreal Projects/Catender02/Content/PaperAssets/Buildings/Trees/Textures/Tree-001.uasset" 2327
"E:/Unreal Projects/Catender02/Content/PaperAssets/Buildings/Trees/Textures/Tree-001.uexp" 2328
"E:/Unreal Projects/Catender02/Content/PaperAssets/Buildings/Trees/Frames/Tree_001_Sprite.uasset" 2329
"E:/Unreal Projects/Catender02/Content/PaperAssets/Buildings/Trees/Frames/Tree_001_Sprite.uexp" 2330
"E:/Unreal Projects/Catender02/Content/PaperAssets/Buildings/Trees/Tree1.uasset" 2331
"E:/Unreal Projects/Catender02/Content/PaperAssets/Buildings/Trees/Tree1.uexp" 2332
"E:/Unreal Projects/Catender02/Content/PaperAssets/Buildings/Trees/Textures/Deco_Wood-001.uasset" 2333
"E:/Unreal Projects/Catender02/Content/PaperAssets/Buildings/Trees/Textures/Deco_Wood-001.uexp" 2334
"E:/Unreal Projects/Catender02/Content/PaperAssets/Buildings/Trees/Frames/Deco_Wood-001_Sprite.uasset" 2335
"E:/Unreal Projects/Catender02/Content/PaperAssets/Buildings/Trees/Frames/Deco_Wood-001_Sprite.uexp" 2336
"E:/Unreal Projects/Catender02/Content/PaperAssets/Buildings/Trees/Deco_Wood1.uasset" 2337
"E:/Unreal Projects/Catender02/Content/PaperAssets/Buildings/Trees/Deco_Wood1.uexp" 2338
"E:/Unreal Projects/Catender02/Content/PaperAssets/Buildings/Trees/Textures/Deco_Bush-0002.uasset" 2339
"E:/Unreal Projects/Catender02/Content/PaperAssets/Buildings/Trees/Textures/Deco_Bush-0002.uexp" 2340
"E:/Unreal Projects/Catender02/Content/PaperAssets/Buildings/Trees/Frames/Deco_Bush-0002_Sprite.uasset" 2341
"E:/Unreal Projects/Catender02/Content/PaperAssets/Buildings/Trees/Frames/Deco_Bush-0002_Sprite.uexp" 2342
"E:/Unreal Projects/Catender02/Content/PaperAssets/Buildings/Trees/Deco_Bush2.uasset" 2343
"E:/Unreal Projects/Catender02/Content/PaperAssets/Buildings/Trees/Deco_Bush2.uexp" 2344
"E:/Unreal Projects/Catender02/Content/PaperAssets/Buildings/Trees/Textures/Deco_Bush_001.uasset" 2345
"E:/Unreal Projects/Catender02/Content/PaperAssets/Buildings/Trees/Textures/Deco_Bush_001.uexp" 2346
"E:/Unreal Projects/Catender02/Content/PaperAssets/Buildings/Trees/Frames/Deco_Bush_001_Sprite.uasset" 2347
"E:/Unreal Projects/Catender02/Content/PaperAssets/Buildings/Trees/Frames/Deco_Bush_001_Sprite.uexp" 2348
"E:/Unreal Projects/Catender02/Content/PaperAssets/Buildings/Trees/Deco_Bush1.uasset" 2349
"E:/Unreal Projects/Catender02/Content/PaperAssets/Buildings/Trees/Deco_Bush1.uexp" 2350
"E:/Unreal Projects/Catender02/Content/PaperAssets/Buildings/Shop/Old/shop_anim.uasset" 2351
"E:/Unreal Projects/Catender02/Content/PaperAssets/Buildings/Shop/Old/shop_anim.uexp" 2352
"E:/Unreal Projects/Catender02/Content/PaperAssets/Buildings/Shop/Old/shop_anim_Normal.uasset" 2353
"E:/Unreal Projects/Catender02/Content/PaperAssets/Buildings/Shop/Old/shop_anim_Normal.uexp" 2354
"E:/Unreal Projects/Catender02/Content/PaperAssets/Buildings/Shop/Old/shop_anim_Sprite_0.uasset" 2355
"E:/Unreal Projects/Catender02/Content/PaperAssets/Buildings/Shop/Old/shop_anim_Sprite_0.uexp" 2356
"E:/Unreal Projects/Catender02/Content/PaperAssets/Buildings/Shop/Old/shop_anim_Sprite_1.uasset" 2357
"E:/Unreal Projects/Catender02/Content/PaperAssets/Buildings/Shop/Old/shop_anim_Sprite_1.uexp" 2358
"E:/Unreal Projects/Catender02/Content/PaperAssets/Buildings/Shop/Old/shop_anim_Sprite_2.uasset" 2359
"E:/Unreal Projects/Catender02/Content/PaperAssets/Buildings/Shop/Old/shop_anim_Sprite_2.uexp" 2360
"E:/Unreal Projects/Catender02/Content/PaperAssets/Buildings/Shop/Old/shop_anim_Sprite_3.uasset" 2361
"E:/Unreal Projects/Catender02/Content/PaperAssets/Buildings/Shop/Old/shop_anim_Sprite_3.uexp" 2362
"E:/Unreal Projects/Catender02/Content/PaperAssets/Buildings/Shop/Old/shop_anim_Sprite_4.uasset" 2363
"E:/Unreal Projects/Catender02/Content/PaperAssets/Buildings/Shop/Old/shop_anim_Sprite_4.uexp" 2364
"E:/Unreal Projects/Catender02/Content/PaperAssets/Buildings/Shop/Old/shop_anim_Sprite_5.uasset" 2365
"E:/Unreal Projects/Catender02/Content/PaperAssets/Buildings/Shop/Old/shop_anim_Sprite_5.uexp" 2366
"E:/Unreal Projects/Catender02/Content/PaperAssets/Buildings/Shop/Old/shop_anim1.uasset" 2367
"E:/Unreal Projects/Catender02/Content/PaperAssets/Buildings/Shop/Old/shop_anim1.uexp" 2368
"E:/Unreal Projects/Catender02/Content/PaperAssets/Buildings/NursingHome/Old/Goblin_House_N.uasset" 2369
"E:/Unreal Projects/Catender02/Content/PaperAssets/Buildings/NursingHome/Old/Goblin_House_N.uexp" 2370
"E:/Unreal Projects/Catender02/Content/PaperAssets/Buildings/NursingHome/Old/Goblin_House_D.uasset" 2371
"E:/Unreal Projects/Catender02/Content/PaperAssets/Buildings/NursingHome/Old/Goblin_House_D.uexp" 2372
"E:/Unreal Projects/Catender02/Content/PaperAssets/Buildings/NursingHome/Old/Goblin_House_D_Sprite.uasset" 2373
"E:/Unreal Projects/Catender02/Content/PaperAssets/Buildings/NursingHome/Old/Goblin_House_D_Sprite.uexp" 2374
"E:/Unreal Projects/Catender02/Content/PaperAssets/Buildings/NursingHome/Old/Goblin_House_D_Flipbook.uasset" 2375
"E:/Unreal Projects/Catender02/Content/PaperAssets/Buildings/NursingHome/Old/Goblin_House_D_Flipbook.uexp" 2376
"E:/Unreal Projects/Catender02/Content/PaperAssets/Buildings/NursingHome/Old/Goblin_House_Destroyed_D.uasset" 2377
"E:/Unreal Projects/Catender02/Content/PaperAssets/Buildings/NursingHome/Old/Goblin_House_Destroyed_D.uexp" 2378
"E:/Unreal Projects/Catender02/Content/PaperAssets/Buildings/NursingHome/Old/Goblin_House_Destroyed_N.uasset" 2379
"E:/Unreal Projects/Catender02/Content/PaperAssets/Buildings/NursingHome/Old/Goblin_House_Destroyed_N.uexp" 2380
"E:/Unreal Projects/Catender02/Content/PaperAssets/Buildings/NursingHome/Old/Goblin_House_Destroyed_D_Sprite.uasset" 2381
"E:/Unreal Projects/Catender02/Content/PaperAssets/Buildings/NursingHome/Old/Goblin_House_Destroyed_D_Sprite.uexp" 2382
"E:/Unreal Projects/Catender02/Content/PaperAssets/Buildings/NursingHome/Old/Goblin_House_Destroyed_D_Flipbook.uasset" 2383
"E:/Unreal Projects/Catender02/Content/PaperAssets/Buildings/NursingHome/Old/Goblin_House_Destroyed_D_Flipbook.uexp" 2384
"E:/Unreal Projects/Catender02/Content/PaperAssets/Buildings/HQ/Old/Castle_Red_Normal.uasset" 2385
"E:/Unreal Projects/Catender02/Content/PaperAssets/Buildings/HQ/Old/Castle_Red_Normal.uexp" 2386
"E:/Unreal Projects/Catender02/Content/PaperAssets/Buildings/HQ/Old/Castle_Red.uasset" 2387
"E:/Unreal Projects/Catender02/Content/PaperAssets/Buildings/HQ/Old/Castle_Red.uexp" 2388
"E:/Unreal Projects/Catender02/Content/PaperAssets/Buildings/HQ/Old/Castle_Red_Sprite.uasset" 2389
"E:/Unreal Projects/Catender02/Content/PaperAssets/Buildings/HQ/Old/Castle_Red_Sprite.uexp" 2390
"E:/Unreal Projects/Catender02/Content/PaperAssets/Buildings/HQ/Old/Castle_Red_Flipbook.uasset" 2391
"E:/Unreal Projects/Catender02/Content/PaperAssets/Buildings/HQ/Old/Castle_Red_Flipbook.uexp" 2392
"E:/Unreal Projects/Catender02/Content/PaperAssets/Buildings/HQ/Old/Castle_Destroyed_Normal.uasset" 2393
"E:/Unreal Projects/Catender02/Content/PaperAssets/Buildings/HQ/Old/Castle_Destroyed_Normal.uexp" 2394
"E:/Unreal Projects/Catender02/Content/PaperAssets/Buildings/HQ/Old/Castle_Destroyed.uasset" 2395
"E:/Unreal Projects/Catender02/Content/PaperAssets/Buildings/HQ/Old/Castle_Destroyed.uexp" 2396
"E:/Unreal Projects/Catender02/Content/PaperAssets/Buildings/HQ/Old/Castle_Destroyed_Sprite.uasset" 2397
"E:/Unreal Projects/Catender02/Content/PaperAssets/Buildings/HQ/Old/Castle_Destroyed_Sprite.uexp" 2398
"E:/Unreal Projects/Catender02/Content/PaperAssets/Buildings/HQ/Old/Castle_Destroyed_Flipbook.uasset" 2399
"E:/Unreal Projects/Catender02/Content/PaperAssets/Buildings/HQ/Old/Castle_Destroyed_Flipbook.uexp" 2400
"E:/Unreal Projects/Catender02/Content/PaperAssets/Buildings/HQ/Old/Castle_Construction.uasset" 2401
"E:/Unreal Projects/Catender02/Content/PaperAssets/Buildings/HQ/Old/Castle_Construction.uexp" 2402
"E:/Unreal Projects/Catender02/Content/PaperAssets/Buildings/HQ/Old/Castle_Construction_Normal.uasset" 2403
"E:/Unreal Projects/Catender02/Content/PaperAssets/Buildings/HQ/Old/Castle_Construction_Normal.uexp" 2404
"E:/Unreal Projects/Catender02/Content/PaperAssets/Buildings/HQ/Old/Castle_Construction_Sprite.uasset" 2405
"E:/Unreal Projects/Catender02/Content/PaperAssets/Buildings/HQ/Old/Castle_Construction_Sprite.uexp" 2406
"E:/Unreal Projects/Catender02/Content/PaperAssets/Buildings/HQ/Old/Castle_Construction_Flipbook.uasset" 2407
"E:/Unreal Projects/Catender02/Content/PaperAssets/Buildings/HQ/Old/Castle_Construction_Flipbook.uexp" 2408
"E:/Unreal Projects/Catender02/Content/PaperAssets/Buildings/HQ/Bonfire/Bonfire_1.uasset" 2409
"E:/Unreal Projects/Catender02/Content/PaperAssets/Buildings/HQ/Bonfire/Bonfire_1.uexp" 2410
"E:/Unreal Projects/Catender02/Content/PaperAssets/Buildings/HQ/Bonfire/Bonfire_1_Sprite.uasset" 2411
"E:/Unreal Projects/Catender02/Content/PaperAssets/Buildings/HQ/Bonfire/Bonfire_1_Sprite.uexp" 2412
"E:/Unreal Projects/Catender02/Content/PaperAssets/Buildings/HQ/Bonfire/Bonfire_4.uasset" 2413
"E:/Unreal Projects/Catender02/Content/PaperAssets/Buildings/HQ/Bonfire/Bonfire_4.uexp" 2414
"E:/Unreal Projects/Catender02/Content/PaperAssets/Buildings/HQ/Bonfire/Bonfire_4_Sprite.uasset" 2415
"E:/Unreal Projects/Catender02/Content/PaperAssets/Buildings/HQ/Bonfire/Bonfire_4_Sprite.uexp" 2416
"E:/Unreal Projects/Catender02/Content/PaperAssets/Buildings/HQ/Bonfire/Bonfire_3.uasset" 2417
"E:/Unreal Projects/Catender02/Content/PaperAssets/Buildings/HQ/Bonfire/Bonfire_3.uexp" 2418
"E:/Unreal Projects/Catender02/Content/PaperAssets/Buildings/HQ/Bonfire/Bonfire_3_Sprite.uasset" 2419
"E:/Unreal Projects/Catender02/Content/PaperAssets/Buildings/HQ/Bonfire/Bonfire_3_Sprite.uexp" 2420
"E:/Unreal Projects/Catender02/Content/PaperAssets/Buildings/HQ/Bonfire/Bonfire_2.uasset" 2421
"E:/Unreal Projects/Catender02/Content/PaperAssets/Buildings/HQ/Bonfire/Bonfire_2.uexp" 2422
"E:/Unreal Projects/Catender02/Content/PaperAssets/Buildings/HQ/Bonfire/Bonfire_2_Sprite.uasset" 2423
"E:/Unreal Projects/Catender02/Content/PaperAssets/Buildings/HQ/Bonfire/Bonfire_2_Sprite.uexp" 2424
"E:/Unreal Projects/Catender02/Content/PaperAssets/Buildings/HQ/Bonfire/Bonfire.uasset" 2425
"E:/Unreal Projects/Catender02/Content/PaperAssets/Buildings/HQ/Bonfire/Bonfire.uexp" 2426
"E:/Unreal Projects/Catender02/Content/PaperAssets/Background/Old/Layer_0011_0.uasset" 2427
"E:/Unreal Projects/Catender02/Content/PaperAssets/Background/Old/Layer_0011_0.uexp" 2428
"E:/Unreal Projects/Catender02/Content/PaperAssets/Background/Old/Layer_0011_0_Sprite.uasset" 2429
"E:/Unreal Projects/Catender02/Content/PaperAssets/Background/Old/Layer_0011_0_Sprite.uexp" 2430
"E:/Unreal Projects/Catender02/Content/PaperAssets/Background/Old/Layer_0010_1.uasset" 2431
"E:/Unreal Projects/Catender02/Content/PaperAssets/Background/Old/Layer_0010_1.uexp" 2432
"E:/Unreal Projects/Catender02/Content/PaperAssets/Background/Old/Layer_0010_1_Sprite.uasset" 2433
"E:/Unreal Projects/Catender02/Content/PaperAssets/Background/Old/Layer_0010_1_Sprite.uexp" 2434
"E:/Unreal Projects/Catender02/Content/PaperAssets/Background/Old/Layer_0009_2.uasset" 2435
"E:/Unreal Projects/Catender02/Content/PaperAssets/Background/Old/Layer_0009_2.uexp" 2436
"E:/Unreal Projects/Catender02/Content/PaperAssets/Background/Old/Layer_0009_2_Sprite.uasset" 2437
"E:/Unreal Projects/Catender02/Content/PaperAssets/Background/Old/Layer_0009_2_Sprite.uexp" 2438
"E:/Unreal Projects/Catender02/Content/PaperAssets/Background/Old/Layer_0008_3.uasset" 2439
"E:/Unreal Projects/Catender02/Content/PaperAssets/Background/Old/Layer_0008_3.uexp" 2440
"E:/Unreal Projects/Catender02/Content/PaperAssets/Background/Old/Layer_0008_3_Sprite.uasset" 2441
"E:/Unreal Projects/Catender02/Content/PaperAssets/Background/Old/Layer_0008_3_Sprite.uexp" 2442
"E:/Unreal Projects/Catender02/Content/PaperAssets/Background/Old/Layer_0007_Lights.uasset" 2443
"E:/Unreal Projects/Catender02/Content/PaperAssets/Background/Old/Layer_0007_Lights.uexp" 2444
"E:/Unreal Projects/Catender02/Content/PaperAssets/Background/Old/Layer_0007_Lights_Sprite.uasset" 2445
"E:/Unreal Projects/Catender02/Content/PaperAssets/Background/Old/Layer_0007_Lights_Sprite.uexp" 2446
"E:/Unreal Projects/Catender02/Content/PaperAssets/Background/Old/Layer_0006_4.uasset" 2447
"E:/Unreal Projects/Catender02/Content/PaperAssets/Background/Old/Layer_0006_4.uexp" 2448
"E:/Unreal Projects/Catender02/Content/PaperAssets/Background/Old/Layer_0006_4_Sprite.uasset" 2449
"E:/Unreal Projects/Catender02/Content/PaperAssets/Background/Old/Layer_0006_4_Sprite.uexp" 2450
"E:/Unreal Projects/Catender02/Content/PaperAssets/Background/Old/Layer_0005_5.uasset" 2451
"E:/Unreal Projects/Catender02/Content/PaperAssets/Background/Old/Layer_0005_5.uexp" 2452
"E:/Unreal Projects/Catender02/Content/PaperAssets/Background/Old/Layer_0005_5_Sprite.uasset" 2453
"E:/Unreal Projects/Catender02/Content/PaperAssets/Background/Old/Layer_0005_5_Sprite.uexp" 2454
"E:/Unreal Projects/Catender02/Content/PaperAssets/Background/Old/Layer_0004_Lights.uasset" 2455
"E:/Unreal Projects/Catender02/Content/PaperAssets/Background/Old/Layer_0004_Lights.uexp" 2456
"E:/Unreal Projects/Catender02/Content/PaperAssets/Background/Old/Layer_0004_Lights_Sprite.uasset" 2457
"E:/Unreal Projects/Catender02/Content/PaperAssets/Background/Old/Layer_0004_Lights_Sprite.uexp" 2458
"E:/Unreal Projects/Catender02/Content/PaperAssets/Background/Old/Layer_0003_6.uasset" 2459
"E:/Unreal Projects/Catender02/Content/PaperAssets/Background/Old/Layer_0003_6.uexp" 2460
"E:/Unreal Projects/Catender02/Content/PaperAssets/Background/Old/Layer_0003_6_Sprite.uasset" 2461
"E:/Unreal Projects/Catender02/Content/PaperAssets/Background/Old/Layer_0003_6_Sprite.uexp" 2462
"E:/Unreal Projects/Catender02/Content/PaperAssets/Background/Old/Layer_0002_7.uasset" 2463
"E:/Unreal Projects/Catender02/Content/PaperAssets/Background/Old/Layer_0002_7.uexp" 2464
"E:/Unreal Projects/Catender02/Content/PaperAssets/Background/Old/Layer_0002_7_Sprite.uasset" 2465
"E:/Unreal Projects/Catender02/Content/PaperAssets/Background/Old/Layer_0002_7_Sprite.uexp" 2466
"E:/Unreal Projects/Catender02/Content/PaperAssets/Background/Old/Layer_0001_8.uasset" 2467
"E:/Unreal Projects/Catender02/Content/PaperAssets/Background/Old/Layer_0001_8.uexp" 2468
"E:/Unreal Projects/Catender02/Content/PaperAssets/Background/Old/Layer_0001_8_Sprite.uasset" 2469
"E:/Unreal Projects/Catender02/Content/PaperAssets/Background/Old/Layer_0001_8_Sprite.uexp" 2470
"E:/Unreal Projects/Catender02/Content/PaperAssets/Background/Old/Layer_0000_9.uasset" 2471
"E:/Unreal Projects/Catender02/Content/PaperAssets/Background/Old/Layer_0000_9.uexp" 2472
"E:/Unreal Projects/Catender02/Content/PaperAssets/Background/Old/Layer_0000_9_Sprite.uasset" 2473
"E:/Unreal Projects/Catender02/Content/PaperAssets/Background/Old/Layer_0000_9_Sprite.uexp" 2474
"E:/Unreal Projects/Catender02/Content/PaperAssets/Decoration/SSWorld/Textures/grass1_n.ubulk" 2475
"E:/Unreal Projects/Catender02/Content/PaperAssets/Decoration/SSWorld/Textures/grass1_n.uasset" 2476
"E:/Unreal Projects/Catender02/Content/PaperAssets/Decoration/SSWorld/Textures/grass1_n.uexp" 2477
"E:/Unreal Projects/Catender02/Content/PaperAssets/Decoration/SSWorld/Textures/grass1_d.ubulk" 2478
"E:/Unreal Projects/Catender02/Content/PaperAssets/Decoration/SSWorld/Textures/grass1_d.uasset" 2479
"E:/Unreal Projects/Catender02/Content/PaperAssets/Decoration/SSWorld/Textures/grass1_d.uexp" 2480
"E:/Unreal Projects/Catender02/Content/PaperAssets/Decoration/SSWorld/Frames/grass1_d_Sprite_0.uasset" 2481
"E:/Unreal Projects/Catender02/Content/PaperAssets/Decoration/SSWorld/Frames/grass1_d_Sprite_0.uexp" 2482
"E:/Unreal Projects/Catender02/Content/PaperAssets/Decoration/SSWorld/Frames/grass1_d_Sprite_1.uasset" 2483
"E:/Unreal Projects/Catender02/Content/PaperAssets/Decoration/SSWorld/Frames/grass1_d_Sprite_1.uexp" 2484
"E:/Unreal Projects/Catender02/Content/PaperAssets/Decoration/SSWorld/Frames/grass1_d_Sprite_2.uasset" 2485
"E:/Unreal Projects/Catender02/Content/PaperAssets/Decoration/SSWorld/Frames/grass1_d_Sprite_2.uexp" 2486
"E:/Unreal Projects/Catender02/Content/PaperAssets/Decoration/SSWorld/Frames/grass1_d_Sprite_3.uasset" 2487
"E:/Unreal Projects/Catender02/Content/PaperAssets/Decoration/SSWorld/Frames/grass1_d_Sprite_3.uexp" 2488
"E:/Unreal Projects/Catender02/Content/PaperAssets/Decoration/SSWorld/Frames/grass1_d_Sprite_4.uasset" 2489
"E:/Unreal Projects/Catender02/Content/PaperAssets/Decoration/SSWorld/Frames/grass1_d_Sprite_4.uexp" 2490
"E:/Unreal Projects/Catender02/Content/PaperAssets/Decoration/SSWorld/Frames/grass1_d_Sprite_5.uasset" 2491
"E:/Unreal Projects/Catender02/Content/PaperAssets/Decoration/SSWorld/Frames/grass1_d_Sprite_5.uexp" 2492
"E:/Unreal Projects/Catender02/Content/PaperAssets/Decoration/SSWorld/grass1_d1.uasset" 2493
"E:/Unreal Projects/Catender02/Content/PaperAssets/Decoration/SSWorld/grass1_d1.uexp" 2494
"E:/Unreal Projects/Catender02/Content/PaperAssets/Wildlife/Turtle/Textures/Walking.ubulk" 2495
"E:/Unreal Projects/Catender02/Content/PaperAssets/Wildlife/Turtle/Textures/Walking.uasset" 2496
"E:/Unreal Projects/Catender02/Content/PaperAssets/Wildlife/Turtle/Textures/Walking.uexp" 2497
"E:/Unreal Projects/Catender02/Content/PaperAssets/Wildlife/Turtle/Frames/Walking_Sprite_0.uasset" 2498
"E:/Unreal Projects/Catender02/Content/PaperAssets/Wildlife/Turtle/Frames/Walking_Sprite_0.uexp" 2499
"E:/Unreal Projects/Catender02/Content/PaperAssets/Wildlife/Turtle/Frames/Walking_Sprite_1.uasset" 2500
"E:/Unreal Projects/Catender02/Content/PaperAssets/Wildlife/Turtle/Frames/Walking_Sprite_1.uexp" 2501
"E:/Unreal Projects/Catender02/Content/PaperAssets/Wildlife/Turtle/Frames/Walking_Sprite_2.uasset" 2502
"E:/Unreal Projects/Catender02/Content/PaperAssets/Wildlife/Turtle/Frames/Walking_Sprite_2.uexp" 2503
"E:/Unreal Projects/Catender02/Content/PaperAssets/Wildlife/Turtle/Frames/Walking_Sprite_3.uasset" 2504
"E:/Unreal Projects/Catender02/Content/PaperAssets/Wildlife/Turtle/Frames/Walking_Sprite_3.uexp" 2505
"E:/Unreal Projects/Catender02/Content/PaperAssets/Wildlife/Turtle/Frames/Walking_Sprite_4.uasset" 2506
"E:/Unreal Projects/Catender02/Content/PaperAssets/Wildlife/Turtle/Frames/Walking_Sprite_4.uexp" 2507
"E:/Unreal Projects/Catender02/Content/PaperAssets/Wildlife/Turtle/Frames/Walking_Sprite_5.uasset" 2508
"E:/Unreal Projects/Catender02/Content/PaperAssets/Wildlife/Turtle/Frames/Walking_Sprite_5.uexp" 2509
"E:/Unreal Projects/Catender02/Content/PaperAssets/Wildlife/Turtle/Frames/Walking_Sprite_6.uasset" 2510
"E:/Unreal Projects/Catender02/Content/PaperAssets/Wildlife/Turtle/Frames/Walking_Sprite_6.uexp" 2511
"E:/Unreal Projects/Catender02/Content/PaperAssets/Wildlife/Turtle/Frames/Walking_Sprite_7.uasset" 2512
"E:/Unreal Projects/Catender02/Content/PaperAssets/Wildlife/Turtle/Frames/Walking_Sprite_7.uexp" 2513
"E:/Unreal Projects/Catender02/Content/PaperAssets/Wildlife/Turtle/Turtle_Walking.uasset" 2514
"E:/Unreal Projects/Catender02/Content/PaperAssets/Wildlife/Turtle/Turtle_Walking.uexp" 2515
"E:/Unreal Projects/Catender02/Content/AI/FriendlyNPC/Wildlife/BTTask_GetWildlifePatrolLocation.uasset" 2516
"E:/Unreal Projects/Catender02/Content/AI/FriendlyNPC/Wildlife/BTTask_GetWildlifePatrolLocation.uexp" 2517
"E:/Unreal Projects/Catender02/Content/AI/FriendlyNPC/Wildlife/BB_Wildlife.uasset" 2518
"E:/Unreal Projects/Catender02/Content/AI/FriendlyNPC/Wildlife/BB_Wildlife.uexp" 2519
"E:/Unreal Projects/Catender02/Content/AI/FriendlyNPC/Wildlife/BT_Wildlife.uasset" 2520
"E:/Unreal Projects/Catender02/Content/AI/FriendlyNPC/Wildlife/BT_Wildlife.uexp" 2521
"E:/Unreal Projects/Catender02/Content/Blueprints/Character/Wildlife/BP_Wildlife_Base.uasset" 2522
"E:/Unreal Projects/Catender02/Content/Blueprints/Character/Wildlife/BP_Wildlife_Base.uexp" 2523
"E:/Unreal Projects/Catender02/Content/PaperAssets/Wildlife/Turtle/Textures/Sleep_intro.uasset" 2524
"E:/Unreal Projects/Catender02/Content/PaperAssets/Wildlife/Turtle/Textures/Sleep_intro.uexp" 2525
"E:/Unreal Projects/Catender02/Content/PaperAssets/Wildlife/Turtle/Frames/Sleep_intro_Sprite_0.uasset" 2526
"E:/Unreal Projects/Catender02/Content/PaperAssets/Wildlife/Turtle/Frames/Sleep_intro_Sprite_0.uexp" 2527
"E:/Unreal Projects/Catender02/Content/PaperAssets/Wildlife/Turtle/Frames/Sleep_intro_Sprite_1.uasset" 2528
"E:/Unreal Projects/Catender02/Content/PaperAssets/Wildlife/Turtle/Frames/Sleep_intro_Sprite_1.uexp" 2529
"E:/Unreal Projects/Catender02/Content/PaperAssets/Wildlife/Turtle/Frames/Sleep_intro_Sprite_2.uasset" 2530
"E:/Unreal Projects/Catender02/Content/PaperAssets/Wildlife/Turtle/Frames/Sleep_intro_Sprite_2.uexp" 2531
"E:/Unreal Projects/Catender02/Content/PaperAssets/Wildlife/Turtle/Frames/Sleep_intro_Sprite_3.uasset" 2532
"E:/Unreal Projects/Catender02/Content/PaperAssets/Wildlife/Turtle/Frames/Sleep_intro_Sprite_3.uexp" 2533
"E:/Unreal Projects/Catender02/Content/PaperAssets/Wildlife/Turtle/Frames/Sleep_intro_Sprite_4.uasset" 2534
"E:/Unreal Projects/Catender02/Content/PaperAssets/Wildlife/Turtle/Frames/Sleep_intro_Sprite_4.uexp" 2535
"E:/Unreal Projects/Catender02/Content/PaperAssets/Wildlife/Turtle/Frames/Sleep_intro_Sprite_5.uasset" 2536
"E:/Unreal Projects/Catender02/Content/PaperAssets/Wildlife/Turtle/Frames/Sleep_intro_Sprite_5.uexp" 2537
"E:/Unreal Projects/Catender02/Content/PaperAssets/Wildlife/Turtle/Turtle_SleepIntro.uasset" 2538
"E:/Unreal Projects/Catender02/Content/PaperAssets/Wildlife/Turtle/Turtle_SleepIntro.uexp" 2539
"E:/Unreal Projects/Catender02/Content/Animation/Wildlife/Turtle/AS_Turtle.uasset" 2540
"E:/Unreal Projects/Catender02/Content/Animation/Wildlife/Turtle/AS_Turtle.uexp" 2541
"E:/Unreal Projects/Catender02/Content/Animation/Wildlife/Turtle/AnimSequences/Sleep_Intro.uasset" 2542
"E:/Unreal Projects/Catender02/Content/Animation/Wildlife/Turtle/AnimSequences/Sleep_Intro.uexp" 2543
"E:/Unreal Projects/Catender02/Content/Animation/Wildlife/Turtle/AnimSequences/Walking.uasset" 2544
"E:/Unreal Projects/Catender02/Content/Animation/Wildlife/Turtle/AnimSequences/Walking.uexp" 2545
"E:/Unreal Projects/Catender02/Content/PaperAssets/Wildlife/Turtle/Textures/idle_blink.uasset" 2546
"E:/Unreal Projects/Catender02/Content/PaperAssets/Wildlife/Turtle/Textures/idle_blink.uexp" 2547
"E:/Unreal Projects/Catender02/Content/PaperAssets/Wildlife/Turtle/Frames/idle_blink_Sprite_0.uasset" 2548
"E:/Unreal Projects/Catender02/Content/PaperAssets/Wildlife/Turtle/Frames/idle_blink_Sprite_0.uexp" 2549
"E:/Unreal Projects/Catender02/Content/PaperAssets/Wildlife/Turtle/Frames/idle_blink_Sprite_1.uasset" 2550
"E:/Unreal Projects/Catender02/Content/PaperAssets/Wildlife/Turtle/Frames/idle_blink_Sprite_1.uexp" 2551
"E:/Unreal Projects/Catender02/Content/PaperAssets/Wildlife/Turtle/Turtle_Idle.uasset" 2552
"E:/Unreal Projects/Catender02/Content/PaperAssets/Wildlife/Turtle/Turtle_Idle.uexp" 2553
"E:/Unreal Projects/Catender02/Content/Animation/Wildlife/Turtle/AnimSequences/Idle.uasset" 2554
"E:/Unreal Projects/Catender02/Content/Animation/Wildlife/Turtle/AnimSequences/Idle.uexp" 2555
"E:/Unreal Projects/Catender02/Content/PaperAssets/Wildlife/Turtle/Textures/Sleeping.uasset" 2556
"E:/Unreal Projects/Catender02/Content/PaperAssets/Wildlife/Turtle/Textures/Sleeping.uexp" 2557
"E:/Unreal Projects/Catender02/Content/PaperAssets/Wildlife/Turtle/Frames/Sleeping_Sprite_0.uasset" 2558
"E:/Unreal Projects/Catender02/Content/PaperAssets/Wildlife/Turtle/Frames/Sleeping_Sprite_0.uexp" 2559
"E:/Unreal Projects/Catender02/Content/PaperAssets/Wildlife/Turtle/Frames/Sleeping_Sprite_1.uasset" 2560
"E:/Unreal Projects/Catender02/Content/PaperAssets/Wildlife/Turtle/Frames/Sleeping_Sprite_1.uexp" 2561
"E:/Unreal Projects/Catender02/Content/PaperAssets/Wildlife/Turtle/Frames/Sleeping_Sprite_2.uasset" 2562
"E:/Unreal Projects/Catender02/Content/PaperAssets/Wildlife/Turtle/Frames/Sleeping_Sprite_2.uexp" 2563
"E:/Unreal Projects/Catender02/Content/PaperAssets/Wildlife/Turtle/Frames/Sleeping_Sprite_3.uasset" 2564
"E:/Unreal Projects/Catender02/Content/PaperAssets/Wildlife/Turtle/Frames/Sleeping_Sprite_3.uexp" 2565
"E:/Unreal Projects/Catender02/Content/PaperAssets/Wildlife/Turtle/Frames/Sleeping_Sprite_4.uasset" 2566
"E:/Unreal Projects/Catender02/Content/PaperAssets/Wildlife/Turtle/Frames/Sleeping_Sprite_4.uexp" 2567
"E:/Unreal Projects/Catender02/Content/PaperAssets/Wildlife/Turtle/Frames/Sleeping_Sprite_5.uasset" 2568
"E:/Unreal Projects/Catender02/Content/PaperAssets/Wildlife/Turtle/Frames/Sleeping_Sprite_5.uexp" 2569
"E:/Unreal Projects/Catender02/Content/PaperAssets/Wildlife/Turtle/Frames/Sleeping_Sprite_6.uasset" 2570
"E:/Unreal Projects/Catender02/Content/PaperAssets/Wildlife/Turtle/Frames/Sleeping_Sprite_6.uexp" 2571
"E:/Unreal Projects/Catender02/Content/PaperAssets/Wildlife/Turtle/Frames/Sleeping_Sprite_7.uasset" 2572
"E:/Unreal Projects/Catender02/Content/PaperAssets/Wildlife/Turtle/Frames/Sleeping_Sprite_7.uexp" 2573
"E:/Unreal Projects/Catender02/Content/PaperAssets/Wildlife/Turtle/Frames/Sleeping_Sprite_8.uasset" 2574
"E:/Unreal Projects/Catender02/Content/PaperAssets/Wildlife/Turtle/Frames/Sleeping_Sprite_8.uexp" 2575
"E:/Unreal Projects/Catender02/Content/PaperAssets/Wildlife/Turtle/Turtle_Sleeping.uasset" 2576
"E:/Unreal Projects/Catender02/Content/PaperAssets/Wildlife/Turtle/Turtle_Sleeping.uexp" 2577
"E:/Unreal Projects/Catender02/Content/Animation/Wildlife/Turtle/AnimSequences/Sleeping.uasset" 2578
"E:/Unreal Projects/Catender02/Content/Animation/Wildlife/Turtle/AnimSequences/Sleeping.uexp" 2579
"E:/Unreal Projects/Catender02/Content/Animation/Wildlife/Turtle/ABP_Turtle.uasset" 2580
"E:/Unreal Projects/Catender02/Content/Animation/Wildlife/Turtle/ABP_Turtle.uexp" 2581
"E:/Unreal Projects/Catender02/Content/Blueprints/Character/Wildlife/Turtle/BP_Turtle.uasset" 2582
"E:/Unreal Projects/Catender02/Content/Blueprints/Character/Wildlife/Turtle/BP_Turtle.uexp" 2583
"E:/Unreal Projects/Catender02/Content/Blueprints/Props/WildlifeSpawner/BP_WildlifeSpawner_BASE.uasset" 2584
"E:/Unreal Projects/Catender02/Content/Blueprints/Props/WildlifeSpawner/BP_WildlifeSpawner_BASE.uexp" 2585
"E:/Unreal Projects/Catender02/Content/Blueprints/Character/Wildlife/Frog/BP_Frog.uasset" 2586
"E:/Unreal Projects/Catender02/Content/Blueprints/Character/Wildlife/Frog/BP_Frog.uexp" 2587
"E:/Unreal Projects/Catender02/Content/Materials/DefaultSpriteMaterial.uasset" 2588
"E:/Unreal Projects/Catender02/Content/Materials/DefaultSpriteMaterial.uexp" 2589
"E:/Unreal Projects/Catender02/Content/Materials/MI_TranslucentUnlit.uasset" 2590
"E:/Unreal Projects/Catender02/Content/Materials/MI_TranslucentUnlit.uexp" 2591
"E:/Unreal Projects/Catender02/Content/PaperAssets/Wildlife/Turtle/Textures/Hurt.uasset" 2592
"E:/Unreal Projects/Catender02/Content/PaperAssets/Wildlife/Turtle/Textures/Hurt.uexp" 2593
"E:/Unreal Projects/Catender02/Content/PaperAssets/Wildlife/Turtle/Frames/Hurt_Sprite_0.uasset" 2594
"E:/Unreal Projects/Catender02/Content/PaperAssets/Wildlife/Turtle/Frames/Hurt_Sprite_0.uexp" 2595
"E:/Unreal Projects/Catender02/Content/PaperAssets/Wildlife/Turtle/Frames/Hurt_Sprite_1.uasset" 2596
"E:/Unreal Projects/Catender02/Content/PaperAssets/Wildlife/Turtle/Frames/Hurt_Sprite_1.uexp" 2597
"E:/Unreal Projects/Catender02/Content/PaperAssets/Wildlife/Turtle/Turtle_Hurt.uasset" 2598
"E:/Unreal Projects/Catender02/Content/PaperAssets/Wildlife/Turtle/Turtle_Hurt.uexp" 2599
"E:/Unreal Projects/Catender02/Content/Animation/Wildlife/Turtle/AnimSequences/Hurt.uasset" 2600
"E:/Unreal Projects/Catender02/Content/Animation/Wildlife/Turtle/AnimSequences/Hurt.uexp" 2601
"E:/Unreal Projects/Catender02/Content/PaperAssets/Wildlife/Turtle/Textures/Death.ubulk" 2602
"E:/Unreal Projects/Catender02/Content/PaperAssets/Wildlife/Turtle/Textures/Death.uasset" 2603
"E:/Unreal Projects/Catender02/Content/PaperAssets/Wildlife/Turtle/Textures/Death.uexp" 2604
"E:/Unreal Projects/Catender02/Content/PaperAssets/Wildlife/Turtle/Frames/Death_Sprite_0.uasset" 2605
"E:/Unreal Projects/Catender02/Content/PaperAssets/Wildlife/Turtle/Frames/Death_Sprite_0.uexp" 2606
"E:/Unreal Projects/Catender02/Content/PaperAssets/Wildlife/Turtle/Frames/Death_Sprite_1.uasset" 2607
"E:/Unreal Projects/Catender02/Content/PaperAssets/Wildlife/Turtle/Frames/Death_Sprite_1.uexp" 2608
"E:/Unreal Projects/Catender02/Content/PaperAssets/Wildlife/Turtle/Frames/Death_Sprite_2.uasset" 2609
"E:/Unreal Projects/Catender02/Content/PaperAssets/Wildlife/Turtle/Frames/Death_Sprite_2.uexp" 2610
"E:/Unreal Projects/Catender02/Content/PaperAssets/Wildlife/Turtle/Frames/Death_Sprite_3.uasset" 2611
"E:/Unreal Projects/Catender02/Content/PaperAssets/Wildlife/Turtle/Frames/Death_Sprite_3.uexp" 2612
"E:/Unreal Projects/Catender02/Content/PaperAssets/Wildlife/Turtle/Turtle_Death.uasset" 2613
"E:/Unreal Projects/Catender02/Content/PaperAssets/Wildlife/Turtle/Turtle_Death.uexp" 2614
"E:/Unreal Projects/Catender02/Content/Animation/Wildlife/Turtle/AnimSequences/Death.uasset" 2615
"E:/Unreal Projects/Catender02/Content/Animation/Wildlife/Turtle/AnimSequences/Death.uexp" 2616
"E:/Unreal Projects/Catender02/Content/PaperAssets/Wildlife/Rabbit/Textures/Death.uasset" 2617
"E:/Unreal Projects/Catender02/Content/PaperAssets/Wildlife/Rabbit/Textures/Death.uexp" 2618
"E:/Unreal Projects/Catender02/Content/PaperAssets/Wildlife/Rabbit/Frames/Death_Sprite_0.uasset" 2619
"E:/Unreal Projects/Catender02/Content/PaperAssets/Wildlife/Rabbit/Frames/Death_Sprite_0.uexp" 2620
"E:/Unreal Projects/Catender02/Content/PaperAssets/Wildlife/Rabbit/Frames/Death_Sprite_1.uasset" 2621
"E:/Unreal Projects/Catender02/Content/PaperAssets/Wildlife/Rabbit/Frames/Death_Sprite_1.uexp" 2622
"E:/Unreal Projects/Catender02/Content/PaperAssets/Wildlife/Rabbit/Frames/Death_Sprite_2.uasset" 2623
"E:/Unreal Projects/Catender02/Content/PaperAssets/Wildlife/Rabbit/Frames/Death_Sprite_2.uexp" 2624
"E:/Unreal Projects/Catender02/Content/PaperAssets/Wildlife/Rabbit/Frames/Death_Sprite_3.uasset" 2625
"E:/Unreal Projects/Catender02/Content/PaperAssets/Wildlife/Rabbit/Frames/Death_Sprite_3.uexp" 2626
"E:/Unreal Projects/Catender02/Content/PaperAssets/Wildlife/Rabbit/Frames/Death_Sprite_4.uasset" 2627
"E:/Unreal Projects/Catender02/Content/PaperAssets/Wildlife/Rabbit/Frames/Death_Sprite_4.uexp" 2628
"E:/Unreal Projects/Catender02/Content/PaperAssets/Wildlife/Rabbit/Frames/Death_Sprite_5.uasset" 2629
"E:/Unreal Projects/Catender02/Content/PaperAssets/Wildlife/Rabbit/Frames/Death_Sprite_5.uexp" 2630
"E:/Unreal Projects/Catender02/Content/PaperAssets/Wildlife/Rabbit/Frames/Death_Sprite_6.uasset" 2631
"E:/Unreal Projects/Catender02/Content/PaperAssets/Wildlife/Rabbit/Frames/Death_Sprite_6.uexp" 2632
"E:/Unreal Projects/Catender02/Content/PaperAssets/Wildlife/Rabbit/Rabbit_Death.uasset" 2633
"E:/Unreal Projects/Catender02/Content/PaperAssets/Wildlife/Rabbit/Rabbit_Death.uexp" 2634
"E:/Unreal Projects/Catender02/Content/Animation/Wildlife/Rabbit/AS_Rabbit.uasset" 2635
"E:/Unreal Projects/Catender02/Content/Animation/Wildlife/Rabbit/AS_Rabbit.uexp" 2636
"E:/Unreal Projects/Catender02/Content/Animation/Wildlife/Rabbit/AnimSequences/Death.uasset" 2637
"E:/Unreal Projects/Catender02/Content/Animation/Wildlife/Rabbit/AnimSequences/Death.uexp" 2638
"../../../Engine/Content/Functions/Engine_MaterialFunctions01/Shading/PowerToRoughness.uasset" 2639
"../../../Engine/Content/Functions/Engine_MaterialFunctions01/Shading/PowerToRoughness.uexp" 2640
"../../../Engine/Content/Functions/Engine_MaterialFunctions01/Shading/ConvertFromDiffSpec.uasset" 2641
"../../../Engine/Content/Functions/Engine_MaterialFunctions01/Shading/ConvertFromDiffSpec.uexp" 2642
"../../../Engine/Content/EngineMaterials/Substrate/Volume/SubstrateSimpleVolumeLUT3D.uasset" 2643
"../../../Engine/Content/EngineMaterials/Substrate/Volume/SubstrateSimpleVolumeLUT3D.uexp" 2644
"../../../Engine/Content/EngineMaterials/Substrate/Volume/SubstrateSimpleVolumeEnvLUT3D.uasset" 2645
"../../../Engine/Content/EngineMaterials/Substrate/Volume/SubstrateSimpleVolumeEnvLUT3D.uexp" 2646
"../../../Engine/Content/EngineMaterials/Substrate/GLints2/AGlintTex2dArray2.uasset" 2647
"../../../Engine/Content/EngineMaterials/Substrate/GLints2/AGlintTex2dArray2.uexp" 2648
"E:/Unreal Projects/Catender02/Content/PaperAssets/Character/FriendlyNPC/Kitten/Textures/Sleep_intro_N.uasset" 2649
"E:/Unreal Projects/Catender02/Content/PaperAssets/Character/FriendlyNPC/Kitten/Textures/Sleep_intro_N.uexp" 2650
"E:/Unreal Projects/Catender02/Content/PaperAssets/Character/FriendlyNPC/Kitten/Textures/Sleep_intro_D.uasset" 2651
"E:/Unreal Projects/Catender02/Content/PaperAssets/Character/FriendlyNPC/Kitten/Textures/Sleep_intro_D.uexp" 2652
"E:/Unreal Projects/Catender02/Content/PaperAssets/Character/FriendlyNPC/Kitten/Frames/Sleep_intro_D_Sprite_0.uasset" 2653
"E:/Unreal Projects/Catender02/Content/PaperAssets/Character/FriendlyNPC/Kitten/Frames/Sleep_intro_D_Sprite_0.uexp" 2654
"E:/Unreal Projects/Catender02/Content/PaperAssets/Character/FriendlyNPC/Kitten/Frames/Sleep_intro_D_Sprite_1.uasset" 2655
"E:/Unreal Projects/Catender02/Content/PaperAssets/Character/FriendlyNPC/Kitten/Frames/Sleep_intro_D_Sprite_1.uexp" 2656
"E:/Unreal Projects/Catender02/Content/PaperAssets/Character/FriendlyNPC/Kitten/Kitten_Sleeping_Intro.uasset" 2657
"E:/Unreal Projects/Catender02/Content/PaperAssets/Character/FriendlyNPC/Kitten/Kitten_Sleeping_Intro.uexp" 2658
"E:/Unreal Projects/Catender02/Content/Animation/Character/FriendlyNPC/Kitten/AnimSequences/SleepingIntro.uasset" 2659
"E:/Unreal Projects/Catender02/Content/Animation/Character/FriendlyNPC/Kitten/AnimSequences/SleepingIntro.uexp" 2660
"E:/Unreal Projects/Catender02/Content/PaperAssets/Character/FriendlyNPC/Kitten/Textures/Sleeping_N.uasset" 2661
"E:/Unreal Projects/Catender02/Content/PaperAssets/Character/FriendlyNPC/Kitten/Textures/Sleeping_N.uexp" 2662
"E:/Unreal Projects/Catender02/Content/PaperAssets/Character/FriendlyNPC/Kitten/Textures/Sleeping_D.uasset" 2663
"E:/Unreal Projects/Catender02/Content/PaperAssets/Character/FriendlyNPC/Kitten/Textures/Sleeping_D.uexp" 2664
"E:/Unreal Projects/Catender02/Content/PaperAssets/Character/FriendlyNPC/Kitten/Frames/Sleeping_D_Sprite_0.uasset" 2665
"E:/Unreal Projects/Catender02/Content/PaperAssets/Character/FriendlyNPC/Kitten/Frames/Sleeping_D_Sprite_0.uexp" 2666
"E:/Unreal Projects/Catender02/Content/PaperAssets/Character/FriendlyNPC/Kitten/Frames/Sleeping_D_Sprite_1.uasset" 2667
"E:/Unreal Projects/Catender02/Content/PaperAssets/Character/FriendlyNPC/Kitten/Frames/Sleeping_D_Sprite_1.uexp" 2668
"E:/Unreal Projects/Catender02/Content/PaperAssets/Character/FriendlyNPC/Kitten/Frames/Sleeping_D_Sprite_2.uasset" 2669
"E:/Unreal Projects/Catender02/Content/PaperAssets/Character/FriendlyNPC/Kitten/Frames/Sleeping_D_Sprite_2.uexp" 2670
"E:/Unreal Projects/Catender02/Content/PaperAssets/Character/FriendlyNPC/Kitten/Frames/Sleeping_D_Sprite_3.uasset" 2671
"E:/Unreal Projects/Catender02/Content/PaperAssets/Character/FriendlyNPC/Kitten/Frames/Sleeping_D_Sprite_3.uexp" 2672
"E:/Unreal Projects/Catender02/Content/PaperAssets/Character/FriendlyNPC/Kitten/Frames/Sleeping_D_Sprite_4.uasset" 2673
"E:/Unreal Projects/Catender02/Content/PaperAssets/Character/FriendlyNPC/Kitten/Frames/Sleeping_D_Sprite_4.uexp" 2674
"E:/Unreal Projects/Catender02/Content/PaperAssets/Character/FriendlyNPC/Kitten/Frames/Sleeping_D_Sprite_5.uasset" 2675
"E:/Unreal Projects/Catender02/Content/PaperAssets/Character/FriendlyNPC/Kitten/Frames/Sleeping_D_Sprite_5.uexp" 2676
"E:/Unreal Projects/Catender02/Content/PaperAssets/Character/FriendlyNPC/Kitten/Frames/Sleeping_D_Sprite_6.uasset" 2677
"E:/Unreal Projects/Catender02/Content/PaperAssets/Character/FriendlyNPC/Kitten/Frames/Sleeping_D_Sprite_6.uexp" 2678
"E:/Unreal Projects/Catender02/Content/PaperAssets/Character/FriendlyNPC/Kitten/Frames/Sleeping_D_Sprite_7.uasset" 2679
"E:/Unreal Projects/Catender02/Content/PaperAssets/Character/FriendlyNPC/Kitten/Frames/Sleeping_D_Sprite_7.uexp" 2680
"E:/Unreal Projects/Catender02/Content/PaperAssets/Character/FriendlyNPC/Kitten/Frames/Sleeping_D_Sprite_8.uasset" 2681
"E:/Unreal Projects/Catender02/Content/PaperAssets/Character/FriendlyNPC/Kitten/Frames/Sleeping_D_Sprite_8.uexp" 2682
"E:/Unreal Projects/Catender02/Content/PaperAssets/Character/FriendlyNPC/Kitten/Kitten_Sleeping.uasset" 2683
"E:/Unreal Projects/Catender02/Content/PaperAssets/Character/FriendlyNPC/Kitten/Kitten_Sleeping.uexp" 2684
"E:/Unreal Projects/Catender02/Content/Animation/Character/FriendlyNPC/Kitten/AnimSequences/Sleeping.uasset" 2685
"E:/Unreal Projects/Catender02/Content/Animation/Character/FriendlyNPC/Kitten/AnimSequences/Sleeping.uexp" 2686
"E:/Unreal Projects/Catender02/Content/PaperAssets/Character/FriendlyNPC/Kitten/Textures/Running_N.uasset" 2687
"E:/Unreal Projects/Catender02/Content/PaperAssets/Character/FriendlyNPC/Kitten/Textures/Running_N.uexp" 2688
"E:/Unreal Projects/Catender02/Content/PaperAssets/Character/FriendlyNPC/Kitten/Textures/Running_D.uasset" 2689
"E:/Unreal Projects/Catender02/Content/PaperAssets/Character/FriendlyNPC/Kitten/Textures/Running_D.uexp" 2690
"E:/Unreal Projects/Catender02/Content/PaperAssets/Character/FriendlyNPC/Kitten/Frames/Running_D_Sprite_0.uasset" 2691
"E:/Unreal Projects/Catender02/Content/PaperAssets/Character/FriendlyNPC/Kitten/Frames/Running_D_Sprite_0.uexp" 2692
"E:/Unreal Projects/Catender02/Content/PaperAssets/Character/FriendlyNPC/Kitten/Frames/Running_D_Sprite_1.uasset" 2693
"E:/Unreal Projects/Catender02/Content/PaperAssets/Character/FriendlyNPC/Kitten/Frames/Running_D_Sprite_1.uexp" 2694
"E:/Unreal Projects/Catender02/Content/PaperAssets/Character/FriendlyNPC/Kitten/Frames/Running_D_Sprite_2.uasset" 2695
"E:/Unreal Projects/Catender02/Content/PaperAssets/Character/FriendlyNPC/Kitten/Frames/Running_D_Sprite_2.uexp" 2696
"E:/Unreal Projects/Catender02/Content/PaperAssets/Character/FriendlyNPC/Kitten/Frames/Running_D_Sprite_3.uasset" 2697
"E:/Unreal Projects/Catender02/Content/PaperAssets/Character/FriendlyNPC/Kitten/Frames/Running_D_Sprite_3.uexp" 2698
"E:/Unreal Projects/Catender02/Content/PaperAssets/Character/FriendlyNPC/Kitten/Frames/Running_D_Sprite_4.uasset" 2699
"E:/Unreal Projects/Catender02/Content/PaperAssets/Character/FriendlyNPC/Kitten/Frames/Running_D_Sprite_4.uexp" 2700
"E:/Unreal Projects/Catender02/Content/PaperAssets/Character/FriendlyNPC/Kitten/Frames/Running_D_Sprite_5.uasset" 2701
"E:/Unreal Projects/Catender02/Content/PaperAssets/Character/FriendlyNPC/Kitten/Frames/Running_D_Sprite_5.uexp" 2702
"E:/Unreal Projects/Catender02/Content/PaperAssets/Character/FriendlyNPC/Kitten/Frames/Running_D_Sprite_6.uasset" 2703
"E:/Unreal Projects/Catender02/Content/PaperAssets/Character/FriendlyNPC/Kitten/Frames/Running_D_Sprite_6.uexp" 2704
"E:/Unreal Projects/Catender02/Content/PaperAssets/Character/FriendlyNPC/Kitten/Frames/Running_D_Sprite_7.uasset" 2705
"E:/Unreal Projects/Catender02/Content/PaperAssets/Character/FriendlyNPC/Kitten/Frames/Running_D_Sprite_7.uexp" 2706
"E:/Unreal Projects/Catender02/Content/PaperAssets/Character/FriendlyNPC/Kitten/Frames/Running_D_Sprite_8.uasset" 2707
"E:/Unreal Projects/Catender02/Content/PaperAssets/Character/FriendlyNPC/Kitten/Frames/Running_D_Sprite_8.uexp" 2708
"E:/Unreal Projects/Catender02/Content/PaperAssets/Character/FriendlyNPC/Kitten/Kitten_Running.uasset" 2709
"E:/Unreal Projects/Catender02/Content/PaperAssets/Character/FriendlyNPC/Kitten/Kitten_Running.uexp" 2710
"E:/Unreal Projects/Catender02/Content/Animation/Character/FriendlyNPC/Kitten/AnimSequences/Running.uasset" 2711
"E:/Unreal Projects/Catender02/Content/Animation/Character/FriendlyNPC/Kitten/AnimSequences/Running.uexp" 2712
"../../../Engine/Content/EngineMaterials/Substrate/GLints/AGlintTex2dArray.uasset" 2713
"../../../Engine/Content/EngineMaterials/Substrate/GLints/AGlintTex2dArray.uexp" 2714
"E:/Unreal Projects/Catender02/Content/UI/Menues/BP_MainMenueController.uasset" 2715
"E:/Unreal Projects/Catender02/Content/UI/Menues/BP_MainMenueController.uexp" 2716
"E:/Unreal Projects/Catender02/Content/Blueprints/GameModes/GM_MainMenue.uasset" 2717
"E:/Unreal Projects/Catender02/Content/Blueprints/GameModes/GM_MainMenue.uexp" 2718
"E:/Unreal Projects/Catender02/Content/Maps/MAP_MainMenue.uexp" 2719
"E:/Unreal Projects/Catender02/Content/Maps/MAP_MainMenue.umap" 2720
"E:/Unreal Projects/Catender02/Content/Maps/MAP_Level_BuiltData.uasset" 2721
"E:/Unreal Projects/Catender02/Content/Maps/MAP_Level_BuiltData.uexp" 2722
"E:/Unreal Projects/Catender02/Content/PaperAssets/Decoration/Frames/Scarecrow_N.uasset" 2723
"E:/Unreal Projects/Catender02/Content/PaperAssets/Decoration/Frames/Scarecrow_N.uexp" 2724
"E:/Unreal Projects/Catender02/Content/PaperAssets/Decoration/Frames/Scarecrow_D.uasset" 2725
"E:/Unreal Projects/Catender02/Content/PaperAssets/Decoration/Frames/Scarecrow_D.uexp" 2726
"E:/Unreal Projects/Catender02/Content/PaperAssets/Decoration/Frames/Scarecrow_D_Sprite.uasset" 2727
"E:/Unreal Projects/Catender02/Content/PaperAssets/Decoration/Frames/Scarecrow_D_Sprite.uexp" 2728
"E:/Unreal Projects/Catender02/Content/PaperAssets/Decoration/Scarecrow_D_Flipbook.uasset" 2729
"E:/Unreal Projects/Catender02/Content/PaperAssets/Decoration/Scarecrow_D_Flipbook.uexp" 2730
"E:/Unreal Projects/Catender02/Content/Blueprints/Decoration/BP_Scarecrow.uasset" 2731
"E:/Unreal Projects/Catender02/Content/Blueprints/Decoration/BP_Scarecrow.uexp" 2732
"E:/Unreal Projects/Catender02/Content/PaperAssets/Buildings/Workshop/Textures/Workshop3_n.uasset" 2733
"E:/Unreal Projects/Catender02/Content/PaperAssets/Buildings/Workshop/Textures/Workshop3_n.uexp" 2734
"E:/Unreal Projects/Catender02/Content/PaperAssets/Buildings/Workshop/Textures/Workshop3_d.uasset" 2735
"E:/Unreal Projects/Catender02/Content/PaperAssets/Buildings/Workshop/Textures/Workshop3_d.uexp" 2736
"E:/Unreal Projects/Catender02/Content/PaperAssets/Buildings/Workshop/Frames/Workshop3_Sprite.uasset" 2737
"E:/Unreal Projects/Catender02/Content/PaperAssets/Buildings/Workshop/Frames/Workshop3_Sprite.uexp" 2738
"E:/Unreal Projects/Catender02/Content/PaperAssets/Buildings/Workshop/Workshop3.uasset" 2739
"E:/Unreal Projects/Catender02/Content/PaperAssets/Buildings/Workshop/Workshop3.uexp" 2740
"E:/Unreal Projects/Catender02/Content/Blueprints/Buildings/Workshop/BP_Workshop_Farmer.uasset" 2741
"E:/Unreal Projects/Catender02/Content/Blueprints/Buildings/Workshop/BP_Workshop_Farmer.uexp" 2742
"E:/Unreal Projects/Catender02/Content/PaperAssets/Decoration/Frames/Bush1_D.uasset" 2743
"E:/Unreal Projects/Catender02/Content/PaperAssets/Decoration/Frames/Bush1_D.uexp" 2744
"E:/Unreal Projects/Catender02/Content/PaperAssets/Decoration/Frames/Bush1_N.uasset" 2745
"E:/Unreal Projects/Catender02/Content/PaperAssets/Decoration/Frames/Bush1_N.uexp" 2746
"E:/Unreal Projects/Catender02/Content/PaperAssets/Decoration/Frames/Bush1_D_Sprite.uasset" 2747
"E:/Unreal Projects/Catender02/Content/PaperAssets/Decoration/Frames/Bush1_D_Sprite.uexp" 2748
"E:/Unreal Projects/Catender02/Content/PaperAssets/Decoration/Bush.uasset" 2749
"E:/Unreal Projects/Catender02/Content/PaperAssets/Decoration/Bush.uexp" 2750
"E:/Unreal Projects/Catender02/Content/Blueprints/Decoration/BP_Bush1.uasset" 2751
"E:/Unreal Projects/Catender02/Content/Blueprints/Decoration/BP_Bush1.uexp" 2752
"../../../Engine/Content/EngineMaterials/Widget3DPassThrough_Translucent.uasset" 2753
"../../../Engine/Content/EngineMaterials/Widget3DPassThrough_Translucent.uexp" 2754
"../../../Engine/Content/EngineMaterials/Widget3DPassThrough_Translucent_OneSided.uasset" 2755
"../../../Engine/Content/EngineMaterials/Widget3DPassThrough_Translucent_OneSided.uexp" 2756
"E:/Unreal Projects/Catender02/Content/PaperAssets/Buildings/Trees/SSWorlds/Textures/tree_dark1_d.uasset" 2757
"E:/Unreal Projects/Catender02/Content/PaperAssets/Buildings/Trees/SSWorlds/Textures/tree_dark1_d.uexp" 2758
"E:/Unreal Projects/Catender02/Content/PaperAssets/Buildings/Trees/SSWorlds/Textures/tree_dark1_n.uasset" 2759
"E:/Unreal Projects/Catender02/Content/PaperAssets/Buildings/Trees/SSWorlds/Textures/tree_dark1_n.uexp" 2760
"E:/Unreal Projects/Catender02/Content/PaperAssets/Buildings/Trees/SSWorlds/Frames/tree_dark1_d_Sprite_0.uasset" 2761
"E:/Unreal Projects/Catender02/Content/PaperAssets/Buildings/Trees/SSWorlds/Frames/tree_dark1_d_Sprite_0.uexp" 2762
"E:/Unreal Projects/Catender02/Content/PaperAssets/Buildings/Trees/SSWorlds/Frames/tree_dark1_d_Sprite_1.uasset" 2763
"E:/Unreal Projects/Catender02/Content/PaperAssets/Buildings/Trees/SSWorlds/Frames/tree_dark1_d_Sprite_1.uexp" 2764
"E:/Unreal Projects/Catender02/Content/PaperAssets/Buildings/Trees/SSWorlds/Frames/tree_dark1_d_Sprite_2.uasset" 2765
"E:/Unreal Projects/Catender02/Content/PaperAssets/Buildings/Trees/SSWorlds/Frames/tree_dark1_d_Sprite_2.uexp" 2766
"E:/Unreal Projects/Catender02/Content/PaperAssets/Buildings/Trees/SSWorlds/Frames/tree_dark1_d_Sprite_3.uasset" 2767
"E:/Unreal Projects/Catender02/Content/PaperAssets/Buildings/Trees/SSWorlds/Frames/tree_dark1_d_Sprite_3.uexp" 2768
"E:/Unreal Projects/Catender02/Content/PaperAssets/Buildings/Trees/SSWorlds/Frames/tree_dark1_d_Sprite_4.uasset" 2769
"E:/Unreal Projects/Catender02/Content/PaperAssets/Buildings/Trees/SSWorlds/Frames/tree_dark1_d_Sprite_4.uexp" 2770
"E:/Unreal Projects/Catender02/Content/PaperAssets/Buildings/Trees/SSWorlds/Frames/tree_dark1_d_Sprite_5.uasset" 2771
"E:/Unreal Projects/Catender02/Content/PaperAssets/Buildings/Trees/SSWorlds/Frames/tree_dark1_d_Sprite_5.uexp" 2772
"E:/Unreal Projects/Catender02/Content/PaperAssets/Buildings/Trees/SSWorlds/Frames/tree_dark1_d_Sprite_6.uasset" 2773
"E:/Unreal Projects/Catender02/Content/PaperAssets/Buildings/Trees/SSWorlds/Frames/tree_dark1_d_Sprite_6.uexp" 2774
"E:/Unreal Projects/Catender02/Content/PaperAssets/Buildings/Trees/SSWorlds/Frames/tree_dark1_d_Sprite_7.uasset" 2775
"E:/Unreal Projects/Catender02/Content/PaperAssets/Buildings/Trees/SSWorlds/Frames/tree_dark1_d_Sprite_7.uexp" 2776
"E:/Unreal Projects/Catender02/Content/PaperAssets/Buildings/Trees/SSWorlds/Frames/tree_dark1_d_Sprite_8.uasset" 2777
"E:/Unreal Projects/Catender02/Content/PaperAssets/Buildings/Trees/SSWorlds/Frames/tree_dark1_d_Sprite_8.uexp" 2778
"E:/Unreal Projects/Catender02/Content/PaperAssets/Buildings/Trees/SSWorlds/Frames/tree_dark1_d_Sprite_9.uasset" 2779
"E:/Unreal Projects/Catender02/Content/PaperAssets/Buildings/Trees/SSWorlds/Frames/tree_dark1_d_Sprite_9.uexp" 2780
"E:/Unreal Projects/Catender02/Content/PaperAssets/Buildings/Trees/SSWorlds/Frames/tree_dark1_d_Sprite_10.uasset" 2781
"E:/Unreal Projects/Catender02/Content/PaperAssets/Buildings/Trees/SSWorlds/Frames/tree_dark1_d_Sprite_10.uexp" 2782
"E:/Unreal Projects/Catender02/Content/PaperAssets/Buildings/Trees/SSWorlds/Frames/tree_dark1_d_Sprite_11.uasset" 2783
"E:/Unreal Projects/Catender02/Content/PaperAssets/Buildings/Trees/SSWorlds/Frames/tree_dark1_d_Sprite_11.uexp" 2784
"E:/Unreal Projects/Catender02/Content/PaperAssets/Buildings/Trees/SSWorlds/tree_dark1_d1.uasset" 2785
"E:/Unreal Projects/Catender02/Content/PaperAssets/Buildings/Trees/SSWorlds/tree_dark1_d1.uexp" 2786
"E:/Unreal Projects/Catender02/Content/Blueprints/Buildings/Trees/BP_Tree_1.uasset" 2787
"E:/Unreal Projects/Catender02/Content/Blueprints/Buildings/Trees/BP_Tree_1.uexp" 2788
"E:/Unreal Projects/Catender02/Content/PaperAssets/Buildings/Trees/SSWorlds/Textures/tree_dark2_d.uasset" 2789
"E:/Unreal Projects/Catender02/Content/PaperAssets/Buildings/Trees/SSWorlds/Textures/tree_dark2_d.uexp" 2790
"E:/Unreal Projects/Catender02/Content/PaperAssets/Buildings/Trees/SSWorlds/Textures/tree_dark2_n.uasset" 2791
"E:/Unreal Projects/Catender02/Content/PaperAssets/Buildings/Trees/SSWorlds/Textures/tree_dark2_n.uexp" 2792
"E:/Unreal Projects/Catender02/Content/PaperAssets/Buildings/Trees/SSWorlds/Frames/tree_dark2_d_Sprite_0.uasset" 2793
"E:/Unreal Projects/Catender02/Content/PaperAssets/Buildings/Trees/SSWorlds/Frames/tree_dark2_d_Sprite_0.uexp" 2794
"E:/Unreal Projects/Catender02/Content/PaperAssets/Buildings/Trees/SSWorlds/Frames/tree_dark2_d_Sprite_1.uasset" 2795
"E:/Unreal Projects/Catender02/Content/PaperAssets/Buildings/Trees/SSWorlds/Frames/tree_dark2_d_Sprite_1.uexp" 2796
"E:/Unreal Projects/Catender02/Content/PaperAssets/Buildings/Trees/SSWorlds/Frames/tree_dark2_d_Sprite_2.uasset" 2797
"E:/Unreal Projects/Catender02/Content/PaperAssets/Buildings/Trees/SSWorlds/Frames/tree_dark2_d_Sprite_2.uexp" 2798
"E:/Unreal Projects/Catender02/Content/PaperAssets/Buildings/Trees/SSWorlds/Frames/tree_dark2_d_Sprite_3.uasset" 2799
"E:/Unreal Projects/Catender02/Content/PaperAssets/Buildings/Trees/SSWorlds/Frames/tree_dark2_d_Sprite_3.uexp" 2800
"E:/Unreal Projects/Catender02/Content/PaperAssets/Buildings/Trees/SSWorlds/Frames/tree_dark2_d_Sprite_4.uasset" 2801
"E:/Unreal Projects/Catender02/Content/PaperAssets/Buildings/Trees/SSWorlds/Frames/tree_dark2_d_Sprite_4.uexp" 2802
"E:/Unreal Projects/Catender02/Content/PaperAssets/Buildings/Trees/SSWorlds/Frames/tree_dark2_d_Sprite_5.uasset" 2803
"E:/Unreal Projects/Catender02/Content/PaperAssets/Buildings/Trees/SSWorlds/Frames/tree_dark2_d_Sprite_5.uexp" 2804
"E:/Unreal Projects/Catender02/Content/PaperAssets/Buildings/Trees/SSWorlds/Frames/tree_dark2_d_Sprite_6.uasset" 2805
"E:/Unreal Projects/Catender02/Content/PaperAssets/Buildings/Trees/SSWorlds/Frames/tree_dark2_d_Sprite_6.uexp" 2806
"E:/Unreal Projects/Catender02/Content/PaperAssets/Buildings/Trees/SSWorlds/Frames/tree_dark2_d_Sprite_7.uasset" 2807
"E:/Unreal Projects/Catender02/Content/PaperAssets/Buildings/Trees/SSWorlds/Frames/tree_dark2_d_Sprite_7.uexp" 2808
"E:/Unreal Projects/Catender02/Content/PaperAssets/Buildings/Trees/SSWorlds/Frames/tree_dark2_d_Sprite_8.uasset" 2809
"E:/Unreal Projects/Catender02/Content/PaperAssets/Buildings/Trees/SSWorlds/Frames/tree_dark2_d_Sprite_8.uexp" 2810
"E:/Unreal Projects/Catender02/Content/PaperAssets/Buildings/Trees/SSWorlds/Frames/tree_dark2_d_Sprite_9.uasset" 2811
"E:/Unreal Projects/Catender02/Content/PaperAssets/Buildings/Trees/SSWorlds/Frames/tree_dark2_d_Sprite_9.uexp" 2812
"E:/Unreal Projects/Catender02/Content/PaperAssets/Buildings/Trees/SSWorlds/Frames/tree_dark2_d_Sprite_10.uasset" 2813
"E:/Unreal Projects/Catender02/Content/PaperAssets/Buildings/Trees/SSWorlds/Frames/tree_dark2_d_Sprite_10.uexp" 2814
"E:/Unreal Projects/Catender02/Content/PaperAssets/Buildings/Trees/SSWorlds/Frames/tree_dark2_d_Sprite_11.uasset" 2815
"E:/Unreal Projects/Catender02/Content/PaperAssets/Buildings/Trees/SSWorlds/Frames/tree_dark2_d_Sprite_11.uexp" 2816
"E:/Unreal Projects/Catender02/Content/PaperAssets/Buildings/Trees/SSWorlds/tree_dark2_d1.uasset" 2817
"E:/Unreal Projects/Catender02/Content/PaperAssets/Buildings/Trees/SSWorlds/tree_dark2_d1.uexp" 2818
"E:/Unreal Projects/Catender02/Content/Blueprints/Buildings/Trees/BP_Tree_2.uasset" 2819
"E:/Unreal Projects/Catender02/Content/Blueprints/Buildings/Trees/BP_Tree_2.uexp" 2820
"E:/Unreal Projects/Catender02/Content/PaperAssets/Buildings/Trees/SSWorlds/Textures/tree_dark3_d.uasset" 2821
"E:/Unreal Projects/Catender02/Content/PaperAssets/Buildings/Trees/SSWorlds/Textures/tree_dark3_d.uexp" 2822
"E:/Unreal Projects/Catender02/Content/PaperAssets/Buildings/Trees/SSWorlds/Textures/tree_dark3_n.uasset" 2823
"E:/Unreal Projects/Catender02/Content/PaperAssets/Buildings/Trees/SSWorlds/Textures/tree_dark3_n.uexp" 2824
"E:/Unreal Projects/Catender02/Content/PaperAssets/Buildings/Trees/SSWorlds/Frames/tree_dark3_d_Sprite_0.uasset" 2825
"E:/Unreal Projects/Catender02/Content/PaperAssets/Buildings/Trees/SSWorlds/Frames/tree_dark3_d_Sprite_0.uexp" 2826
"E:/Unreal Projects/Catender02/Content/PaperAssets/Buildings/Trees/SSWorlds/Frames/tree_dark3_d_Sprite_1.uasset" 2827
"E:/Unreal Projects/Catender02/Content/PaperAssets/Buildings/Trees/SSWorlds/Frames/tree_dark3_d_Sprite_1.uexp" 2828
"E:/Unreal Projects/Catender02/Content/PaperAssets/Buildings/Trees/SSWorlds/Frames/tree_dark3_d_Sprite_2.uasset" 2829
"E:/Unreal Projects/Catender02/Content/PaperAssets/Buildings/Trees/SSWorlds/Frames/tree_dark3_d_Sprite_2.uexp" 2830
"E:/Unreal Projects/Catender02/Content/PaperAssets/Buildings/Trees/SSWorlds/Frames/tree_dark3_d_Sprite_3.uasset" 2831
"E:/Unreal Projects/Catender02/Content/PaperAssets/Buildings/Trees/SSWorlds/Frames/tree_dark3_d_Sprite_3.uexp" 2832
"E:/Unreal Projects/Catender02/Content/PaperAssets/Buildings/Trees/SSWorlds/Frames/tree_dark3_d_Sprite_4.uasset" 2833
"E:/Unreal Projects/Catender02/Content/PaperAssets/Buildings/Trees/SSWorlds/Frames/tree_dark3_d_Sprite_4.uexp" 2834
"E:/Unreal Projects/Catender02/Content/PaperAssets/Buildings/Trees/SSWorlds/Frames/tree_dark3_d_Sprite_5.uasset" 2835
"E:/Unreal Projects/Catender02/Content/PaperAssets/Buildings/Trees/SSWorlds/Frames/tree_dark3_d_Sprite_5.uexp" 2836
"E:/Unreal Projects/Catender02/Content/PaperAssets/Buildings/Trees/SSWorlds/Frames/tree_dark3_d_Sprite_6.uasset" 2837
"E:/Unreal Projects/Catender02/Content/PaperAssets/Buildings/Trees/SSWorlds/Frames/tree_dark3_d_Sprite_6.uexp" 2838
"E:/Unreal Projects/Catender02/Content/PaperAssets/Buildings/Trees/SSWorlds/Frames/tree_dark3_d_Sprite_7.uasset" 2839
"E:/Unreal Projects/Catender02/Content/PaperAssets/Buildings/Trees/SSWorlds/Frames/tree_dark3_d_Sprite_7.uexp" 2840
"E:/Unreal Projects/Catender02/Content/PaperAssets/Buildings/Trees/SSWorlds/Frames/tree_dark3_d_Sprite_8.uasset" 2841
"E:/Unreal Projects/Catender02/Content/PaperAssets/Buildings/Trees/SSWorlds/Frames/tree_dark3_d_Sprite_8.uexp" 2842
"E:/Unreal Projects/Catender02/Content/PaperAssets/Buildings/Trees/SSWorlds/Frames/tree_dark3_d_Sprite_9.uasset" 2843
"E:/Unreal Projects/Catender02/Content/PaperAssets/Buildings/Trees/SSWorlds/Frames/tree_dark3_d_Sprite_9.uexp" 2844
"E:/Unreal Projects/Catender02/Content/PaperAssets/Buildings/Trees/SSWorlds/Frames/tree_dark3_d_Sprite_10.uasset" 2845
"E:/Unreal Projects/Catender02/Content/PaperAssets/Buildings/Trees/SSWorlds/Frames/tree_dark3_d_Sprite_10.uexp" 2846
"E:/Unreal Projects/Catender02/Content/PaperAssets/Buildings/Trees/SSWorlds/Frames/tree_dark3_d_Sprite_11.uasset" 2847
"E:/Unreal Projects/Catender02/Content/PaperAssets/Buildings/Trees/SSWorlds/Frames/tree_dark3_d_Sprite_11.uexp" 2848
"E:/Unreal Projects/Catender02/Content/PaperAssets/Buildings/Trees/SSWorlds/tree_dark3_d1.uasset" 2849
"E:/Unreal Projects/Catender02/Content/PaperAssets/Buildings/Trees/SSWorlds/tree_dark3_d1.uexp" 2850
"E:/Unreal Projects/Catender02/Content/Blueprints/Buildings/Trees/BP_Tree_3.uasset" 2851
"E:/Unreal Projects/Catender02/Content/Blueprints/Buildings/Trees/BP_Tree_3.uexp" 2852
"E:/Unreal Projects/Catender02/Content/PaperAssets/Buildings/Trees/SSWorlds/Textures/tree_dark4_d.uasset" 2853
"E:/Unreal Projects/Catender02/Content/PaperAssets/Buildings/Trees/SSWorlds/Textures/tree_dark4_d.uexp" 2854
"E:/Unreal Projects/Catender02/Content/PaperAssets/Buildings/Trees/SSWorlds/Textures/tree_dark4_n.uasset" 2855
"E:/Unreal Projects/Catender02/Content/PaperAssets/Buildings/Trees/SSWorlds/Textures/tree_dark4_n.uexp" 2856
"E:/Unreal Projects/Catender02/Content/PaperAssets/Buildings/Trees/SSWorlds/Frames/tree_dark4_d_Sprite_0.uasset" 2857
"E:/Unreal Projects/Catender02/Content/PaperAssets/Buildings/Trees/SSWorlds/Frames/tree_dark4_d_Sprite_0.uexp" 2858
"E:/Unreal Projects/Catender02/Content/PaperAssets/Buildings/Trees/SSWorlds/Frames/tree_dark4_d_Sprite_1.uasset" 2859
"E:/Unreal Projects/Catender02/Content/PaperAssets/Buildings/Trees/SSWorlds/Frames/tree_dark4_d_Sprite_1.uexp" 2860
"E:/Unreal Projects/Catender02/Content/PaperAssets/Buildings/Trees/SSWorlds/Frames/tree_dark4_d_Sprite_2.uasset" 2861
"E:/Unreal Projects/Catender02/Content/PaperAssets/Buildings/Trees/SSWorlds/Frames/tree_dark4_d_Sprite_2.uexp" 2862
"E:/Unreal Projects/Catender02/Content/PaperAssets/Buildings/Trees/SSWorlds/Frames/tree_dark4_d_Sprite_3.uasset" 2863
"E:/Unreal Projects/Catender02/Content/PaperAssets/Buildings/Trees/SSWorlds/Frames/tree_dark4_d_Sprite_3.uexp" 2864
"E:/Unreal Projects/Catender02/Content/PaperAssets/Buildings/Trees/SSWorlds/Frames/tree_dark4_d_Sprite_4.uasset" 2865
"E:/Unreal Projects/Catender02/Content/PaperAssets/Buildings/Trees/SSWorlds/Frames/tree_dark4_d_Sprite_4.uexp" 2866
"E:/Unreal Projects/Catender02/Content/PaperAssets/Buildings/Trees/SSWorlds/Frames/tree_dark4_d_Sprite_5.uasset" 2867
"E:/Unreal Projects/Catender02/Content/PaperAssets/Buildings/Trees/SSWorlds/Frames/tree_dark4_d_Sprite_5.uexp" 2868
"E:/Unreal Projects/Catender02/Content/PaperAssets/Buildings/Trees/SSWorlds/Frames/tree_dark4_d_Sprite_6.uasset" 2869
"E:/Unreal Projects/Catender02/Content/PaperAssets/Buildings/Trees/SSWorlds/Frames/tree_dark4_d_Sprite_6.uexp" 2870
"E:/Unreal Projects/Catender02/Content/PaperAssets/Buildings/Trees/SSWorlds/Frames/tree_dark4_d_Sprite_7.uasset" 2871
"E:/Unreal Projects/Catender02/Content/PaperAssets/Buildings/Trees/SSWorlds/Frames/tree_dark4_d_Sprite_7.uexp" 2872
"E:/Unreal Projects/Catender02/Content/PaperAssets/Buildings/Trees/SSWorlds/Frames/tree_dark4_d_Sprite_8.uasset" 2873
"E:/Unreal Projects/Catender02/Content/PaperAssets/Buildings/Trees/SSWorlds/Frames/tree_dark4_d_Sprite_8.uexp" 2874
"E:/Unreal Projects/Catender02/Content/PaperAssets/Buildings/Trees/SSWorlds/Frames/tree_dark4_d_Sprite_9.uasset" 2875
"E:/Unreal Projects/Catender02/Content/PaperAssets/Buildings/Trees/SSWorlds/Frames/tree_dark4_d_Sprite_9.uexp" 2876
"E:/Unreal Projects/Catender02/Content/PaperAssets/Buildings/Trees/SSWorlds/Frames/tree_dark4_d_Sprite_10.uasset" 2877
"E:/Unreal Projects/Catender02/Content/PaperAssets/Buildings/Trees/SSWorlds/Frames/tree_dark4_d_Sprite_10.uexp" 2878
"E:/Unreal Projects/Catender02/Content/PaperAssets/Buildings/Trees/SSWorlds/Frames/tree_dark4_d_Sprite_11.uasset" 2879
"E:/Unreal Projects/Catender02/Content/PaperAssets/Buildings/Trees/SSWorlds/Frames/tree_dark4_d_Sprite_11.uexp" 2880
"E:/Unreal Projects/Catender02/Content/PaperAssets/Buildings/Trees/SSWorlds/tree_dark4_d1.uasset" 2881
"E:/Unreal Projects/Catender02/Content/PaperAssets/Buildings/Trees/SSWorlds/tree_dark4_d1.uexp" 2882
"E:/Unreal Projects/Catender02/Content/Blueprints/Buildings/Trees/BP_Tree_4.uasset" 2883
"E:/Unreal Projects/Catender02/Content/Blueprints/Buildings/Trees/BP_Tree_4.uexp" 2884
"E:/Unreal Projects/Catender02/Content/PaperAssets/Buildings/Trees/SSWorlds/Textures/tree_bright1_n.uasset" 2885
"E:/Unreal Projects/Catender02/Content/PaperAssets/Buildings/Trees/SSWorlds/Textures/tree_bright1_n.uexp" 2886
"E:/Unreal Projects/Catender02/Content/PaperAssets/Buildings/Trees/SSWorlds/Textures/tree_bright1_d.uasset" 2887
"E:/Unreal Projects/Catender02/Content/PaperAssets/Buildings/Trees/SSWorlds/Textures/tree_bright1_d.uexp" 2888
"E:/Unreal Projects/Catender02/Content/PaperAssets/Buildings/Trees/SSWorlds/Frames/tree_bright1_d_Sprite_0.uasset" 2889
"E:/Unreal Projects/Catender02/Content/PaperAssets/Buildings/Trees/SSWorlds/Frames/tree_bright1_d_Sprite_0.uexp" 2890
"E:/Unreal Projects/Catender02/Content/PaperAssets/Buildings/Trees/SSWorlds/Frames/tree_bright1_d_Sprite_1.uasset" 2891
"E:/Unreal Projects/Catender02/Content/PaperAssets/Buildings/Trees/SSWorlds/Frames/tree_bright1_d_Sprite_1.uexp" 2892
"E:/Unreal Projects/Catender02/Content/PaperAssets/Buildings/Trees/SSWorlds/Frames/tree_bright1_d_Sprite_2.uasset" 2893
"E:/Unreal Projects/Catender02/Content/PaperAssets/Buildings/Trees/SSWorlds/Frames/tree_bright1_d_Sprite_2.uexp" 2894
"E:/Unreal Projects/Catender02/Content/PaperAssets/Buildings/Trees/SSWorlds/Frames/tree_bright1_d_Sprite_3.uasset" 2895
"E:/Unreal Projects/Catender02/Content/PaperAssets/Buildings/Trees/SSWorlds/Frames/tree_bright1_d_Sprite_3.uexp" 2896
"E:/Unreal Projects/Catender02/Content/PaperAssets/Buildings/Trees/SSWorlds/Frames/tree_bright1_d_Sprite_4.uasset" 2897
"E:/Unreal Projects/Catender02/Content/PaperAssets/Buildings/Trees/SSWorlds/Frames/tree_bright1_d_Sprite_4.uexp" 2898
"E:/Unreal Projects/Catender02/Content/PaperAssets/Buildings/Trees/SSWorlds/Frames/tree_bright1_d_Sprite_5.uasset" 2899
"E:/Unreal Projects/Catender02/Content/PaperAssets/Buildings/Trees/SSWorlds/Frames/tree_bright1_d_Sprite_5.uexp" 2900
"E:/Unreal Projects/Catender02/Content/PaperAssets/Buildings/Trees/SSWorlds/Frames/tree_bright1_d_Sprite_6.uasset" 2901
"E:/Unreal Projects/Catender02/Content/PaperAssets/Buildings/Trees/SSWorlds/Frames/tree_bright1_d_Sprite_6.uexp" 2902
"E:/Unreal Projects/Catender02/Content/PaperAssets/Buildings/Trees/SSWorlds/Frames/tree_bright1_d_Sprite_7.uasset" 2903
"E:/Unreal Projects/Catender02/Content/PaperAssets/Buildings/Trees/SSWorlds/Frames/tree_bright1_d_Sprite_7.uexp" 2904
"E:/Unreal Projects/Catender02/Content/PaperAssets/Buildings/Trees/SSWorlds/Frames/tree_bright1_d_Sprite_8.uasset" 2905
"E:/Unreal Projects/Catender02/Content/PaperAssets/Buildings/Trees/SSWorlds/Frames/tree_bright1_d_Sprite_8.uexp" 2906
"E:/Unreal Projects/Catender02/Content/PaperAssets/Buildings/Trees/SSWorlds/Frames/tree_bright1_d_Sprite_9.uasset" 2907
"E:/Unreal Projects/Catender02/Content/PaperAssets/Buildings/Trees/SSWorlds/Frames/tree_bright1_d_Sprite_9.uexp" 2908
"E:/Unreal Projects/Catender02/Content/PaperAssets/Buildings/Trees/SSWorlds/Frames/tree_bright1_d_Sprite_10.uasset" 2909
"E:/Unreal Projects/Catender02/Content/PaperAssets/Buildings/Trees/SSWorlds/Frames/tree_bright1_d_Sprite_10.uexp" 2910
"E:/Unreal Projects/Catender02/Content/PaperAssets/Buildings/Trees/SSWorlds/Frames/tree_bright1_d_Sprite_11.uasset" 2911
"E:/Unreal Projects/Catender02/Content/PaperAssets/Buildings/Trees/SSWorlds/Frames/tree_bright1_d_Sprite_11.uexp" 2912
"E:/Unreal Projects/Catender02/Content/PaperAssets/Buildings/Trees/SSWorlds/tree_bright1_d1.uasset" 2913
"E:/Unreal Projects/Catender02/Content/PaperAssets/Buildings/Trees/SSWorlds/tree_bright1_d1.uexp" 2914
"E:/Unreal Projects/Catender02/Content/Blueprints/Buildings/Trees/BP_Tree_5.uasset" 2915
"E:/Unreal Projects/Catender02/Content/Blueprints/Buildings/Trees/BP_Tree_5.uexp" 2916
"E:/Unreal Projects/Catender02/Content/PaperAssets/Buildings/Trees/SSWorlds/Textures/tree_bright2_n.uasset" 2917
"E:/Unreal Projects/Catender02/Content/PaperAssets/Buildings/Trees/SSWorlds/Textures/tree_bright2_n.uexp" 2918
"E:/Unreal Projects/Catender02/Content/PaperAssets/Buildings/Trees/SSWorlds/Textures/tree_bright2_d.uasset" 2919
"E:/Unreal Projects/Catender02/Content/PaperAssets/Buildings/Trees/SSWorlds/Textures/tree_bright2_d.uexp" 2920
"E:/Unreal Projects/Catender02/Content/PaperAssets/Buildings/Trees/SSWorlds/Frames/tree_bright2_d_Sprite_0.uasset" 2921
"E:/Unreal Projects/Catender02/Content/PaperAssets/Buildings/Trees/SSWorlds/Frames/tree_bright2_d_Sprite_0.uexp" 2922
"E:/Unreal Projects/Catender02/Content/PaperAssets/Buildings/Trees/SSWorlds/Frames/tree_bright2_d_Sprite_1.uasset" 2923
"E:/Unreal Projects/Catender02/Content/PaperAssets/Buildings/Trees/SSWorlds/Frames/tree_bright2_d_Sprite_1.uexp" 2924
"E:/Unreal Projects/Catender02/Content/PaperAssets/Buildings/Trees/SSWorlds/Frames/tree_bright2_d_Sprite_2.uasset" 2925
"E:/Unreal Projects/Catender02/Content/PaperAssets/Buildings/Trees/SSWorlds/Frames/tree_bright2_d_Sprite_2.uexp" 2926
"E:/Unreal Projects/Catender02/Content/PaperAssets/Buildings/Trees/SSWorlds/Frames/tree_bright2_d_Sprite_3.uasset" 2927
"E:/Unreal Projects/Catender02/Content/PaperAssets/Buildings/Trees/SSWorlds/Frames/tree_bright2_d_Sprite_3.uexp" 2928
"E:/Unreal Projects/Catender02/Content/PaperAssets/Buildings/Trees/SSWorlds/Frames/tree_bright2_d_Sprite_4.uasset" 2929
"E:/Unreal Projects/Catender02/Content/PaperAssets/Buildings/Trees/SSWorlds/Frames/tree_bright2_d_Sprite_4.uexp" 2930
"E:/Unreal Projects/Catender02/Content/PaperAssets/Buildings/Trees/SSWorlds/Frames/tree_bright2_d_Sprite_5.uasset" 2931
"E:/Unreal Projects/Catender02/Content/PaperAssets/Buildings/Trees/SSWorlds/Frames/tree_bright2_d_Sprite_5.uexp" 2932
"E:/Unreal Projects/Catender02/Content/PaperAssets/Buildings/Trees/SSWorlds/Frames/tree_bright2_d_Sprite_6.uasset" 2933
"E:/Unreal Projects/Catender02/Content/PaperAssets/Buildings/Trees/SSWorlds/Frames/tree_bright2_d_Sprite_6.uexp" 2934
"E:/Unreal Projects/Catender02/Content/PaperAssets/Buildings/Trees/SSWorlds/Frames/tree_bright2_d_Sprite_7.uasset" 2935
"E:/Unreal Projects/Catender02/Content/PaperAssets/Buildings/Trees/SSWorlds/Frames/tree_bright2_d_Sprite_7.uexp" 2936
"E:/Unreal Projects/Catender02/Content/PaperAssets/Buildings/Trees/SSWorlds/Frames/tree_bright2_d_Sprite_8.uasset" 2937
"E:/Unreal Projects/Catender02/Content/PaperAssets/Buildings/Trees/SSWorlds/Frames/tree_bright2_d_Sprite_8.uexp" 2938
"E:/Unreal Projects/Catender02/Content/PaperAssets/Buildings/Trees/SSWorlds/Frames/tree_bright2_d_Sprite_9.uasset" 2939
"E:/Unreal Projects/Catender02/Content/PaperAssets/Buildings/Trees/SSWorlds/Frames/tree_bright2_d_Sprite_9.uexp" 2940
"E:/Unreal Projects/Catender02/Content/PaperAssets/Buildings/Trees/SSWorlds/Frames/tree_bright2_d_Sprite_10.uasset" 2941
"E:/Unreal Projects/Catender02/Content/PaperAssets/Buildings/Trees/SSWorlds/Frames/tree_bright2_d_Sprite_10.uexp" 2942
"E:/Unreal Projects/Catender02/Content/PaperAssets/Buildings/Trees/SSWorlds/Frames/tree_bright2_d_Sprite_11.uasset" 2943
"E:/Unreal Projects/Catender02/Content/PaperAssets/Buildings/Trees/SSWorlds/Frames/tree_bright2_d_Sprite_11.uexp" 2944
"E:/Unreal Projects/Catender02/Content/PaperAssets/Buildings/Trees/SSWorlds/tree_bright2_d1.uasset" 2945
"E:/Unreal Projects/Catender02/Content/PaperAssets/Buildings/Trees/SSWorlds/tree_bright2_d1.uexp" 2946
"E:/Unreal Projects/Catender02/Content/Blueprints/Buildings/Trees/BP_Tree_6.uasset" 2947
"E:/Unreal Projects/Catender02/Content/Blueprints/Buildings/Trees/BP_Tree_6.uexp" 2948
"E:/Unreal Projects/Catender02/Content/PaperAssets/Buildings/Trees/SSWorlds/Textures/tree_bright3_n.uasset" 2949
"E:/Unreal Projects/Catender02/Content/PaperAssets/Buildings/Trees/SSWorlds/Textures/tree_bright3_n.uexp" 2950
"E:/Unreal Projects/Catender02/Content/PaperAssets/Buildings/Trees/SSWorlds/Textures/tree_bright3_d.uasset" 2951
"E:/Unreal Projects/Catender02/Content/PaperAssets/Buildings/Trees/SSWorlds/Textures/tree_bright3_d.uexp" 2952
"E:/Unreal Projects/Catender02/Content/PaperAssets/Buildings/Trees/SSWorlds/Frames/tree_bright3_d_Sprite_0.uasset" 2953
"E:/Unreal Projects/Catender02/Content/PaperAssets/Buildings/Trees/SSWorlds/Frames/tree_bright3_d_Sprite_0.uexp" 2954
"E:/Unreal Projects/Catender02/Content/PaperAssets/Buildings/Trees/SSWorlds/Frames/tree_bright3_d_Sprite_1.uasset" 2955
"E:/Unreal Projects/Catender02/Content/PaperAssets/Buildings/Trees/SSWorlds/Frames/tree_bright3_d_Sprite_1.uexp" 2956
"E:/Unreal Projects/Catender02/Content/PaperAssets/Buildings/Trees/SSWorlds/Frames/tree_bright3_d_Sprite_2.uasset" 2957
"E:/Unreal Projects/Catender02/Content/PaperAssets/Buildings/Trees/SSWorlds/Frames/tree_bright3_d_Sprite_2.uexp" 2958
"E:/Unreal Projects/Catender02/Content/PaperAssets/Buildings/Trees/SSWorlds/Frames/tree_bright3_d_Sprite_3.uasset" 2959
"E:/Unreal Projects/Catender02/Content/PaperAssets/Buildings/Trees/SSWorlds/Frames/tree_bright3_d_Sprite_3.uexp" 2960
"E:/Unreal Projects/Catender02/Content/PaperAssets/Buildings/Trees/SSWorlds/Frames/tree_bright3_d_Sprite_4.uasset" 2961
"E:/Unreal Projects/Catender02/Content/PaperAssets/Buildings/Trees/SSWorlds/Frames/tree_bright3_d_Sprite_4.uexp" 2962
"E:/Unreal Projects/Catender02/Content/PaperAssets/Buildings/Trees/SSWorlds/Frames/tree_bright3_d_Sprite_5.uasset" 2963
"E:/Unreal Projects/Catender02/Content/PaperAssets/Buildings/Trees/SSWorlds/Frames/tree_bright3_d_Sprite_5.uexp" 2964
"E:/Unreal Projects/Catender02/Content/PaperAssets/Buildings/Trees/SSWorlds/Frames/tree_bright3_d_Sprite_6.uasset" 2965
"E:/Unreal Projects/Catender02/Content/PaperAssets/Buildings/Trees/SSWorlds/Frames/tree_bright3_d_Sprite_6.uexp" 2966
"E:/Unreal Projects/Catender02/Content/PaperAssets/Buildings/Trees/SSWorlds/Frames/tree_bright3_d_Sprite_7.uasset" 2967
"E:/Unreal Projects/Catender02/Content/PaperAssets/Buildings/Trees/SSWorlds/Frames/tree_bright3_d_Sprite_7.uexp" 2968
"E:/Unreal Projects/Catender02/Content/PaperAssets/Buildings/Trees/SSWorlds/Frames/tree_bright3_d_Sprite_8.uasset" 2969
"E:/Unreal Projects/Catender02/Content/PaperAssets/Buildings/Trees/SSWorlds/Frames/tree_bright3_d_Sprite_8.uexp" 2970
"E:/Unreal Projects/Catender02/Content/PaperAssets/Buildings/Trees/SSWorlds/Frames/tree_bright3_d_Sprite_9.uasset" 2971
"E:/Unreal Projects/Catender02/Content/PaperAssets/Buildings/Trees/SSWorlds/Frames/tree_bright3_d_Sprite_9.uexp" 2972
"E:/Unreal Projects/Catender02/Content/PaperAssets/Buildings/Trees/SSWorlds/Frames/tree_bright3_d_Sprite_10.uasset" 2973
"E:/Unreal Projects/Catender02/Content/PaperAssets/Buildings/Trees/SSWorlds/Frames/tree_bright3_d_Sprite_10.uexp" 2974
"E:/Unreal Projects/Catender02/Content/PaperAssets/Buildings/Trees/SSWorlds/Frames/tree_bright3_d_Sprite_11.uasset" 2975
"E:/Unreal Projects/Catender02/Content/PaperAssets/Buildings/Trees/SSWorlds/Frames/tree_bright3_d_Sprite_11.uexp" 2976
"E:/Unreal Projects/Catender02/Content/PaperAssets/Buildings/Trees/SSWorlds/tree_bright3_d1.uasset" 2977
"E:/Unreal Projects/Catender02/Content/PaperAssets/Buildings/Trees/SSWorlds/tree_bright3_d1.uexp" 2978
"E:/Unreal Projects/Catender02/Content/Blueprints/Buildings/Trees/BP_Tree_7.uasset" 2979
"E:/Unreal Projects/Catender02/Content/Blueprints/Buildings/Trees/BP_Tree_7.uexp" 2980
"E:/Unreal Projects/Catender02/Content/PaperAssets/Buildings/Trees/SSWorlds/Textures/tree_bright4_d.uasset" 2981
"E:/Unreal Projects/Catender02/Content/PaperAssets/Buildings/Trees/SSWorlds/Textures/tree_bright4_d.uexp" 2982
"E:/Unreal Projects/Catender02/Content/PaperAssets/Buildings/Trees/SSWorlds/Textures/tree_bright4_n.uasset" 2983
"E:/Unreal Projects/Catender02/Content/PaperAssets/Buildings/Trees/SSWorlds/Textures/tree_bright4_n.uexp" 2984
"E:/Unreal Projects/Catender02/Content/PaperAssets/Buildings/Trees/SSWorlds/Frames/tree_bright4_d_Sprite_0.uasset" 2985
"E:/Unreal Projects/Catender02/Content/PaperAssets/Buildings/Trees/SSWorlds/Frames/tree_bright4_d_Sprite_0.uexp" 2986
"E:/Unreal Projects/Catender02/Content/PaperAssets/Buildings/Trees/SSWorlds/Frames/tree_bright4_d_Sprite_1.uasset" 2987
"E:/Unreal Projects/Catender02/Content/PaperAssets/Buildings/Trees/SSWorlds/Frames/tree_bright4_d_Sprite_1.uexp" 2988
"E:/Unreal Projects/Catender02/Content/PaperAssets/Buildings/Trees/SSWorlds/Frames/tree_bright4_d_Sprite_2.uasset" 2989
"E:/Unreal Projects/Catender02/Content/PaperAssets/Buildings/Trees/SSWorlds/Frames/tree_bright4_d_Sprite_2.uexp" 2990
"E:/Unreal Projects/Catender02/Content/PaperAssets/Buildings/Trees/SSWorlds/Frames/tree_bright4_d_Sprite_3.uasset" 2991
"E:/Unreal Projects/Catender02/Content/PaperAssets/Buildings/Trees/SSWorlds/Frames/tree_bright4_d_Sprite_3.uexp" 2992
"E:/Unreal Projects/Catender02/Content/PaperAssets/Buildings/Trees/SSWorlds/Frames/tree_bright4_d_Sprite_4.uasset" 2993
"E:/Unreal Projects/Catender02/Content/PaperAssets/Buildings/Trees/SSWorlds/Frames/tree_bright4_d_Sprite_4.uexp" 2994
"E:/Unreal Projects/Catender02/Content/PaperAssets/Buildings/Trees/SSWorlds/Frames/tree_bright4_d_Sprite_5.uasset" 2995
"E:/Unreal Projects/Catender02/Content/PaperAssets/Buildings/Trees/SSWorlds/Frames/tree_bright4_d_Sprite_5.uexp" 2996
"E:/Unreal Projects/Catender02/Content/PaperAssets/Buildings/Trees/SSWorlds/Frames/tree_bright4_d_Sprite_6.uasset" 2997
"E:/Unreal Projects/Catender02/Content/PaperAssets/Buildings/Trees/SSWorlds/Frames/tree_bright4_d_Sprite_6.uexp" 2998
"E:/Unreal Projects/Catender02/Content/PaperAssets/Buildings/Trees/SSWorlds/Frames/tree_bright4_d_Sprite_7.uasset" 2999
"E:/Unreal Projects/Catender02/Content/PaperAssets/Buildings/Trees/SSWorlds/Frames/tree_bright4_d_Sprite_7.uexp" 3000
"E:/Unreal Projects/Catender02/Content/PaperAssets/Buildings/Trees/SSWorlds/Frames/tree_bright4_d_Sprite_8.uasset" 3001
"E:/Unreal Projects/Catender02/Content/PaperAssets/Buildings/Trees/SSWorlds/Frames/tree_bright4_d_Sprite_8.uexp" 3002
"E:/Unreal Projects/Catender02/Content/PaperAssets/Buildings/Trees/SSWorlds/Frames/tree_bright4_d_Sprite_9.uasset" 3003
"E:/Unreal Projects/Catender02/Content/PaperAssets/Buildings/Trees/SSWorlds/Frames/tree_bright4_d_Sprite_9.uexp" 3004
"E:/Unreal Projects/Catender02/Content/PaperAssets/Buildings/Trees/SSWorlds/Frames/tree_bright4_d_Sprite_10.uasset" 3005
"E:/Unreal Projects/Catender02/Content/PaperAssets/Buildings/Trees/SSWorlds/Frames/tree_bright4_d_Sprite_10.uexp" 3006
"E:/Unreal Projects/Catender02/Content/PaperAssets/Buildings/Trees/SSWorlds/Frames/tree_bright4_d_Sprite_11.uasset" 3007
"E:/Unreal Projects/Catender02/Content/PaperAssets/Buildings/Trees/SSWorlds/Frames/tree_bright4_d_Sprite_11.uexp" 3008
"E:/Unreal Projects/Catender02/Content/PaperAssets/Buildings/Trees/SSWorlds/tree_bright4_d1.uasset" 3009
"E:/Unreal Projects/Catender02/Content/PaperAssets/Buildings/Trees/SSWorlds/tree_bright4_d1.uexp" 3010
"E:/Unreal Projects/Catender02/Content/Blueprints/Buildings/Trees/BP_Tree_8.uasset" 3011
"E:/Unreal Projects/Catender02/Content/Blueprints/Buildings/Trees/BP_Tree_8.uexp" 3012
"E:/Unreal Projects/Catender02/Content/PaperAssets/Decoration/Frames/Bone2_D.uasset" 3013
"E:/Unreal Projects/Catender02/Content/PaperAssets/Decoration/Frames/Bone2_D.uexp" 3014
"E:/Unreal Projects/Catender02/Content/PaperAssets/Decoration/Frames/Bone2_N.uasset" 3015
"E:/Unreal Projects/Catender02/Content/PaperAssets/Decoration/Frames/Bone2_N.uexp" 3016
"E:/Unreal Projects/Catender02/Content/PaperAssets/Decoration/Frames/Bone2_D_Sprite.uasset" 3017
"E:/Unreal Projects/Catender02/Content/PaperAssets/Decoration/Frames/Bone2_D_Sprite.uexp" 3018
"E:/Unreal Projects/Catender02/Content/PaperAssets/Decoration/Bone1.uasset" 3019
"E:/Unreal Projects/Catender02/Content/PaperAssets/Decoration/Bone1.uexp" 3020
"E:/Unreal Projects/Catender02/Content/Blueprints/Decoration/BP_Bone.uasset" 3021
"E:/Unreal Projects/Catender02/Content/Blueprints/Decoration/BP_Bone.uexp" 3022
"E:/Unreal Projects/Catender02/Content/PaperAssets/Decoration/Frames/Leaf1_N.uasset" 3023
"E:/Unreal Projects/Catender02/Content/PaperAssets/Decoration/Frames/Leaf1_N.uexp" 3024
"E:/Unreal Projects/Catender02/Content/PaperAssets/Decoration/Frames/Leaf1_D.uasset" 3025
"E:/Unreal Projects/Catender02/Content/PaperAssets/Decoration/Frames/Leaf1_D.uexp" 3026
"E:/Unreal Projects/Catender02/Content/PaperAssets/Decoration/Frames/Leaf1_D_Sprite.uasset" 3027
"E:/Unreal Projects/Catender02/Content/PaperAssets/Decoration/Frames/Leaf1_D_Sprite.uexp" 3028
"E:/Unreal Projects/Catender02/Content/PaperAssets/Decoration/Leaf.uasset" 3029
"E:/Unreal Projects/Catender02/Content/PaperAssets/Decoration/Leaf.uexp" 3030
"E:/Unreal Projects/Catender02/Content/Blueprints/Decoration/BP_Leaf1.uasset" 3031
"E:/Unreal Projects/Catender02/Content/Blueprints/Decoration/BP_Leaf1.uexp" 3032
"E:/Unreal Projects/Catender02/Content/PaperAssets/Buildings/NursingHome/NursingHome_d.uasset" 3033
"E:/Unreal Projects/Catender02/Content/PaperAssets/Buildings/NursingHome/NursingHome_d.uexp" 3034
"E:/Unreal Projects/Catender02/Content/PaperAssets/Buildings/NursingHome/NursingHome_n.uasset" 3035
"E:/Unreal Projects/Catender02/Content/PaperAssets/Buildings/NursingHome/NursingHome_n.uexp" 3036
"E:/Unreal Projects/Catender02/Content/PaperAssets/Buildings/NursingHome/NursingHome_Sprite.uasset" 3037
"E:/Unreal Projects/Catender02/Content/PaperAssets/Buildings/NursingHome/NursingHome_Sprite.uexp" 3038
"E:/Unreal Projects/Catender02/Content/PaperAssets/Buildings/NursingHome/NursingHome_Finished.uasset" 3039
"E:/Unreal Projects/Catender02/Content/PaperAssets/Buildings/NursingHome/NursingHome_Finished.uexp" 3040
"E:/Unreal Projects/Catender02/Content/SFX/Kitten/Recruited.ubulk" 3041
"E:/Unreal Projects/Catender02/Content/SFX/Kitten/Recruited.uasset" 3042
"E:/Unreal Projects/Catender02/Content/SFX/Kitten/Recruited.uexp" 3043
"E:/Unreal Projects/Catender02/Content/SFX/Kitten/Kitten_Recruited_Cue.uasset" 3044
"E:/Unreal Projects/Catender02/Content/SFX/Kitten/Kitten_Recruited_Cue.uexp" 3045
"E:/Unreal Projects/Catender02/Content/Blueprints/Buildings/NursingHome/BP_NursingHome.uasset" 3046
"E:/Unreal Projects/Catender02/Content/Blueprints/Buildings/NursingHome/BP_NursingHome.uexp" 3047
"E:/Unreal Projects/Catender02/Content/PaperAssets/Decoration/Frames/Sign_D.ubulk" 3048
"E:/Unreal Projects/Catender02/Content/PaperAssets/Decoration/Frames/Sign_D.uasset" 3049
"E:/Unreal Projects/Catender02/Content/PaperAssets/Decoration/Frames/Sign_D.uexp" 3050
"E:/Unreal Projects/Catender02/Content/PaperAssets/Decoration/Frames/Sign_N.ubulk" 3051
"E:/Unreal Projects/Catender02/Content/PaperAssets/Decoration/Frames/Sign_N.uasset" 3052
"E:/Unreal Projects/Catender02/Content/PaperAssets/Decoration/Frames/Sign_N.uexp" 3053
"E:/Unreal Projects/Catender02/Content/PaperAssets/Decoration/Frames/Sign_D_Sprite.uasset" 3054
"E:/Unreal Projects/Catender02/Content/PaperAssets/Decoration/Frames/Sign_D_Sprite.uexp" 3055
"E:/Unreal Projects/Catender02/Content/PaperAssets/Decoration/Sign_D_Flipbook.uasset" 3056
"E:/Unreal Projects/Catender02/Content/PaperAssets/Decoration/Sign_D_Flipbook.uexp" 3057
"E:/Unreal Projects/Catender02/Content/Blueprints/Decoration/BP_Sign1.uasset" 3058
"E:/Unreal Projects/Catender02/Content/Blueprints/Decoration/BP_Sign1.uexp" 3059
"E:/Unreal Projects/Catender02/Content/Blueprints/Props/BP_BuildingActivationBox.uasset" 3060
"E:/Unreal Projects/Catender02/Content/Blueprints/Props/BP_BuildingActivationBox.uexp" 3061
"E:/Unreal Projects/Catender02/Content/PaperAssets/Wildlife/Rabbit/Textures/Idle_Blink.uasset" 3062
"E:/Unreal Projects/Catender02/Content/PaperAssets/Wildlife/Rabbit/Textures/Idle_Blink.uexp" 3063
"E:/Unreal Projects/Catender02/Content/PaperAssets/Wildlife/Rabbit/Frames/Idle_Blink_Sprite_0.uasset" 3064
"E:/Unreal Projects/Catender02/Content/PaperAssets/Wildlife/Rabbit/Frames/Idle_Blink_Sprite_0.uexp" 3065
"E:/Unreal Projects/Catender02/Content/PaperAssets/Wildlife/Rabbit/Frames/Idle_Blink_Sprite_1.uasset" 3066
"E:/Unreal Projects/Catender02/Content/PaperAssets/Wildlife/Rabbit/Frames/Idle_Blink_Sprite_1.uexp" 3067
"E:/Unreal Projects/Catender02/Content/PaperAssets/Wildlife/Rabbit/Rabbit_Idle_Blink.uasset" 3068
"E:/Unreal Projects/Catender02/Content/PaperAssets/Wildlife/Rabbit/Rabbit_Idle_Blink.uexp" 3069
"E:/Unreal Projects/Catender02/Content/Animation/Wildlife/Rabbit/AnimSequences/Idle.uasset" 3070
"E:/Unreal Projects/Catender02/Content/Animation/Wildlife/Rabbit/AnimSequences/Idle.uexp" 3071
"E:/Unreal Projects/Catender02/Content/PaperAssets/Wildlife/Rabbit/Textures/walking.ubulk" 3072
"E:/Unreal Projects/Catender02/Content/PaperAssets/Wildlife/Rabbit/Textures/walking.uasset" 3073
"E:/Unreal Projects/Catender02/Content/PaperAssets/Wildlife/Rabbit/Textures/walking.uexp" 3074
"E:/Unreal Projects/Catender02/Content/PaperAssets/Wildlife/Rabbit/Frames/walking_Sprite_0.uasset" 3075
"E:/Unreal Projects/Catender02/Content/PaperAssets/Wildlife/Rabbit/Frames/walking_Sprite_0.uexp" 3076
"E:/Unreal Projects/Catender02/Content/PaperAssets/Wildlife/Rabbit/Frames/walking_Sprite_1.uasset" 3077
"E:/Unreal Projects/Catender02/Content/PaperAssets/Wildlife/Rabbit/Frames/walking_Sprite_1.uexp" 3078
"E:/Unreal Projects/Catender02/Content/PaperAssets/Wildlife/Rabbit/Frames/walking_Sprite_2.uasset" 3079
"E:/Unreal Projects/Catender02/Content/PaperAssets/Wildlife/Rabbit/Frames/walking_Sprite_2.uexp" 3080
"E:/Unreal Projects/Catender02/Content/PaperAssets/Wildlife/Rabbit/Frames/walking_Sprite_3.uasset" 3081
"E:/Unreal Projects/Catender02/Content/PaperAssets/Wildlife/Rabbit/Frames/walking_Sprite_3.uexp" 3082
"E:/Unreal Projects/Catender02/Content/PaperAssets/Wildlife/Rabbit/Frames/walking_Sprite_4.uasset" 3083
"E:/Unreal Projects/Catender02/Content/PaperAssets/Wildlife/Rabbit/Frames/walking_Sprite_4.uexp" 3084
"E:/Unreal Projects/Catender02/Content/PaperAssets/Wildlife/Rabbit/Frames/walking_Sprite_5.uasset" 3085
"E:/Unreal Projects/Catender02/Content/PaperAssets/Wildlife/Rabbit/Frames/walking_Sprite_5.uexp" 3086
"E:/Unreal Projects/Catender02/Content/PaperAssets/Wildlife/Rabbit/Frames/walking_Sprite_6.uasset" 3087
"E:/Unreal Projects/Catender02/Content/PaperAssets/Wildlife/Rabbit/Frames/walking_Sprite_6.uexp" 3088
"E:/Unreal Projects/Catender02/Content/PaperAssets/Wildlife/Rabbit/Frames/walking_Sprite_7.uasset" 3089
"E:/Unreal Projects/Catender02/Content/PaperAssets/Wildlife/Rabbit/Frames/walking_Sprite_7.uexp" 3090
"E:/Unreal Projects/Catender02/Content/PaperAssets/Wildlife/Rabbit/Rabbit_Walking.uasset" 3091
"E:/Unreal Projects/Catender02/Content/PaperAssets/Wildlife/Rabbit/Rabbit_Walking.uexp" 3092
"E:/Unreal Projects/Catender02/Content/Animation/Wildlife/Rabbit/AnimSequences/Walk.uasset" 3093
"E:/Unreal Projects/Catender02/Content/Animation/Wildlife/Rabbit/AnimSequences/Walk.uexp" 3094
"E:/Unreal Projects/Catender02/Content/PaperAssets/Wildlife/Rabbit/Textures/Sleep_Intro.uasset" 3095
"E:/Unreal Projects/Catender02/Content/PaperAssets/Wildlife/Rabbit/Textures/Sleep_Intro.uexp" 3096
"E:/Unreal Projects/Catender02/Content/PaperAssets/Wildlife/Rabbit/Frames/Sleep_Intro_Sprite_0.uasset" 3097
"E:/Unreal Projects/Catender02/Content/PaperAssets/Wildlife/Rabbit/Frames/Sleep_Intro_Sprite_0.uexp" 3098
"E:/Unreal Projects/Catender02/Content/PaperAssets/Wildlife/Rabbit/Frames/Sleep_Intro_Sprite_1.uasset" 3099
"E:/Unreal Projects/Catender02/Content/PaperAssets/Wildlife/Rabbit/Frames/Sleep_Intro_Sprite_1.uexp" 3100
"E:/Unreal Projects/Catender02/Content/PaperAssets/Wildlife/Rabbit/Frames/Sleep_Intro_Sprite_2.uasset" 3101
"E:/Unreal Projects/Catender02/Content/PaperAssets/Wildlife/Rabbit/Frames/Sleep_Intro_Sprite_2.uexp" 3102
"E:/Unreal Projects/Catender02/Content/PaperAssets/Wildlife/Rabbit/Rabbit_Sleep_Intro.uasset" 3103
"E:/Unreal Projects/Catender02/Content/PaperAssets/Wildlife/Rabbit/Rabbit_Sleep_Intro.uexp" 3104
"E:/Unreal Projects/Catender02/Content/Animation/Wildlife/Rabbit/AnimSequences/SleepIntro.uasset" 3105
"E:/Unreal Projects/Catender02/Content/Animation/Wildlife/Rabbit/AnimSequences/SleepIntro.uexp" 3106
"E:/Unreal Projects/Catender02/Content/PaperAssets/Wildlife/Rabbit/Textures/Sleeping.uasset" 3107
"E:/Unreal Projects/Catender02/Content/PaperAssets/Wildlife/Rabbit/Textures/Sleeping.uexp" 3108
"E:/Unreal Projects/Catender02/Content/PaperAssets/Wildlife/Rabbit/Frames/Sleeping_Sprite_0.uasset" 3109
"E:/Unreal Projects/Catender02/Content/PaperAssets/Wildlife/Rabbit/Frames/Sleeping_Sprite_0.uexp" 3110
"E:/Unreal Projects/Catender02/Content/PaperAssets/Wildlife/Rabbit/Frames/Sleeping_Sprite_1.uasset" 3111
"E:/Unreal Projects/Catender02/Content/PaperAssets/Wildlife/Rabbit/Frames/Sleeping_Sprite_1.uexp" 3112
"E:/Unreal Projects/Catender02/Content/PaperAssets/Wildlife/Rabbit/Frames/Sleeping_Sprite_2.uasset" 3113
"E:/Unreal Projects/Catender02/Content/PaperAssets/Wildlife/Rabbit/Frames/Sleeping_Sprite_2.uexp" 3114
"E:/Unreal Projects/Catender02/Content/PaperAssets/Wildlife/Rabbit/Frames/Sleeping_Sprite_3.uasset" 3115
"E:/Unreal Projects/Catender02/Content/PaperAssets/Wildlife/Rabbit/Frames/Sleeping_Sprite_3.uexp" 3116
"E:/Unreal Projects/Catender02/Content/PaperAssets/Wildlife/Rabbit/Frames/Sleeping_Sprite_4.uasset" 3117
"E:/Unreal Projects/Catender02/Content/PaperAssets/Wildlife/Rabbit/Frames/Sleeping_Sprite_4.uexp" 3118
"E:/Unreal Projects/Catender02/Content/PaperAssets/Wildlife/Rabbit/Frames/Sleeping_Sprite_5.uasset" 3119
"E:/Unreal Projects/Catender02/Content/PaperAssets/Wildlife/Rabbit/Frames/Sleeping_Sprite_5.uexp" 3120
"E:/Unreal Projects/Catender02/Content/PaperAssets/Wildlife/Rabbit/Frames/Sleeping_Sprite_6.uasset" 3121
"E:/Unreal Projects/Catender02/Content/PaperAssets/Wildlife/Rabbit/Frames/Sleeping_Sprite_6.uexp" 3122
"E:/Unreal Projects/Catender02/Content/PaperAssets/Wildlife/Rabbit/Frames/Sleeping_Sprite_7.uasset" 3123
"E:/Unreal Projects/Catender02/Content/PaperAssets/Wildlife/Rabbit/Frames/Sleeping_Sprite_7.uexp" 3124
"E:/Unreal Projects/Catender02/Content/PaperAssets/Wildlife/Rabbit/Frames/Sleeping_Sprite_8.uasset" 3125
"E:/Unreal Projects/Catender02/Content/PaperAssets/Wildlife/Rabbit/Frames/Sleeping_Sprite_8.uexp" 3126
"E:/Unreal Projects/Catender02/Content/PaperAssets/Wildlife/Rabbit/Rabbit_Sleeping.uasset" 3127
"E:/Unreal Projects/Catender02/Content/PaperAssets/Wildlife/Rabbit/Rabbit_Sleeping.uexp" 3128
"E:/Unreal Projects/Catender02/Content/Animation/Wildlife/Rabbit/AnimSequences/Sleeping.uasset" 3129
"E:/Unreal Projects/Catender02/Content/Animation/Wildlife/Rabbit/AnimSequences/Sleeping.uexp" 3130
"E:/Unreal Projects/Catender02/Content/Animation/Wildlife/Rabbit/ABP_Rabbit.uasset" 3131
"E:/Unreal Projects/Catender02/Content/Animation/Wildlife/Rabbit/ABP_Rabbit.uexp" 3132
"E:/Unreal Projects/Catender02/Content/Blueprints/Character/Wildlife/Rabbit/BP_Rabbit.uasset" 3133
"E:/Unreal Projects/Catender02/Content/Blueprints/Character/Wildlife/Rabbit/BP_Rabbit.uexp" 3134
"E:/Unreal Projects/Catender02/Content/PaperAssets/Decoration/Frames/fence_1.uasset" 3135
"E:/Unreal Projects/Catender02/Content/PaperAssets/Decoration/Frames/fence_1.uexp" 3136
"E:/Unreal Projects/Catender02/Content/PaperAssets/Decoration/Frames/fence_1_Normal.uasset" 3137
"E:/Unreal Projects/Catender02/Content/PaperAssets/Decoration/Frames/fence_1_Normal.uexp" 3138
"E:/Unreal Projects/Catender02/Content/PaperAssets/Decoration/Frames/fence_1_Sprite.uasset" 3139
"E:/Unreal Projects/Catender02/Content/PaperAssets/Decoration/Frames/fence_1_Sprite.uexp" 3140
"E:/Unreal Projects/Catender02/Content/PaperAssets/Decoration/fence.uasset" 3141
"E:/Unreal Projects/Catender02/Content/PaperAssets/Decoration/fence.uexp" 3142
"E:/Unreal Projects/Catender02/Content/Blueprints/Decoration/BP_Fence1.uasset" 3143
"E:/Unreal Projects/Catender02/Content/Blueprints/Decoration/BP_Fence1.uexp" 3144
"E:/Unreal Projects/Catender02/Content/PaperAssets/Tiles/MainLevBuild.uasset" 3145
"E:/Unreal Projects/Catender02/Content/PaperAssets/Tiles/MainLevBuild.uexp" 3146
"E:/Unreal Projects/Catender02/Content/PaperAssets/Tiles/MainLevBuild_TileSet.uasset" 3147
"E:/Unreal Projects/Catender02/Content/PaperAssets/Tiles/MainLevBuild_TileSet.uexp" 3148
"E:/Unreal Projects/Catender02/Content/PaperAssets/Tiles/Textures/oak_woods_tileset.uasset" 3149
"E:/Unreal Projects/Catender02/Content/PaperAssets/Tiles/Textures/oak_woods_tileset.uexp" 3150
"E:/Unreal Projects/Catender02/Content/PaperAssets/Tiles/oak_woods_tileset_TileSet.uasset" 3151
"E:/Unreal Projects/Catender02/Content/PaperAssets/Tiles/oak_woods_tileset_TileSet.uexp" 3152
"E:/Unreal Projects/Catender02/Content/PaperAssets/Tiles/oak_woods_tileset_TileMap.uasset" 3153
"E:/Unreal Projects/Catender02/Content/PaperAssets/Tiles/oak_woods_tileset_TileMap.uexp" 3154
"E:/Unreal Projects/Catender02/Content/PaperAssets/Buildings/Shop/Textures/Shop_d.uasset" 3155
"E:/Unreal Projects/Catender02/Content/PaperAssets/Buildings/Shop/Textures/Shop_d.uexp" 3156
"E:/Unreal Projects/Catender02/Content/PaperAssets/Buildings/Shop/Textures/Shop_n.uasset" 3157
"E:/Unreal Projects/Catender02/Content/PaperAssets/Buildings/Shop/Textures/Shop_n.uexp" 3158
"E:/Unreal Projects/Catender02/Content/PaperAssets/Buildings/Shop/Frames/Shop_Sprite.uasset" 3159
"E:/Unreal Projects/Catender02/Content/PaperAssets/Buildings/Shop/Frames/Shop_Sprite.uexp" 3160
"E:/Unreal Projects/Catender02/Content/PaperAssets/Buildings/Shop/Shop_Finished.uasset" 3161
"E:/Unreal Projects/Catender02/Content/PaperAssets/Buildings/Shop/Shop_Finished.uexp" 3162
"E:/Unreal Projects/Catender02/Content/PaperAssets/Decoration/Frames/rock_3_Normal.uasset" 3163
"E:/Unreal Projects/Catender02/Content/PaperAssets/Decoration/Frames/rock_3_Normal.uexp" 3164
"E:/Unreal Projects/Catender02/Content/PaperAssets/Decoration/Frames/rock_3.uasset" 3165
"E:/Unreal Projects/Catender02/Content/PaperAssets/Decoration/Frames/rock_3.uexp" 3166
"E:/Unreal Projects/Catender02/Content/PaperAssets/Decoration/Frames/rock_3_Sprite.uasset" 3167
"E:/Unreal Projects/Catender02/Content/PaperAssets/Decoration/Frames/rock_3_Sprite.uexp" 3168
"E:/Unreal Projects/Catender02/Content/PaperAssets/Decoration/rock_shop.uasset" 3169
"E:/Unreal Projects/Catender02/Content/PaperAssets/Decoration/rock_shop.uexp" 3170
"E:/Unreal Projects/Catender02/Content/Blueprints/Structures/S_WorkReward.uasset" 3171
"E:/Unreal Projects/Catender02/Content/Blueprints/Structures/S_WorkReward.uexp" 3172
"E:/Unreal Projects/Catender02/Content/Blueprints/Buildings/BP_WorkableBuilding_BASE.uasset" 3173
"E:/Unreal Projects/Catender02/Content/Blueprints/Buildings/BP_WorkableBuilding_BASE.uexp" 3174
"E:/Unreal Projects/Catender02/Content/Blueprints/Buildings/Shop/BP_Shop.uasset" 3175
"E:/Unreal Projects/Catender02/Content/Blueprints/Buildings/Shop/BP_Shop.uexp" 3176
"E:/Unreal Projects/Catender02/Content/SFX/Enemies/Mushroom/Heavy_Game_Punch_14.ubulk" 3177
"E:/Unreal Projects/Catender02/Content/SFX/Enemies/Mushroom/Heavy_Game_Punch_14.uasset" 3178
"E:/Unreal Projects/Catender02/Content/SFX/Enemies/Mushroom/Heavy_Game_Punch_14.uexp" 3179
"E:/Unreal Projects/Catender02/Content/SFX/Enemies/Mushroom/Mushroom_Attack.uasset" 3180
"E:/Unreal Projects/Catender02/Content/SFX/Enemies/Mushroom/Mushroom_Attack.uexp" 3181
"E:/Unreal Projects/Catender02/Content/PaperAssets/Character/Enemies/Mushroom/Textures/Attack.uasset" 3182
"E:/Unreal Projects/Catender02/Content/PaperAssets/Character/Enemies/Mushroom/Textures/Attack.uexp" 3183
"E:/Unreal Projects/Catender02/Content/PaperAssets/Character/Enemies/Mushroom/Frames/Attack_Sprite_0.uasset" 3184
"E:/Unreal Projects/Catender02/Content/PaperAssets/Character/Enemies/Mushroom/Frames/Attack_Sprite_0.uexp" 3185
"E:/Unreal Projects/Catender02/Content/PaperAssets/Character/Enemies/Mushroom/Frames/Attack_Sprite_1.uasset" 3186
"E:/Unreal Projects/Catender02/Content/PaperAssets/Character/Enemies/Mushroom/Frames/Attack_Sprite_1.uexp" 3187
"E:/Unreal Projects/Catender02/Content/PaperAssets/Character/Enemies/Mushroom/Frames/Attack_Sprite_2.uasset" 3188
"E:/Unreal Projects/Catender02/Content/PaperAssets/Character/Enemies/Mushroom/Frames/Attack_Sprite_2.uexp" 3189
"E:/Unreal Projects/Catender02/Content/PaperAssets/Character/Enemies/Mushroom/Frames/Attack_Sprite_3.uasset" 3190
"E:/Unreal Projects/Catender02/Content/PaperAssets/Character/Enemies/Mushroom/Frames/Attack_Sprite_3.uexp" 3191
"E:/Unreal Projects/Catender02/Content/PaperAssets/Character/Enemies/Mushroom/Frames/Attack_Sprite_4.uasset" 3192
"E:/Unreal Projects/Catender02/Content/PaperAssets/Character/Enemies/Mushroom/Frames/Attack_Sprite_4.uexp" 3193
"E:/Unreal Projects/Catender02/Content/PaperAssets/Character/Enemies/Mushroom/Frames/Attack_Sprite_5.uasset" 3194
"E:/Unreal Projects/Catender02/Content/PaperAssets/Character/Enemies/Mushroom/Frames/Attack_Sprite_5.uexp" 3195
"E:/Unreal Projects/Catender02/Content/PaperAssets/Character/Enemies/Mushroom/Frames/Attack_Sprite_6.uasset" 3196
"E:/Unreal Projects/Catender02/Content/PaperAssets/Character/Enemies/Mushroom/Frames/Attack_Sprite_6.uexp" 3197
"E:/Unreal Projects/Catender02/Content/PaperAssets/Character/Enemies/Mushroom/Frames/Attack_Sprite_7.uasset" 3198
"E:/Unreal Projects/Catender02/Content/PaperAssets/Character/Enemies/Mushroom/Frames/Attack_Sprite_7.uexp" 3199
"E:/Unreal Projects/Catender02/Content/PaperAssets/Character/Enemies/Mushroom/Mushroom_Attack.uasset" 3200
"E:/Unreal Projects/Catender02/Content/PaperAssets/Character/Enemies/Mushroom/Mushroom_Attack.uexp" 3201
"E:/Unreal Projects/Catender02/Content/Animation/Character/Enemies/Mushroom/AS_Mushroom.uasset" 3202
"E:/Unreal Projects/Catender02/Content/Animation/Character/Enemies/Mushroom/AS_Mushroom.uexp" 3203
"E:/Unreal Projects/Catender02/Content/Animation/Character/Enemies/Mushroom/AnimSequences/Attack.uasset" 3204
"E:/Unreal Projects/Catender02/Content/Animation/Character/Enemies/Mushroom/AnimSequences/Attack.uexp" 3205
"E:/Unreal Projects/Catender02/Content/PaperAssets/Character/Enemies/Mushroom/Textures/Idle.uasset" 3206
"E:/Unreal Projects/Catender02/Content/PaperAssets/Character/Enemies/Mushroom/Textures/Idle.uexp" 3207
"E:/Unreal Projects/Catender02/Content/PaperAssets/Character/Enemies/Mushroom/Frames/Idle_Sprite_0.uasset" 3208
"E:/Unreal Projects/Catender02/Content/PaperAssets/Character/Enemies/Mushroom/Frames/Idle_Sprite_0.uexp" 3209
"E:/Unreal Projects/Catender02/Content/PaperAssets/Character/Enemies/Mushroom/Frames/Idle_Sprite_1.uasset" 3210
"E:/Unreal Projects/Catender02/Content/PaperAssets/Character/Enemies/Mushroom/Frames/Idle_Sprite_1.uexp" 3211
"E:/Unreal Projects/Catender02/Content/PaperAssets/Character/Enemies/Mushroom/Frames/Idle_Sprite_2.uasset" 3212
"E:/Unreal Projects/Catender02/Content/PaperAssets/Character/Enemies/Mushroom/Frames/Idle_Sprite_2.uexp" 3213
"E:/Unreal Projects/Catender02/Content/PaperAssets/Character/Enemies/Mushroom/Frames/Idle_Sprite_3.uasset" 3214
"E:/Unreal Projects/Catender02/Content/PaperAssets/Character/Enemies/Mushroom/Frames/Idle_Sprite_3.uexp" 3215
"E:/Unreal Projects/Catender02/Content/PaperAssets/Character/Enemies/Mushroom/Mushroom_Idle.uasset" 3216
"E:/Unreal Projects/Catender02/Content/PaperAssets/Character/Enemies/Mushroom/Mushroom_Idle.uexp" 3217
"E:/Unreal Projects/Catender02/Content/Animation/Character/Enemies/Mushroom/AnimSequences/Idle.uasset" 3218
"E:/Unreal Projects/Catender02/Content/Animation/Character/Enemies/Mushroom/AnimSequences/Idle.uexp" 3219
"E:/Unreal Projects/Catender02/Content/PaperAssets/Character/Enemies/Mushroom/Textures/Death.uasset" 3220
"E:/Unreal Projects/Catender02/Content/PaperAssets/Character/Enemies/Mushroom/Textures/Death.uexp" 3221
"E:/Unreal Projects/Catender02/Content/PaperAssets/Character/Enemies/Mushroom/Frames/Death_Sprite_0.uasset" 3222
"E:/Unreal Projects/Catender02/Content/PaperAssets/Character/Enemies/Mushroom/Frames/Death_Sprite_0.uexp" 3223
"E:/Unreal Projects/Catender02/Content/PaperAssets/Character/Enemies/Mushroom/Frames/Death_Sprite_1.uasset" 3224
"E:/Unreal Projects/Catender02/Content/PaperAssets/Character/Enemies/Mushroom/Frames/Death_Sprite_1.uexp" 3225
"E:/Unreal Projects/Catender02/Content/PaperAssets/Character/Enemies/Mushroom/Frames/Death_Sprite_2.uasset" 3226
"E:/Unreal Projects/Catender02/Content/PaperAssets/Character/Enemies/Mushroom/Frames/Death_Sprite_2.uexp" 3227
"E:/Unreal Projects/Catender02/Content/PaperAssets/Character/Enemies/Mushroom/Frames/Death_Sprite_3.uasset" 3228
"E:/Unreal Projects/Catender02/Content/PaperAssets/Character/Enemies/Mushroom/Frames/Death_Sprite_3.uexp" 3229
"E:/Unreal Projects/Catender02/Content/PaperAssets/Character/Enemies/Mushroom/Mushroom_Death.uasset" 3230
"E:/Unreal Projects/Catender02/Content/PaperAssets/Character/Enemies/Mushroom/Mushroom_Death.uexp" 3231
"E:/Unreal Projects/Catender02/Content/Animation/Character/Enemies/Mushroom/AnimSequences/Death.uasset" 3232
"E:/Unreal Projects/Catender02/Content/Animation/Character/Enemies/Mushroom/AnimSequences/Death.uexp" 3233
"E:/Unreal Projects/Catender02/Content/SFX/Enemies/Mushroom/Realistic_Punch_8.ubulk" 3234
"E:/Unreal Projects/Catender02/Content/SFX/Enemies/Mushroom/Realistic_Punch_8.uasset" 3235
"E:/Unreal Projects/Catender02/Content/SFX/Enemies/Mushroom/Realistic_Punch_8.uexp" 3236
"E:/Unreal Projects/Catender02/Content/SFX/Enemies/Mushroom/Realistic_Punch_9.ubulk" 3237
"E:/Unreal Projects/Catender02/Content/SFX/Enemies/Mushroom/Realistic_Punch_9.uasset" 3238
"E:/Unreal Projects/Catender02/Content/SFX/Enemies/Mushroom/Realistic_Punch_9.uexp" 3239
"E:/Unreal Projects/Catender02/Content/SFX/Enemies/Mushroom/Mushroom_Hit.uasset" 3240
"E:/Unreal Projects/Catender02/Content/SFX/Enemies/Mushroom/Mushroom_Hit.uexp" 3241
"E:/Unreal Projects/Catender02/Content/PaperAssets/Character/Enemies/Mushroom/Textures/Take_Hit.uasset" 3242
"E:/Unreal Projects/Catender02/Content/PaperAssets/Character/Enemies/Mushroom/Textures/Take_Hit.uexp" 3243
"E:/Unreal Projects/Catender02/Content/PaperAssets/Character/Enemies/Mushroom/Frames/Take_Hit_Sprite_0.uasset" 3244
"E:/Unreal Projects/Catender02/Content/PaperAssets/Character/Enemies/Mushroom/Frames/Take_Hit_Sprite_0.uexp" 3245
"E:/Unreal Projects/Catender02/Content/PaperAssets/Character/Enemies/Mushroom/Frames/Take_Hit_Sprite_1.uasset" 3246
"E:/Unreal Projects/Catender02/Content/PaperAssets/Character/Enemies/Mushroom/Frames/Take_Hit_Sprite_1.uexp" 3247
"E:/Unreal Projects/Catender02/Content/PaperAssets/Character/Enemies/Mushroom/Frames/Take_Hit_Sprite_2.uasset" 3248
"E:/Unreal Projects/Catender02/Content/PaperAssets/Character/Enemies/Mushroom/Frames/Take_Hit_Sprite_2.uexp" 3249
"E:/Unreal Projects/Catender02/Content/PaperAssets/Character/Enemies/Mushroom/Frames/Take_Hit_Sprite_3.uasset" 3250
"E:/Unreal Projects/Catender02/Content/PaperAssets/Character/Enemies/Mushroom/Frames/Take_Hit_Sprite_3.uexp" 3251
"E:/Unreal Projects/Catender02/Content/PaperAssets/Character/Enemies/Mushroom/Mushroom_Hit.uasset" 3252
"E:/Unreal Projects/Catender02/Content/PaperAssets/Character/Enemies/Mushroom/Mushroom_Hit.uexp" 3253
"E:/Unreal Projects/Catender02/Content/Animation/Character/Enemies/Mushroom/AnimSequences/Hit.uasset" 3254
"E:/Unreal Projects/Catender02/Content/Animation/Character/Enemies/Mushroom/AnimSequences/Hit.uexp" 3255
"E:/Unreal Projects/Catender02/Content/PaperAssets/Character/Enemies/Mushroom/Textures/Run.uasset" 3256
"E:/Unreal Projects/Catender02/Content/PaperAssets/Character/Enemies/Mushroom/Textures/Run.uexp" 3257
"E:/Unreal Projects/Catender02/Content/PaperAssets/Character/Enemies/Mushroom/Frames/Run_Sprite_0.uasset" 3258
"E:/Unreal Projects/Catender02/Content/PaperAssets/Character/Enemies/Mushroom/Frames/Run_Sprite_0.uexp" 3259
"E:/Unreal Projects/Catender02/Content/PaperAssets/Character/Enemies/Mushroom/Frames/Run_Sprite_1.uasset" 3260
"E:/Unreal Projects/Catender02/Content/PaperAssets/Character/Enemies/Mushroom/Frames/Run_Sprite_1.uexp" 3261
"E:/Unreal Projects/Catender02/Content/PaperAssets/Character/Enemies/Mushroom/Frames/Run_Sprite_2.uasset" 3262
"E:/Unreal Projects/Catender02/Content/PaperAssets/Character/Enemies/Mushroom/Frames/Run_Sprite_2.uexp" 3263
"E:/Unreal Projects/Catender02/Content/PaperAssets/Character/Enemies/Mushroom/Frames/Run_Sprite_3.uasset" 3264
"E:/Unreal Projects/Catender02/Content/PaperAssets/Character/Enemies/Mushroom/Frames/Run_Sprite_3.uexp" 3265
"E:/Unreal Projects/Catender02/Content/PaperAssets/Character/Enemies/Mushroom/Frames/Run_Sprite_4.uasset" 3266
"E:/Unreal Projects/Catender02/Content/PaperAssets/Character/Enemies/Mushroom/Frames/Run_Sprite_4.uexp" 3267
"E:/Unreal Projects/Catender02/Content/PaperAssets/Character/Enemies/Mushroom/Frames/Run_Sprite_5.uasset" 3268
"E:/Unreal Projects/Catender02/Content/PaperAssets/Character/Enemies/Mushroom/Frames/Run_Sprite_5.uexp" 3269
"E:/Unreal Projects/Catender02/Content/PaperAssets/Character/Enemies/Mushroom/Frames/Run_Sprite_6.uasset" 3270
"E:/Unreal Projects/Catender02/Content/PaperAssets/Character/Enemies/Mushroom/Frames/Run_Sprite_6.uexp" 3271
"E:/Unreal Projects/Catender02/Content/PaperAssets/Character/Enemies/Mushroom/Frames/Run_Sprite_7.uasset" 3272
"E:/Unreal Projects/Catender02/Content/PaperAssets/Character/Enemies/Mushroom/Frames/Run_Sprite_7.uexp" 3273
"E:/Unreal Projects/Catender02/Content/PaperAssets/Character/Enemies/Mushroom/Mushroom_Run.uasset" 3274
"E:/Unreal Projects/Catender02/Content/PaperAssets/Character/Enemies/Mushroom/Mushroom_Run.uexp" 3275
"E:/Unreal Projects/Catender02/Content/Animation/Character/Enemies/Mushroom/AnimSequences/Run.uasset" 3276
"E:/Unreal Projects/Catender02/Content/Animation/Character/Enemies/Mushroom/AnimSequences/Run.uexp" 3277
"E:/Unreal Projects/Catender02/Content/Animation/Character/Enemies/Mushroom/ABP_Mushroom.uasset" 3278
"E:/Unreal Projects/Catender02/Content/Animation/Character/Enemies/Mushroom/ABP_Mushroom.uexp" 3279
"E:/Unreal Projects/Catender02/Content/PaperAssets/Decoration/Frames/Bush3_D.uasset" 3280
"E:/Unreal Projects/Catender02/Content/PaperAssets/Decoration/Frames/Bush3_D.uexp" 3281
"E:/Unreal Projects/Catender02/Content/PaperAssets/Decoration/Frames/Bush3_N.uasset" 3282
"E:/Unreal Projects/Catender02/Content/PaperAssets/Decoration/Frames/Bush3_N.uexp" 3283
"E:/Unreal Projects/Catender02/Content/PaperAssets/Decoration/Frames/Bush3_D_Sprite.uasset" 3284
"E:/Unreal Projects/Catender02/Content/PaperAssets/Decoration/Frames/Bush3_D_Sprite.uexp" 3285
"E:/Unreal Projects/Catender02/Content/PaperAssets/Decoration/Bush2.uasset" 3286
"E:/Unreal Projects/Catender02/Content/PaperAssets/Decoration/Bush2.uexp" 3287
"E:/Unreal Projects/Catender02/Content/Blueprints/Character/EnemyNPC/BP_Enemy_BASE.uasset" 3288
"E:/Unreal Projects/Catender02/Content/Blueprints/Character/EnemyNPC/BP_Enemy_BASE.uexp" 3289
"E:/Unreal Projects/Catender02/Content/Blueprints/Character/EnemyNPC/Mushroom/BP_Enemy_Mushroom.uasset" 3290
"E:/Unreal Projects/Catender02/Content/Blueprints/Character/EnemyNPC/Mushroom/BP_Enemy_Mushroom.uexp" 3291
"E:/Unreal Projects/Catender02/Content/Blueprints/Props/EnemySpawner/BP_EnemySpawner.uasset" 3292
"E:/Unreal Projects/Catender02/Content/Blueprints/Props/EnemySpawner/BP_EnemySpawner.uexp" 3293
"E:/Unreal Projects/Catender02/Content/PaperAssets/Decoration/Frames/lamp_Normal.uasset" 3294
"E:/Unreal Projects/Catender02/Content/PaperAssets/Decoration/Frames/lamp_Normal.uexp" 3295
"E:/Unreal Projects/Catender02/Content/PaperAssets/Decoration/Frames/lamp.uasset" 3296
"E:/Unreal Projects/Catender02/Content/PaperAssets/Decoration/Frames/lamp.uexp" 3297
"E:/Unreal Projects/Catender02/Content/PaperAssets/Decoration/Frames/lamp_Sprite.uasset" 3298
"E:/Unreal Projects/Catender02/Content/PaperAssets/Decoration/Frames/lamp_Sprite.uexp" 3299
"E:/Unreal Projects/Catender02/Content/PaperAssets/Decoration/lamp_Flipbook.uasset" 3300
"E:/Unreal Projects/Catender02/Content/PaperAssets/Decoration/lamp_Flipbook.uexp" 3301
"E:/Unreal Projects/Catender02/Content/Blueprints/Decoration/BP_Latern.uasset" 3302
"E:/Unreal Projects/Catender02/Content/Blueprints/Decoration/BP_Latern.uexp" 3303
"E:/Unreal Projects/Catender02/Content/PaperAssets/Buildings/HQ/Textures/Bonfire_inactive1.uasset" 3304
"E:/Unreal Projects/Catender02/Content/PaperAssets/Buildings/HQ/Textures/Bonfire_inactive1.uexp" 3305
"E:/Unreal Projects/Catender02/Content/PaperAssets/Buildings/HQ/Textures/Bonfire_inactive1_N.uasset" 3306
"E:/Unreal Projects/Catender02/Content/PaperAssets/Buildings/HQ/Textures/Bonfire_inactive1_N.uexp" 3307
"E:/Unreal Projects/Catender02/Content/PaperAssets/Buildings/HQ/Frames/Bonfire_inactive1_Sprite.uasset" 3308
"E:/Unreal Projects/Catender02/Content/PaperAssets/Buildings/HQ/Frames/Bonfire_inactive1_Sprite.uexp" 3309
"E:/Unreal Projects/Catender02/Content/PaperAssets/Buildings/HQ/Bonfire_inactive.uasset" 3310
"E:/Unreal Projects/Catender02/Content/PaperAssets/Buildings/HQ/Bonfire_inactive.uexp" 3311
"E:/Unreal Projects/Catender02/Content/PaperAssets/Buildings/HQ/Textures/HQ1_Finished_n.uasset" 3312
"E:/Unreal Projects/Catender02/Content/PaperAssets/Buildings/HQ/Textures/HQ1_Finished_n.uexp" 3313
"E:/Unreal Projects/Catender02/Content/PaperAssets/Buildings/HQ/Textures/HQ1_Finished_d.uasset" 3314
"E:/Unreal Projects/Catender02/Content/PaperAssets/Buildings/HQ/Textures/HQ1_Finished_d.uexp" 3315
"E:/Unreal Projects/Catender02/Content/PaperAssets/Buildings/HQ/Frames/HQ1_Finished_d_Sprite_0.uasset" 3316
"E:/Unreal Projects/Catender02/Content/PaperAssets/Buildings/HQ/Frames/HQ1_Finished_d_Sprite_0.uexp" 3317
"E:/Unreal Projects/Catender02/Content/PaperAssets/Buildings/HQ/Frames/HQ1_Finished_d_Sprite_1.uasset" 3318
"E:/Unreal Projects/Catender02/Content/PaperAssets/Buildings/HQ/Frames/HQ1_Finished_d_Sprite_1.uexp" 3319
"E:/Unreal Projects/Catender02/Content/PaperAssets/Buildings/HQ/Frames/HQ1_Finished_d_Sprite_2.uasset" 3320
"E:/Unreal Projects/Catender02/Content/PaperAssets/Buildings/HQ/Frames/HQ1_Finished_d_Sprite_2.uexp" 3321
"E:/Unreal Projects/Catender02/Content/PaperAssets/Buildings/HQ/Frames/HQ1_Finished_d_Sprite_3.uasset" 3322
"E:/Unreal Projects/Catender02/Content/PaperAssets/Buildings/HQ/Frames/HQ1_Finished_d_Sprite_3.uexp" 3323
"E:/Unreal Projects/Catender02/Content/PaperAssets/Buildings/HQ/HQ1_Finished.uasset" 3324
"E:/Unreal Projects/Catender02/Content/PaperAssets/Buildings/HQ/HQ1_Finished.uexp" 3325
"E:/Unreal Projects/Catender02/Content/UI/Menues/WBP_GameOverMenue.uasset" 3326
"E:/Unreal Projects/Catender02/Content/UI/Menues/WBP_GameOverMenue.uexp" 3327
"E:/Unreal Projects/Catender02/Content/PaperAssets/Buildings/HQ/Textures/HQ1_Construction_n.uasset" 3328
"E:/Unreal Projects/Catender02/Content/PaperAssets/Buildings/HQ/Textures/HQ1_Construction_n.uexp" 3329
"E:/Unreal Projects/Catender02/Content/PaperAssets/Buildings/HQ/Textures/HQ1_Construction_d.uasset" 3330
"E:/Unreal Projects/Catender02/Content/PaperAssets/Buildings/HQ/Textures/HQ1_Construction_d.uexp" 3331
"E:/Unreal Projects/Catender02/Content/PaperAssets/Buildings/HQ/Frames/HQ1_Construction_d_Sprite.uasset" 3332
"E:/Unreal Projects/Catender02/Content/PaperAssets/Buildings/HQ/Frames/HQ1_Construction_d_Sprite.uexp" 3333
"E:/Unreal Projects/Catender02/Content/PaperAssets/Buildings/HQ/HQ1_Construction.uasset" 3334
"E:/Unreal Projects/Catender02/Content/PaperAssets/Buildings/HQ/HQ1_Construction.uexp" 3335
"E:/Unreal Projects/Catender02/Content/PaperAssets/Buildings/HQ/Textures/HQ2_Finished_d.uasset" 3336
"E:/Unreal Projects/Catender02/Content/PaperAssets/Buildings/HQ/Textures/HQ2_Finished_d.uexp" 3337
"E:/Unreal Projects/Catender02/Content/PaperAssets/Buildings/HQ/Textures/HQ2_Finished_n.uasset" 3338
"E:/Unreal Projects/Catender02/Content/PaperAssets/Buildings/HQ/Textures/HQ2_Finished_n.uexp" 3339
"E:/Unreal Projects/Catender02/Content/PaperAssets/Buildings/HQ/Frames/HQ2_Finished_d_Sprite_0.uasset" 3340
"E:/Unreal Projects/Catender02/Content/PaperAssets/Buildings/HQ/Frames/HQ2_Finished_d_Sprite_0.uexp" 3341
"E:/Unreal Projects/Catender02/Content/PaperAssets/Buildings/HQ/Frames/HQ2_Finished_d_Sprite_1.uasset" 3342
"E:/Unreal Projects/Catender02/Content/PaperAssets/Buildings/HQ/Frames/HQ2_Finished_d_Sprite_1.uexp" 3343
"E:/Unreal Projects/Catender02/Content/PaperAssets/Buildings/HQ/Frames/HQ2_Finished_d_Sprite_2.uasset" 3344
"E:/Unreal Projects/Catender02/Content/PaperAssets/Buildings/HQ/Frames/HQ2_Finished_d_Sprite_2.uexp" 3345
"E:/Unreal Projects/Catender02/Content/PaperAssets/Buildings/HQ/Frames/HQ2_Finished_d_Sprite_3.uasset" 3346
"E:/Unreal Projects/Catender02/Content/PaperAssets/Buildings/HQ/Frames/HQ2_Finished_d_Sprite_3.uexp" 3347
"E:/Unreal Projects/Catender02/Content/PaperAssets/Buildings/HQ/HQ2_Finished.uasset" 3348
"E:/Unreal Projects/Catender02/Content/PaperAssets/Buildings/HQ/HQ2_Finished.uexp" 3349
"E:/Unreal Projects/Catender02/Content/Blueprints/Buildings/HQ/BP_HQ.uasset" 3350
"E:/Unreal Projects/Catender02/Content/Blueprints/Buildings/HQ/BP_HQ.uexp" 3351
"E:/Unreal Projects/Catender02/Content/PaperAssets/Decoration/Frames/Pumpkin1_D.uasset" 3352
"E:/Unreal Projects/Catender02/Content/PaperAssets/Decoration/Frames/Pumpkin1_D.uexp" 3353
"E:/Unreal Projects/Catender02/Content/PaperAssets/Decoration/Frames/Pumpkin1_N.uasset" 3354
"E:/Unreal Projects/Catender02/Content/PaperAssets/Decoration/Frames/Pumpkin1_N.uexp" 3355
"E:/Unreal Projects/Catender02/Content/PaperAssets/Decoration/Frames/Pumpkin1_D_Sprite.uasset" 3356
"E:/Unreal Projects/Catender02/Content/PaperAssets/Decoration/Frames/Pumpkin1_D_Sprite.uexp" 3357
"E:/Unreal Projects/Catender02/Content/PaperAssets/Decoration/Pumpkin.uasset" 3358
"E:/Unreal Projects/Catender02/Content/PaperAssets/Decoration/Pumpkin.uexp" 3359
"E:/Unreal Projects/Catender02/Content/Blueprints/Decoration/BP_Pumpkin1.uasset" 3360
"E:/Unreal Projects/Catender02/Content/Blueprints/Decoration/BP_Pumpkin1.uexp" 3361
"E:/Unreal Projects/Catender02/Content/PaperAssets/Decoration/Frames/Mushroom1_N.uasset" 3362
"E:/Unreal Projects/Catender02/Content/PaperAssets/Decoration/Frames/Mushroom1_N.uexp" 3363
"E:/Unreal Projects/Catender02/Content/PaperAssets/Decoration/Frames/Mushroom1_D.uasset" 3364
"E:/Unreal Projects/Catender02/Content/PaperAssets/Decoration/Frames/Mushroom1_D.uexp" 3365
"E:/Unreal Projects/Catender02/Content/PaperAssets/Decoration/Frames/Mushroom1_D_Sprite.uasset" 3366
"E:/Unreal Projects/Catender02/Content/PaperAssets/Decoration/Frames/Mushroom1_D_Sprite.uexp" 3367
"E:/Unreal Projects/Catender02/Content/PaperAssets/Decoration/Mushroom.uasset" 3368
"E:/Unreal Projects/Catender02/Content/PaperAssets/Decoration/Mushroom.uexp" 3369
"E:/Unreal Projects/Catender02/Content/Blueprints/Decoration/BP_Mushroom1.uasset" 3370
"E:/Unreal Projects/Catender02/Content/Blueprints/Decoration/BP_Mushroom1.uexp" 3371
"E:/Unreal Projects/Catender02/Content/Maps/MAP_Level.uexp" 3372
"E:/Unreal Projects/Catender02/Content/Maps/MAP_Level.umap" 3373
"E:/Unreal Projects/Catender02/Content/Blueprints/Decoration/BP_Bush3.uasset" 3374
"E:/Unreal Projects/Catender02/Content/Blueprints/Decoration/BP_Bush3.uexp" 3375
"E:/Unreal Projects/Catender02/Content/PaperAssets/Decoration/Frames/Bush2_D.uasset" 3376
"E:/Unreal Projects/Catender02/Content/PaperAssets/Decoration/Frames/Bush2_D.uexp" 3377
"E:/Unreal Projects/Catender02/Content/PaperAssets/Decoration/Frames/Bush2_N.uasset" 3378
"E:/Unreal Projects/Catender02/Content/PaperAssets/Decoration/Frames/Bush2_N.uexp" 3379
"E:/Unreal Projects/Catender02/Content/PaperAssets/Decoration/Frames/Bush2_D_Sprite.uasset" 3380
"E:/Unreal Projects/Catender02/Content/PaperAssets/Decoration/Frames/Bush2_D_Sprite.uexp" 3381
"E:/Unreal Projects/Catender02/Content/PaperAssets/Decoration/Bush1.uasset" 3382
"E:/Unreal Projects/Catender02/Content/PaperAssets/Decoration/Bush1.uexp" 3383
"E:/Unreal Projects/Catender02/Content/Blueprints/Decoration/BP_Bush2.uasset" 3384
"E:/Unreal Projects/Catender02/Content/Blueprints/Decoration/BP_Bush2.uexp" 3385
"E:/Unreal Projects/Catender02/Content/PaperAssets/Decoration/Frames/Mushroom2_N.uasset" 3386
"E:/Unreal Projects/Catender02/Content/PaperAssets/Decoration/Frames/Mushroom2_N.uexp" 3387
"E:/Unreal Projects/Catender02/Content/PaperAssets/Decoration/Frames/Mushroom2_D.uasset" 3388
"E:/Unreal Projects/Catender02/Content/PaperAssets/Decoration/Frames/Mushroom2_D.uexp" 3389
"E:/Unreal Projects/Catender02/Content/PaperAssets/Decoration/Frames/Mushroom2_D_Sprite.uasset" 3390
"E:/Unreal Projects/Catender02/Content/PaperAssets/Decoration/Frames/Mushroom2_D_Sprite.uexp" 3391
"E:/Unreal Projects/Catender02/Content/PaperAssets/Decoration/Mushroom1.uasset" 3392
"E:/Unreal Projects/Catender02/Content/PaperAssets/Decoration/Mushroom1.uexp" 3393
"E:/Unreal Projects/Catender02/Content/Blueprints/Decoration/BP_Mushroom2.uasset" 3394
"E:/Unreal Projects/Catender02/Content/Blueprints/Decoration/BP_Mushroom2.uexp" 3395
"E:/Unreal Projects/Catender02/Content/PaperAssets/Decoration/Frames/Pumpkin2_D.uasset" 3396
"E:/Unreal Projects/Catender02/Content/PaperAssets/Decoration/Frames/Pumpkin2_D.uexp" 3397
"E:/Unreal Projects/Catender02/Content/PaperAssets/Decoration/Frames/Pumpkin2_N.uasset" 3398
"E:/Unreal Projects/Catender02/Content/PaperAssets/Decoration/Frames/Pumpkin2_N.uexp" 3399
"E:/Unreal Projects/Catender02/Content/PaperAssets/Decoration/Frames/Pumpkin2_D_Sprite.uasset" 3400
"E:/Unreal Projects/Catender02/Content/PaperAssets/Decoration/Frames/Pumpkin2_D_Sprite.uexp" 3401
"E:/Unreal Projects/Catender02/Content/PaperAssets/Decoration/Pumpkin1.uasset" 3402
"E:/Unreal Projects/Catender02/Content/PaperAssets/Decoration/Pumpkin1.uexp" 3403
"E:/Unreal Projects/Catender02/Content/Blueprints/Decoration/BP_Pumpkin2.uasset" 3404
"E:/Unreal Projects/Catender02/Content/Blueprints/Decoration/BP_Pumpkin2.uexp" 3405
"E:/Unreal Projects/Catender02/Content/PaperAssets/Decoration/Frames/sign_Normal.uasset" 3406
"E:/Unreal Projects/Catender02/Content/PaperAssets/Decoration/Frames/sign_Normal.uexp" 3407
"E:/Unreal Projects/Catender02/Content/PaperAssets/Decoration/Frames/sign.uasset" 3408
"E:/Unreal Projects/Catender02/Content/PaperAssets/Decoration/Frames/sign.uexp" 3409
"E:/Unreal Projects/Catender02/Content/PaperAssets/Decoration/Frames/sign_Sprite.uasset" 3410
"E:/Unreal Projects/Catender02/Content/PaperAssets/Decoration/Frames/sign_Sprite.uexp" 3411
"E:/Unreal Projects/Catender02/Content/PaperAssets/Decoration/sign_Flipbook.uasset" 3412
"E:/Unreal Projects/Catender02/Content/PaperAssets/Decoration/sign_Flipbook.uexp" 3413
"E:/Unreal Projects/Catender02/Content/Blueprints/Decoration/BP_Sign2.uasset" 3414
"E:/Unreal Projects/Catender02/Content/Blueprints/Decoration/BP_Sign2.uexp" 3415
"E:/Unreal Projects/Catender02/Content/PaperAssets/Decoration/Frames/Leaf2_N.uasset" 3416
"E:/Unreal Projects/Catender02/Content/PaperAssets/Decoration/Frames/Leaf2_N.uexp" 3417
"E:/Unreal Projects/Catender02/Content/PaperAssets/Decoration/Frames/Leaf2_D.uasset" 3418
"E:/Unreal Projects/Catender02/Content/PaperAssets/Decoration/Frames/Leaf2_D.uexp" 3419
"E:/Unreal Projects/Catender02/Content/PaperAssets/Decoration/Frames/Leaf2_D_Sprite.uasset" 3420
"E:/Unreal Projects/Catender02/Content/PaperAssets/Decoration/Frames/Leaf2_D_Sprite.uexp" 3421
"E:/Unreal Projects/Catender02/Content/PaperAssets/Decoration/Leaf1.uasset" 3422
"E:/Unreal Projects/Catender02/Content/PaperAssets/Decoration/Leaf1.uexp" 3423
"E:/Unreal Projects/Catender02/Content/Blueprints/Decoration/BP_Leaf2.uasset" 3424
"E:/Unreal Projects/Catender02/Content/Blueprints/Decoration/BP_Leaf2.uexp" 3425
"E:/Unreal Projects/Catender02/Content/PaperAssets/Buildings/Tower/Tower_Construction.ubulk" 3426
"E:/Unreal Projects/Catender02/Content/PaperAssets/Buildings/Tower/Tower_Construction.uasset" 3427
"E:/Unreal Projects/Catender02/Content/PaperAssets/Buildings/Tower/Tower_Construction.uexp" 3428
"E:/Unreal Projects/Catender02/Content/PaperAssets/Buildings/Tower/Tower_Construction_Normal.ubulk" 3429
"E:/Unreal Projects/Catender02/Content/PaperAssets/Buildings/Tower/Tower_Construction_Normal.uasset" 3430
"E:/Unreal Projects/Catender02/Content/PaperAssets/Buildings/Tower/Tower_Construction_Normal.uexp" 3431
"E:/Unreal Projects/Catender02/Content/PaperAssets/Buildings/Tower/Tower_Construction_Sprite.uasset" 3432
"E:/Unreal Projects/Catender02/Content/PaperAssets/Buildings/Tower/Tower_Construction_Sprite.uexp" 3433
"E:/Unreal Projects/Catender02/Content/PaperAssets/Buildings/Tower/Tower_Construction_Flipbook.uasset" 3434
"E:/Unreal Projects/Catender02/Content/PaperAssets/Buildings/Tower/Tower_Construction_Flipbook.uexp" 3435
"E:/Unreal Projects/Catender02/Content/PaperAssets/Buildings/Tower/Tower_Destroyed.ubulk" 3436
"E:/Unreal Projects/Catender02/Content/PaperAssets/Buildings/Tower/Tower_Destroyed.uasset" 3437
"E:/Unreal Projects/Catender02/Content/PaperAssets/Buildings/Tower/Tower_Destroyed.uexp" 3438
"E:/Unreal Projects/Catender02/Content/PaperAssets/Buildings/Tower/Tower_Destroyed_Normal.ubulk" 3439
"E:/Unreal Projects/Catender02/Content/PaperAssets/Buildings/Tower/Tower_Destroyed_Normal.uasset" 3440
"E:/Unreal Projects/Catender02/Content/PaperAssets/Buildings/Tower/Tower_Destroyed_Normal.uexp" 3441
"E:/Unreal Projects/Catender02/Content/PaperAssets/Buildings/Tower/Tower_Destroyed_Sprite.uasset" 3442
"E:/Unreal Projects/Catender02/Content/PaperAssets/Buildings/Tower/Tower_Destroyed_Sprite.uexp" 3443
"E:/Unreal Projects/Catender02/Content/PaperAssets/Buildings/Tower/Tower_Destroyed_Flipbook.uasset" 3444
"E:/Unreal Projects/Catender02/Content/PaperAssets/Buildings/Tower/Tower_Destroyed_Flipbook.uexp" 3445
"E:/Unreal Projects/Catender02/Content/PaperAssets/Buildings/Tower/Wood_Tower_Red.uasset" 3446
"E:/Unreal Projects/Catender02/Content/PaperAssets/Buildings/Tower/Wood_Tower_Red.uexp" 3447
"E:/Unreal Projects/Catender02/Content/PaperAssets/Buildings/Tower/Wood_Tower_Red_Normal.uasset" 3448
"E:/Unreal Projects/Catender02/Content/PaperAssets/Buildings/Tower/Wood_Tower_Red_Normal.uexp" 3449
"E:/Unreal Projects/Catender02/Content/PaperAssets/Buildings/Tower/Wood_Tower_Red_Sprite_0.uasset" 3450
"E:/Unreal Projects/Catender02/Content/PaperAssets/Buildings/Tower/Wood_Tower_Red_Sprite_0.uexp" 3451
"E:/Unreal Projects/Catender02/Content/PaperAssets/Buildings/Tower/Wood_Tower_Red_Sprite_1.uasset" 3452
"E:/Unreal Projects/Catender02/Content/PaperAssets/Buildings/Tower/Wood_Tower_Red_Sprite_1.uexp" 3453
"E:/Unreal Projects/Catender02/Content/PaperAssets/Buildings/Tower/Wood_Tower_Red_Sprite_2.uasset" 3454
"E:/Unreal Projects/Catender02/Content/PaperAssets/Buildings/Tower/Wood_Tower_Red_Sprite_2.uexp" 3455
"E:/Unreal Projects/Catender02/Content/PaperAssets/Buildings/Tower/Wood_Tower_Red_Sprite_3.uasset" 3456
"E:/Unreal Projects/Catender02/Content/PaperAssets/Buildings/Tower/Wood_Tower_Red_Sprite_3.uexp" 3457
"E:/Unreal Projects/Catender02/Content/PaperAssets/Buildings/Tower/Wood_Tower_Red1.uasset" 3458
"E:/Unreal Projects/Catender02/Content/PaperAssets/Buildings/Tower/Wood_Tower_Red1.uexp" 3459
"E:/Unreal Projects/Catender02/Content/PaperAssets/Buildings/Tower/Wood_Tower_Destroyed_Normal.uasset" 3460
"E:/Unreal Projects/Catender02/Content/PaperAssets/Buildings/Tower/Wood_Tower_Destroyed_Normal.uexp" 3461
"E:/Unreal Projects/Catender02/Content/PaperAssets/Buildings/Tower/Wood_Tower_Destroyed.uasset" 3462
"E:/Unreal Projects/Catender02/Content/PaperAssets/Buildings/Tower/Wood_Tower_Destroyed.uexp" 3463
"E:/Unreal Projects/Catender02/Content/PaperAssets/Buildings/Tower/Wood_Tower_Destroyed_Sprite.uasset" 3464
"E:/Unreal Projects/Catender02/Content/PaperAssets/Buildings/Tower/Wood_Tower_Destroyed_Sprite.uexp" 3465
"E:/Unreal Projects/Catender02/Content/PaperAssets/Buildings/Tower/Wood_Tower_Destroyed_Flipbook.uasset" 3466
"E:/Unreal Projects/Catender02/Content/PaperAssets/Buildings/Tower/Wood_Tower_Destroyed_Flipbook.uexp" 3467
"E:/Unreal Projects/Catender02/Content/PaperAssets/Buildings/Tower/Wood_Tower_InConstruction_Normal.uasset" 3468
"E:/Unreal Projects/Catender02/Content/PaperAssets/Buildings/Tower/Wood_Tower_InConstruction_Normal.uexp" 3469
"E:/Unreal Projects/Catender02/Content/PaperAssets/Buildings/Tower/Wood_Tower_InConstruction.uasset" 3470
"E:/Unreal Projects/Catender02/Content/PaperAssets/Buildings/Tower/Wood_Tower_InConstruction.uexp" 3471
"E:/Unreal Projects/Catender02/Content/PaperAssets/Buildings/Tower/Wood_Tower_InConstruction_Sprite.uasset" 3472
"E:/Unreal Projects/Catender02/Content/PaperAssets/Buildings/Tower/Wood_Tower_InConstruction_Sprite.uexp" 3473
"E:/Unreal Projects/Catender02/Content/PaperAssets/Buildings/Tower/Wood_Tower_InConstruction_Flipbook.uasset" 3474
"E:/Unreal Projects/Catender02/Content/PaperAssets/Buildings/Tower/Wood_Tower_InConstruction_Flipbook.uexp" 3475
"E:/Unreal Projects/Catender02/Content/PaperAssets/Buildings/Tower/Tower_Red_Normal.ubulk" 3476
"E:/Unreal Projects/Catender02/Content/PaperAssets/Buildings/Tower/Tower_Red_Normal.uasset" 3477
"E:/Unreal Projects/Catender02/Content/PaperAssets/Buildings/Tower/Tower_Red_Normal.uexp" 3478
"E:/Unreal Projects/Catender02/Content/PaperAssets/Buildings/Tower/Tower_Red.ubulk" 3479
"E:/Unreal Projects/Catender02/Content/PaperAssets/Buildings/Tower/Tower_Red.uasset" 3480
"E:/Unreal Projects/Catender02/Content/PaperAssets/Buildings/Tower/Tower_Red.uexp" 3481
"E:/Unreal Projects/Catender02/Content/PaperAssets/Buildings/Tower/Tower_Red_Sprite.uasset" 3482
"E:/Unreal Projects/Catender02/Content/PaperAssets/Buildings/Tower/Tower_Red_Sprite.uexp" 3483
"E:/Unreal Projects/Catender02/Content/PaperAssets/Buildings/Tower/Tower_Red_Flipbook.uasset" 3484
"E:/Unreal Projects/Catender02/Content/PaperAssets/Buildings/Tower/Tower_Red_Flipbook.uexp" 3485
"E:/Unreal Projects/Catender02/Content/Blueprints/Buildings/Tower/BP_Tower.uasset" 3486
"E:/Unreal Projects/Catender02/Content/Blueprints/Buildings/Tower/BP_Tower.uexp" 3487
"E:/Unreal Projects/Catender02/Content/PaperAssets/Decoration/Frames/Mushroom_N.uasset" 3488
"E:/Unreal Projects/Catender02/Content/PaperAssets/Decoration/Frames/Mushroom_N.uexp" 3489
"E:/Unreal Projects/Catender02/Content/PaperAssets/Decoration/Frames/Mushroom_D.uasset" 3490
"E:/Unreal Projects/Catender02/Content/PaperAssets/Decoration/Frames/Mushroom_D.uexp" 3491
"E:/Unreal Projects/Catender02/Content/PaperAssets/Decoration/Frames/Mushroom_D_Sprite.uasset" 3492
"E:/Unreal Projects/Catender02/Content/PaperAssets/Decoration/Frames/Mushroom_D_Sprite.uexp" 3493
"E:/Unreal Projects/Catender02/Content/PaperAssets/Decoration/Mushroom3.uasset" 3494
"E:/Unreal Projects/Catender02/Content/PaperAssets/Decoration/Mushroom3.uexp" 3495
"E:/Unreal Projects/Catender02/Content/Blueprints/Decoration/BP_Mushroom3.uasset" 3496
"E:/Unreal Projects/Catender02/Content/Blueprints/Decoration/BP_Mushroom3.uexp" 3497
"E:/Unreal Projects/Catender02/Content/PaperAssets/Decoration/Frames/SignWarning_N.ubulk" 3498
"E:/Unreal Projects/Catender02/Content/PaperAssets/Decoration/Frames/SignWarning_N.uasset" 3499
"E:/Unreal Projects/Catender02/Content/PaperAssets/Decoration/Frames/SignWarning_N.uexp" 3500
"E:/Unreal Projects/Catender02/Content/PaperAssets/Decoration/Frames/SignWarning_D.ubulk" 3501
"E:/Unreal Projects/Catender02/Content/PaperAssets/Decoration/Frames/SignWarning_D.uasset" 3502
"E:/Unreal Projects/Catender02/Content/PaperAssets/Decoration/Frames/SignWarning_D.uexp" 3503
"E:/Unreal Projects/Catender02/Content/PaperAssets/Decoration/Frames/SignWarning_D_Sprite.uasset" 3504
"E:/Unreal Projects/Catender02/Content/PaperAssets/Decoration/Frames/SignWarning_D_Sprite.uexp" 3505
"E:/Unreal Projects/Catender02/Content/PaperAssets/Decoration/SignWarning_D_Flipbook.uasset" 3506
"E:/Unreal Projects/Catender02/Content/PaperAssets/Decoration/SignWarning_D_Flipbook.uexp" 3507
"E:/Unreal Projects/Catender02/Content/Blueprints/Decoration/BP_SignWarning.uasset" 3508
"E:/Unreal Projects/Catender02/Content/Blueprints/Decoration/BP_SignWarning.uexp" 3509
"E:/Unreal Projects/Catender02/Content/Maps/MAP_DebugLevel.uexp" 3510
"E:/Unreal Projects/Catender02/Content/Maps/MAP_DebugLevel.umap" 3511
"../../../Engine/Content/BasicShapes/Cube.ubulk" 3512
"../../../Engine/Content/BasicShapes/Cube.uasset" 3513
"../../../Engine/Content/BasicShapes/Cube.uexp" 3514
"../../../Engine/Content/EngineMaterials/BlendFunc_DefBlend.uasset" 3515
"../../../Engine/Content/EngineMaterials/BlendFunc_DefBlend.uexp" 3516
"../../../Engine/Content/OpenWorldTemplate/LandscapeMaterial/T_GridChecker_A.ubulk" 3517
"../../../Engine/Content/OpenWorldTemplate/LandscapeMaterial/T_GridChecker_A.uasset" 3518
"../../../Engine/Content/OpenWorldTemplate/LandscapeMaterial/T_GridChecker_A.uexp" 3519
"../../../Engine/Content/EngineMaterials/BlendFunc_DefBase.uasset" 3520
"../../../Engine/Content/EngineMaterials/BlendFunc_DefBase.uexp" 3521
"../../../Engine/Content/Functions/Engine_MaterialFunctions03/Blends/Blend_Overlay.uasset" 3522
"../../../Engine/Content/Functions/Engine_MaterialFunctions03/Blends/Blend_Overlay.uexp" 3523
"../../../Engine/Content/Functions/Engine_MaterialFunctions01/Gradient/LinearGradient.uasset" 3524
"../../../Engine/Content/Functions/Engine_MaterialFunctions01/Gradient/LinearGradient.uexp" 3525
"../../../Engine/Content/Functions/Engine_MaterialFunctions01/ImageAdjustment/CheapContrast.uasset" 3526
"../../../Engine/Content/Functions/Engine_MaterialFunctions01/ImageAdjustment/CheapContrast.uexp" 3527
"../../../Engine/Content/OpenWorldTemplate/LandscapeMaterial/MF_ProcGrid.uasset" 3528
"../../../Engine/Content/OpenWorldTemplate/LandscapeMaterial/MF_ProcGrid.uexp" 3529
"../../../Engine/Content/OpenWorldTemplate/LandscapeMaterial/M_ProcGrid.uasset" 3530
"../../../Engine/Content/OpenWorldTemplate/LandscapeMaterial/M_ProcGrid.uexp" 3531
"../../../Engine/Content/OpenWorldTemplate/LandscapeMaterial/MI_ProcGrid.uasset" 3532
"../../../Engine/Content/OpenWorldTemplate/LandscapeMaterial/MI_ProcGrid.uexp" 3533
"../../../Engine/Content/EngineSky/T_Sky_Stars.ubulk" 3534
"../../../Engine/Content/EngineSky/T_Sky_Stars.uasset" 3535
"../../../Engine/Content/EngineSky/T_Sky_Stars.uexp" 3536
"../../../Engine/Content/EngineSky/T_Sky_Clouds_M.ubulk" 3537
"../../../Engine/Content/EngineSky/T_Sky_Clouds_M.uasset" 3538
"../../../Engine/Content/EngineSky/T_Sky_Clouds_M.uexp" 3539
"../../../Engine/Content/EngineSky/T_Sky_Blue.ubulk" 3540
"../../../Engine/Content/EngineSky/T_Sky_Blue.uasset" 3541
"../../../Engine/Content/EngineSky/T_Sky_Blue.uexp" 3542
"../../../Engine/Content/EngineSky/M_Sky_Panning_Clouds2.uasset" 3543
"../../../Engine/Content/EngineSky/M_Sky_Panning_Clouds2.uexp" 3544
"../../../Engine/Content/EngineSky/SM_SkySphere.ubulk" 3545
"../../../Engine/Content/EngineSky/SM_SkySphere.uasset" 3546
"../../../Engine/Content/EngineSky/SM_SkySphere.uexp" 3547
"../../../Engine/Content/MapTemplates/SM_Template_Map_Floor.ubulk" 3548
"../../../Engine/Content/MapTemplates/SM_Template_Map_Floor.uasset" 3549
"../../../Engine/Content/MapTemplates/SM_Template_Map_Floor.uexp" 3550
"../../../Engine/Content/BasicShapes/BasicShapeMaterial.uasset" 3551
"../../../Engine/Content/BasicShapes/BasicShapeMaterial.uexp" 3552
"../../../Engine/Content/EngineSky/M_SimpleSkyDome.uasset" 3553
"../../../Engine/Content/EngineSky/M_SimpleSkyDome.uexp" 3554
"E:/Unreal Projects/Catender02/Content/Maps/MAP_Debug.uexp" 3555
"E:/Unreal Projects/Catender02/Content/Maps/MAP_Debug.umap" 3556
"../../../Engine/Content/Maps/Entry_BuiltData.uasset" 3557
"../../../Engine/Content/Maps/Entry_BuiltData.uexp" 3558
"../../../Engine/Content/Maps/Entry.uexp" 3559
"../../../Engine/Content/Maps/Entry.umap" 3560
